"feature"	"metadata"	"value"	"name"	"coef"	"null_hypothesis"	"stderr"	"pval_individual"	"qval_individual"	"pval_joint"	"qval_joint"	"error"	"model"	"N"	"N_not_zero"
"GGB22635_SGB63107"	"Sex"	"M"	"SexM"	-2.25536818746242	-0.197565677367378	0.373932781695419	3.89841018992865e-05	0.0459232720373595	7.79666840383721e-05	0.0613950229835642	NA	"abundance"	50	27
"GGB46159_SGB63927"	"Sex"	"M"	"SexM"	2.14162589154764	-0.197565677367378	0.513872312461145	9.1661663742082e-05	0.0539887199440863	0.000183314925623564	0.0613950229835642	NA	"abundance"	50	42
"GGB22635_SGB63107"	"Sex"	"M"	"SexM"	-3.89049514584125	0	1.03445938350723	0.000169305168994095	0.0565080284092129	7.79666840383721e-05	0.0613950229835642	NA	"prevalence"	50	27
"GGB27876_SGB40310"	"Sex"	"M"	"SexM"	-3.29316202901668	0	0.883009146661884	0.000191877855379331	0.0565080284092129	0.000383718893647276	0.0613950229835642	NA	"prevalence"	50	27
"GGB14001_SGB21428"	"Genotype"	"MUT"	"GenotypeMUT"	2.17846958764011	0.518121331076144	0.400327424430384	0.000279645666723338	0.0612066226630666	0.000279645666723338	0.0613950229835642	NA	"abundance"	50	44
"GGB30045_SGB42945"	"Sex"	"M"	"SexM"	-1.65463995570044	-0.197565677367378	0.322115006137472	0.000311748502528353	0.0612066226630666	0.000311748502528353	0.0613950229835642	NA	"abundance"	50	33
"Caniella_muris"	"Genotype"	"MUT"	"GenotypeMUT"	2.74243913284058	0.518121331076144	0.603770363150108	0.00106110488111688	0.0648146887080187	0.00106110488111688	0.0879778306225503	NA	"abundance"	50	35
"GGB30046_SGB42947"	"Sex"	"M"	"SexM"	-1.32217943837723	-0.197565677367378	0.24181276024254	0.000698088388321416	0.0648146887080187	0.00139568944924492	0.0879778306225503	NA	"abundance"	50	25
"GGB70852_SGB95305"	"Sex"	"M"	"SexM"	2.97860671581295	-0.197565677367378	0.793694308849075	0.000644512308646705	0.0648146887080187	0.00128860922117741	0.0879778306225503	NA	"abundance"	50	28
"Acutalibacter_muris"	"Sequencing_Depth"	"Sequencing_Depth"	"Sequencing_Depth"	1.81730686109471	0	0.545245448511795	0.000859128009265178	0.0648146887080187	0.00171751791759405	0.0879778306225503	NA	"prevalence"	50	11
"Adlercreutzia_caecimuris"	"Sex"	"M"	"SexM"	-5.18533239980436	0	1.60565036731391	0.00124038070433473	0.0648146887080187	0.00247922286437777	0.0879778306225503	NA	"prevalence"	50	32
"Bacteroidales_bacterium"	"Sex"	"M"	"SexM"	-2.43030627500741	0	0.745727863019844	0.00111816676752137	0.0648146887080187	0.00223508323812275	0.0879778306225503	NA	"prevalence"	50	28
"GGB1503_SGB2082"	"Genotype"	"MUT"	"GenotypeMUT"	-3.95625528805965	0	1.19428165159818	0.000924115254589595	0.0648146887080187	0.00184737652017542	0.0879778306225503	NA	"prevalence"	50	29
"GGB24132_SGB35935"	"Sex"	"M"	"SexM"	-5.03288164108679	0	1.5290156526592	0.00099625280429194	0.0648146887080187	0.00199151308893382	0.0879778306225503	NA	"prevalence"	50	33
"GGB24146_SGB35950"	"Sex"	"M"	"SexM"	-2.81554085088232	0	0.857352071088247	0.00102346341582246	0.0648146887080187	0.0020458793542814	0.0879778306225503	NA	"prevalence"	50	30
"GGB27884_SGB40318"	"Sex"	"M"	"SexM"	-3.3213959279304	0	0.971745761144319	0.000630905212588303	0.0648146887080187	0.00126141238378933	0.0879778306225503	NA	"prevalence"	50	30
"GGB27919_SGB40357"	"Genotype"	"MUT"	"GenotypeMUT"	-3.90426305488097	0	1.21111436531624	0.0012654820375929	0.0648146887080187	0.00252936263039832	0.0879778306225503	NA	"prevalence"	50	28
"GGB75725_SGB102612"	"Sex"	"M"	"SexM"	-2.59780689720791	0	0.773847226007093	0.000787924646688793	0.0648146887080187	0.00157522846812873	0.0879778306225503	NA	"prevalence"	50	19
"GGB75879_SGB103683"	"Genotype"	"MUT"	"GenotypeMUT"	-3.2305379244094	0	0.965203639570984	0.000816908004106691	0.0648146887080187	0.00163314866952621	0.0879778306225503	NA	"prevalence"	50	27
"Lactobacillus_intestinalis"	"Sex"	"M"	"SexM"	-3.17693800294074	0	0.912204744818505	0.000496379125893704	0.0648146887080187	0.000992511859550786	0.0879778306225503	NA	"prevalence"	50	21
"Muribaculum_gordoncarteri"	"Sex"	"M"	"SexM"	-5.03288164108679	0	1.5290156526592	0.00099625280429194	0.0648146887080187	0.00199151308893382	0.0879778306225503	NA	"prevalence"	50	33
"Muribaculum_intestinale"	"Sex"	"M"	"SexM"	-4.9596942571752	0	1.52770421389042	0.00116832769187887	0.0648146887080187	0.00233529039416213	0.0879778306225503	NA	"prevalence"	50	34
"Parvibacter_caecicola"	"Sex"	"M"	"SexM"	-2.91406582112079	0	0.83353764769624	0.000472250044835343	0.0648146887080187	0.00094427706956584	0.0879778306225503	NA	"prevalence"	50	22
"GGB70852_SGB95305"	"Genotype"	"MUT"	"GenotypeMUT"	-3.73128415090353	0	1.17809779106989	0.0015390866191074	0.0755435015545217	0.00307580445059369	0.10252681501979	NA	"prevalence"	50	28
"GGB9439_SGB42949"	"Genotype"	"MUT"	"GenotypeMUT"	-0.506628895966713	0.518121331076144	0.276670873711329	0.0018839190306128	0.0792591649307814	0.0037642889103117	0.107551111723191	NA	"abundance"	50	32
"Adlercreutzia_aquisgranensis"	"Sex"	"M"	"SexM"	-2.86857294831262	0	0.921561816085352	0.00185365626377071	0.0792591649307814	0.0037038764859972	0.107551111723191	NA	"prevalence"	50	29
"Bacillota_unclassified_SGB63211"	"Sequencing_Depth"	"Sequencing_Depth"	"Sequencing_Depth"	1.53111100949602	0	0.489629098640325	0.00176549857703956	0.0792591649307814	0.00352788016885359	0.107551111723191	NA	"prevalence"	50	14
"GGB29531_SGB42317"	"Sequencing_Depth"	"Sequencing_Depth"	"Sequencing_Depth"	1.87416698807708	0	0.600419408183798	0.00179975197501394	0.0792591649307814	0.00359626484285631	0.107551111723191	NA	"prevalence"	50	9
"Faecalibaculum_rodentium"	"Sequencing_Depth"	"Sequencing_Depth"	"Sequencing_Depth"	0.0740033514257807	-0.488797967236592	0.161684112299099	0.00235477980549648	0.0868987151504069	0.00235477980549648	0.0879778306225503	NA	"abundance"	50	50
"Coriobacteriaceae_bacterium"	"Sex"	"M"	"SexM"	-4.36967551417659	0	1.4370796952094	0.0023605763028973	0.0868987151504069	0.0047155802853128	0.11788950713282	NA	"prevalence"	50	31
"GGB45514_SGB63186"	"Sequencing_Depth"	"Sequencing_Depth"	"Sequencing_Depth"	1.61001468402246	0	0.525064233518582	0.00216711628374311	0.0868987151504069	0.00432953617449896	0.11788950713282	NA	"prevalence"	50	10
"Muribaculaceae_bacterium"	"Sex"	"M"	"SexM"	-2.28254844280097	0	0.750404206414815	0.00235200441941177	0.0868987151504069	0.0046984769140346	0.11788950713282	NA	"prevalence"	50	29
"Akkermansia_muciniphila"	"Sex"	"M"	"SexM"	2.10605667117854	-0.197565677367378	0.710102632900069	0.00291729365810545	0.104138543310552	0.00582607671392327	0.13927640774611	NA	"abundance"	50	44
"GGB27861_SGB40295"	"Sequencing_Depth"	"Sequencing_Depth"	"Sequencing_Depth"	-1.21995947452299	-0.488797967236592	0.190517313531225	0.00354216712198441	0.111504542428399	0.00707178729604874	0.147041916360904	NA	"abundance"	50	17
"GGB30046_SGB42947"	"Sex"	"M"	"SexM"	-2.47411883966892	0	0.846152891248781	0.00345607014043999	0.111504542428399	0.00139568944924492	0.0879778306225503	NA	"prevalence"	50	25
"GGB75726_SGB102611"	"Sequencing_Depth"	"Sequencing_Depth"	"Sequencing_Depth"	1.40622067751282	0	0.483524556138767	0.00363432683089046	0.111504542428399	0.0072554453302672	0.147041916360904	NA	"prevalence"	50	10
"Lepagella_muris"	"Sex"	"M"	"SexM"	-1.95912413297133	0	0.674773435877704	0.00369157653200981	0.111504542428399	0.00736952532672793	0.147041916360904	NA	"prevalence"	50	26
"Ligilactobacillus_murinus"	"Sequencing_Depth"	"Sequencing_Depth"	"Sequencing_Depth"	2.23328098371286	0	0.766001655217557	0.00355114415309587	0.111504542428399	0.00708967768139567	0.147041916360904	NA	"prevalence"	50	34
"Paramuribaculum_intestinale"	"Genotype"	"MUT"	"GenotypeMUT"	-3.37749972253142	0	1.154890436938	0.003449883495982	0.111504542428399	0.00688786529582816	0.147041916360904	NA	"prevalence"	50	26
"Adlercreutzia_mucosicola"	"Sequencing_Depth"	"Sequencing_Depth"	"Sequencing_Depth"	1.61675784143725	0	0.559666984336319	0.00386732841902404	0.113892821940258	0.00771970060894748	0.147041916360904	NA	"prevalence"	50	23
"GGB28310_SGB40880"	"Sequencing_Depth"	"Sequencing_Depth"	"Sequencing_Depth"	0.18779577488002	-0.488797967236592	0.215173529804655	0.00488130563204836	0.120956588006844	0.00973878411942326	0.151276182377523	NA	"abundance"	50	44
"Adlercreutzia_SGB42953"	"Genotype"	"MUT"	"GenotypeMUT"	-3.52485660182663	0	1.24313260721913	0.00457593048505446	0.120956588006844	0.00457593048505446	0.11788950713282	NA	"prevalence"	50	11
"Clostridia_bacterium"	"Sequencing_Depth"	"Sequencing_Depth"	"Sequencing_Depth"	1.40750479399069	0	0.498532770809016	0.00475328978226795	0.120956588006844	0.00948398580078169	0.151276182377523	NA	"prevalence"	50	23
"GGB27478_SGB39772"	"Sequencing_Depth"	"Sequencing_Depth"	"Sequencing_Depth"	1.42240280892723	0	0.500732596246466	0.00450226078319921	0.120956588006844	0.00898425121423849	0.151276182377523	NA	"prevalence"	50	8
"GGB27849_SGB40283"	"Sex"	"M"	"SexM"	-1.94244027811175	0	0.688290950105311	0.0047707187995875	0.120956588006844	0.00951867784131027	0.151276182377523	NA	"prevalence"	50	28
"GGB27860_SGB40294"	"Sex"	"M"	"SexM"	-1.94244027811175	0	0.688290950105311	0.0047707187995875	0.120956588006844	0.00951867784131027	0.151276182377523	NA	"prevalence"	50	28
"GGB30461_SGB63209"	"Sequencing_Depth"	"Sequencing_Depth"	"Sequencing_Depth"	1.47262731288754	0	0.515767881504145	0.00430079342557116	0.120956588006844	0.00858309002705288	0.151276182377523	NA	"prevalence"	50	10
"Limosilactobacillus_reuteri"	"Sequencing_Depth"	"Sequencing_Depth"	"Sequencing_Depth"	1.72843708171717	0	0.614738501964949	0.00492862158262184	0.120956588006844	0.009832951854539	0.151276182377523	NA	"prevalence"	50	30
"Adlercreutzia_mucosicola"	"Sex"	"M"	"SexM"	-2.21053711043176	0	0.792979691089197	0.00530944988750206	0.124538777959024	0.0105907095168962	0.153890700493724	NA	"prevalence"	50	23
"GGB28317_SGB40889"	"Sequencing_Depth"	"Sequencing_Depth"	"Sequencing_Depth"	1.37967976094028	0	0.496696000578459	0.00547426681126787	0.124538777959024	0.0109185660254148	0.153890700493724	NA	"prevalence"	50	13
"Muribaculum_intestinale"	"Genotype"	"MUT"	"GenotypeMUT"	-3.68694331066937	0	1.32206473014821	0.00529075308918082	0.124538777959024	0.010553514110111	0.153890700493724	NA	"prevalence"	50	34
"Paramuribaculum_intestinale"	"Sex"	"M"	"SexM"	-3.13131456895509	0	1.12785699241477	0.00549746727832706	0.124538777959024	0.0109647124101778	0.153890700493724	NA	"prevalence"	50	26
"GGB27478_SGB39772"	"Sex"	"M"	"SexM"	3.90055158403323	-0.197565677367378	0.555553296172105	0.00563114426501676	0.124716592322702	0.0112305787443001	0.154904534404139	NA	"abundance"	50	8
"Lachnospiraceae_unclassified_SGB41405"	"Genotype"	"MUT"	"GenotypeMUT"	-0.7575915804361	0.518121331076144	0.211673674897392	0.00591924732920968	0.124716592322702	0.00591924732920968	0.13927640774611	NA	"abundance"	50	9
"Adlercreutzia_aquisgranensis"	"Genotype"	"MUT"	"GenotypeMUT"	-2.65023097313119	0	0.96312732292816	0.00592880235150365	0.124716592322702	0.0118224540056841	0.157632720075788	NA	"prevalence"	50	29
"Bacillota_unclassified_SGB43546"	"Sequencing_Depth"	"Sequencing_Depth"	"Sequencing_Depth"	1.27759734424165	0	0.463626148818354	0.00585733423703058	0.124716592322702	0.0116803601096969	0.157632720075788	NA	"prevalence"	50	9
"GGB28949_SGB41655"	"Sequencing_Depth"	"Sequencing_Depth"	"Sequencing_Depth"	1.29230113345093	0	0.473105607866393	0.00630414168451777	0.126304510359672	0.0125685411666571	0.158922180509368	NA	"prevalence"	50	7
"GGB30046_SGB42947"	"Sequencing_Depth"	"Sequencing_Depth"	"Sequencing_Depth"	1.43445441758527	0	0.524557823135444	0.0062456629488511	0.126304510359672	0.0124523175920315	0.158922180509368	NA	"prevalence"	50	25
"GGB30294_SGB43258"	"Sequencing_Depth"	"Sequencing_Depth"	"Sequencing_Depth"	1.38109012041165	0	0.505821590006256	0.00632594746283585	0.126304510359672	0.0126118773143691	0.158922180509368	NA	"prevalence"	50	15
"Parasutterella_muris"	"Sex"	"M"	"SexM"	1.22255802048715	-0.197565677367378	0.452845868318833	0.00655008520071465	0.128600006107364	0.0130572667852927	0.158922180509368	NA	"abundance"	50	29
"Parvibacter_caecicola"	"Genotype"	"MUT"	"GenotypeMUT"	-1.03150285782824	0.518121331076144	0.503118979271538	0.00790879879031492	0.133011874658944	0.0157550484823242	0.159694196754717	NA	"abundance"	50	22
"Sangeribacter_muris"	"Genotype"	"MUT"	"GenotypeMUT"	-0.868425466354122	0.518121331076144	0.417224338424431	0.00739824254874133	0.133011874658944	0.0147417511046726	0.159370282212677	NA	"abundance"	50	17
"Bacillota_unclassified_SGB43549"	"Sequencing_Depth"	"Sequencing_Depth"	"Sequencing_Depth"	1.53571569203592	0	0.575128563719388	0.0075803173246508	0.133011874658944	0.0075803173246508	0.147041916360904	NA	"prevalence"	50	5
"Clostridiaceae_bacterium"	"Sequencing_Depth"	"Sequencing_Depth"	"Sequencing_Depth"	1.18161628324093	0	0.438539094604121	0.00705074996174738	0.133011874658944	0.0140517868484717	0.159370282212677	NA	"prevalence"	50	16
"Coriobacteriaceae_bacterium"	"Sequencing_Depth"	"Sequencing_Depth"	"Sequencing_Depth"	2.24320936126128	0	0.835581744928711	0.00726149380309199	0.133011874658944	0.0144702583139316	0.159370282212677	NA	"prevalence"	50	31
"Duncaniella_dubosii"	"Genotype"	"MUT"	"GenotypeMUT"	-1.99139239120821	0	0.748070687817015	0.00776691732847236	0.133011874658944	0.0154735096521574	0.159694196754717	NA	"prevalence"	50	24
"Duncaniella_dubosii"	"Sex"	"M"	"SexM"	-2.03463818087215	0	0.767187828770615	0.00799992269057894	0.133011874658944	0.0159358466181026	0.159694196754717	NA	"prevalence"	50	24
"GGB24132_SGB35935"	"Genotype"	"MUT"	"GenotypeMUT"	-3.57664859721441	0	1.34898663370506	0.00801684473750852	0.133011874658944	0.0159694196754717	0.159694196754717	NA	"prevalence"	50	33
"GGB28904_SGB41597"	"Sequencing_Depth"	"Sequencing_Depth"	"Sequencing_Depth"	1.14742381676146	0	0.42660148923726	0.00715193973610953	0.133011874658944	0.0142527292302301	0.159370282212677	NA	"prevalence"	50	12
"GGB32371_SGB41694"	"Genotype"	"MUT"	"GenotypeMUT"	-4.27904437606333	0	1.58401156832839	0.00690488272977925	0.133011874658944	0.00690488272977925	0.147041916360904	NA	"prevalence"	50	10
"Muribaculum_gordoncarteri"	"Genotype"	"MUT"	"GenotypeMUT"	-3.57664859721441	0	1.34898663370506	0.00801684473750852	0.133011874658944	0.0159694196754717	0.159694196754717	NA	"prevalence"	50	33
"Muricaecibacterium_torontonense"	"Sequencing_Depth"	"Sequencing_Depth"	"Sequencing_Depth"	0.0357308766433207	-0.488797967236592	0.176645400200414	0.00869995982795313	0.136934433236464	0.0173242303548983	0.169016881511203	NA	"abundance"	50	40
"Bacillota_unclassified_SGB43543"	"Genotype"	"MUT"	"GenotypeMUT"	3.03397405931854	0	1.15672072324818	0.00871823641148967	0.136934433236464	0.00871823641148967	0.151276182377523	NA	"prevalence"	50	10
"GGB30046_SGB42947"	"Genotype"	"MUT"	"GenotypeMUT"	-2.42983499712493	0	0.923706124679649	0.00852522997630016	0.136934433236464	0.0169777804064515	0.167681781792114	NA	"prevalence"	50	25
"GGB75074_SGB102167"	"Sex"	"M"	"SexM"	-2.98972699435763	0	1.13858093246458	0.00864364091981541	0.136934433236464	0.00864364091981541	0.151276182377523	NA	"prevalence"	50	13
"GGB70852_SGB95305"	"Sex"	"M"	"SexM"	-3.00100607227624	0	1.14726415380276	0.00890203871127128	0.137981600024705	0.00128860922117741	0.0879778306225503	NA	"prevalence"	50	28
"Caniella_muris"	"Sex"	"M"	"SexM"	-2.02066485708001	-0.197565677367378	0.645443094059702	0.00974284926578761	0.146975618234777	0.0193907754197594	0.176279776543267	NA	"abundance"	50	35
"Alistipes_timonensis"	"Sequencing_Depth"	"Sequencing_Depth"	"Sequencing_Depth"	1.30481944479935	0	0.50643606669671	0.00998136626382185	0.146975618234777	0.0198631048551511	0.176560932045788	NA	"prevalence"	50	6
"Bacillota_unclassified_SGB63211"	"Genotype"	"MUT"	"GenotypeMUT"	2.39881381916895	0	0.930494301848836	0.0099374149711373	0.146975618234777	0.019776077725966	0.176560932045788	NA	"prevalence"	50	14
"GGB115370_SGB161393"	"Sequencing_Depth"	"Sequencing_Depth"	"Sequencing_Depth"	1.52818612893073	0	0.591820482119085	0.00981787883427684	0.146975618234777	0.00981787883427684	0.151276182377523	NA	"prevalence"	50	7
"GGB27480_SGB39776"	"Sequencing_Depth"	"Sequencing_Depth"	"Sequencing_Depth"	1.22433037403786	0	0.479525650314489	0.0106734681064121	0.15255023054048	0.0212330132914055	0.180053578807789	NA	"prevalence"	50	8
"GGB27919_SGB40357"	"Sex"	"M"	"SexM"	-2.93238273144747	0	1.14960574388459	0.0107484457851102	0.15255023054048	0.021381362483425	0.180053578807789	NA	"prevalence"	50	28
"GGB30461_SGB43529"	"Sequencing_Depth"	"Sequencing_Depth"	"Sequencing_Depth"	1.30806279540555	0	0.511610340763678	0.0105653305526369	0.15255023054048	0.0105653305526369	0.153890700493724	NA	"prevalence"	50	8
"Oscillibacter_sp_CU971"	"Sequencing_Depth"	"Sequencing_Depth"	"Sequencing_Depth"	1.46409076697429	0	0.575573022246643	0.0109682150867106	0.153816159192204	0.0218161284312329	0.181801070260274	NA	"prevalence"	50	7
"GGB27885_SGB40319"	"Sequencing_Depth"	"Sequencing_Depth"	"Sequencing_Depth"	1.15204159608146	0	0.457459295485074	0.0117906839658262	0.161504950136549	0.0234423477032703	0.1894331127537	NA	"prevalence"	50	23
"GGB3171_SGB4185"	"Sequencing_Depth"	"Sequencing_Depth"	"Sequencing_Depth"	1.037307748083	0	0.411799895363492	0.0117701796846153	0.161504950136549	0.0234018222394225	0.1894331127537	NA	"prevalence"	50	9
"GGB27478_SGB39772"	"Sequencing_Depth"	"Sequencing_Depth"	"Sequencing_Depth"	0.766802096412166	-0.488797967236592	0.219815636241148	0.0119976431443123	0.162450846252872	0.00898425121423849	0.151276182377523	NA	"abundance"	50	8
"GGB22635_SGB33556"	"Sex"	"M"	"SexM"	-1.63867503000707	-0.197565677367378	0.386431937109624	0.0130308311073797	0.170937359486348	0.0130308311073797	0.158922180509368	NA	"abundance"	50	10
"Oscillibacter_sp_CU971"	"Sequencing_Depth"	"Sequencing_Depth"	"Sequencing_Depth"	-2.09084848531021	-0.488797967236592	0.170998390637932	0.01307134363244	0.170937359486348	0.0218161284312329	0.181801070260274	NA	"abundance"	50	7
"Coriobacteriaceae_bacterium"	"Genotype"	"MUT"	"GenotypeMUT"	-3.26036694655949	0	1.31562081289207	0.0132048384662629	0.170937359486348	0.0262353091736057	0.207804429097867	NA	"prevalence"	50	31
"Flintibacter_SGB43538"	"Sequencing_Depth"	"Sequencing_Depth"	"Sequencing_Depth"	1.53546790242273	0	0.618956158704111	0.0131110798920229	0.170937359486348	0.0131110798920229	0.158922180509368	NA	"prevalence"	50	4
"GGB30454_SGB43516"	"Sequencing_Depth"	"Sequencing_Depth"	"Sequencing_Depth"	1.09005128429913	0	0.44075954618583	0.0133939130393282	0.17150032130792	0.0133939130393282	0.159370282212677	NA	"prevalence"	50	8
"Adlercreutzia_caecimuris"	"Genotype"	"MUT"	"GenotypeMUT"	-3.37900966330372	0	1.36997708372627	0.0136451522521031	0.171998333250455	0.0271041143242231	0.212581288817436	NA	"prevalence"	50	32
"GGB30461_SGB63208"	"Sequencing_Depth"	"Sequencing_Depth"	"Sequencing_Depth"	1.49220201201462	0	0.606413166059265	0.0138665538238487	0.171998333250455	0.0138665538238487	0.159370282212677	NA	"prevalence"	50	4
"GGB75074_SGB102167"	"Sequencing_Depth"	"Sequencing_Depth"	"Sequencing_Depth"	1.29186242415214	0	0.525824597178044	0.0140168420985091	0.171998333250455	0.0140168420985091	0.159370282212677	NA	"prevalence"	50	13
"Neglectibacter_sp_X4"	"Sequencing_Depth"	"Sequencing_Depth"	"Sequencing_Depth"	1.07938008144017	0	0.438739612477659	0.0138865883118323	0.171998333250455	0.0275803392887222	0.214216227485221	NA	"prevalence"	50	15
"Adlercreutzia_muris"	"Sex"	"M"	"SexM"	-2.76999870232228	0	1.13047416446045	0.0142737985809299	0.172695694196833	0.0283438558359308	0.216469641517123	NA	"prevalence"	50	38
"GGB27884_SGB40318"	"Genotype"	"MUT"	"GenotypeMUT"	-2.2793040537218	0	0.931104558546001	0.0143668743898894	0.172695694196833	0.0285273417000439	0.216469641517123	NA	"prevalence"	50	30
"GGB32371_SGB41694"	"Sex"	"M"	"SexM"	-2.41769909539026	0	0.990219693920587	0.0146232095492231	0.173301962273432	0.0146232095492231	0.159370282212677	NA	"prevalence"	50	10
"Sangeribacter_muris"	"Sequencing_Depth"	"Sequencing_Depth"	"Sequencing_Depth"	1.01057186272305	0	0.414270115417818	0.0147115417889162	0.173301962273432	0.0292066541160253	0.216469641517123	NA	"prevalence"	50	17
"Lactobacillus_johnsonii"	"Sequencing_Depth"	"Sequencing_Depth"	"Sequencing_Depth"	1.46701008148531	0	0.602585066297939	0.0149112353612784	0.173915200550356	0.0296001257825574	0.216469641517123	NA	"prevalence"	50	34
"GGB1503_SGB2082"	"Sex"	"M"	"SexM"	-2.80124720819462	0	1.15286120320521	0.0151062507855132	0.174462386522888	0.0299843027582316	0.216469641517123	NA	"prevalence"	50	29
"GGB28778_SGB41431"	"Sequencing_Depth"	"Sequencing_Depth"	"Sequencing_Depth"	0.956058296035169	0	0.394100623028764	0.0152694530037149	0.174635103285206	0.0303057498123972	0.216469641517123	NA	"prevalence"	50	11
"Caniella_muris"	"Sex"	"M"	"SexM"	-2.03722993241515	0	0.841070958649395	0.0154274705313772	0.174745771980408	0.0193907754197594	0.176279776543267	NA	"prevalence"	50	35
"GGB30298_SGB43262"	"Sex"	"M"	"SexM"	-2.67950314092421	0	1.1102782541486	0.0158061202643891	0.176929131834317	0.0158061202643891	0.159694196754717	NA	"prevalence"	50	11
"GGB30455_SGB43519"	"Sequencing_Depth"	"Sequencing_Depth"	"Sequencing_Depth"	1.00006491141797	0	0.415127242299801	0.015993829126461	0.176929131834317	0.0317318556827957	0.223742834767049	NA	"prevalence"	50	9
"Oscillospiraceae_unclassified_SGB102175"	"Sequencing_Depth"	"Sequencing_Depth"	"Sequencing_Depth"	1.25466951545852	0	0.521192931387271	0.0160708124841018	0.176929131834317	0.0318833539543045	0.223742834767049	NA	"prevalence"	50	6
"GGB18828_SGB27767"	"Genotype"	"MUT"	"GenotypeMUT"	-1.1475999691273	0.518121331076144	0.585662351492683	0.0171448858005636	0.178147873946584	0.0339958244920129	0.22621992158679	NA	"abundance"	50	16
"GGB42598_SGB59794"	"Sequencing_Depth"	"Sequencing_Depth"	"Sequencing_Depth"	-1.27518079518403	-0.488797967236592	0.299614744987717	0.0194967713765006	0.178147873946584	0.0386134186588937	0.23066580816569	NA	"abundance"	50	23
"Acutalibacter_caecimuris"	"Sequencing_Depth"	"Sequencing_Depth"	"Sequencing_Depth"	1.09301637524071	0	0.466576570673144	0.0191483504773534	0.178147873946584	0.0191483504773534	0.176076785998652	NA	"prevalence"	50	6
"bacterium_1xD42_67"	"Sequencing_Depth"	"Sequencing_Depth"	"Sequencing_Depth"	1.34636323954607	0	0.574172398744353	0.0190333940870841	0.178147873946584	0.0190333940870841	0.176076785998652	NA	"prevalence"	50	4
"Clostridiales_bacterium"	"Sequencing_Depth"	"Sequencing_Depth"	"Sequencing_Depth"	1.19981331332409	0	0.506387116508184	0.0178189059466591	0.178147873946584	0.0353202984841824	0.227872893446338	NA	"prevalence"	50	11
"Clostridiales_bacterium"	"Site"	"Jejunum"	"SiteJejunum"	2.29403080699396	0	0.982173339605604	0.0195085532590062	0.178147873946584	0.038636522867753	0.23066580816569	NA	"prevalence"	50	11
"GGB18828_SGB27767"	"Sequencing_Depth"	"Sequencing_Depth"	"Sequencing_Depth"	0.992746463487757	0	0.423443568451122	0.0190546597232309	0.178147873946584	0.0377462393892938	0.23066580816569	NA	"prevalence"	50	16
"GGB27885_SGB40319"	"Genotype"	"MUT"	"GenotypeMUT"	-1.91757433793272	0	0.803368878124735	0.0169903550869145	0.178147873946584	0.0336920380078496	0.22621992158679	NA	"prevalence"	50	23
"GGB27885_SGB40319"	"Sex"	"M"	"SexM"	-1.69208421861443	0	0.72274244825678	0.019221895619344	0.178147873946584	0.0380743099674871	0.23066580816569	NA	"prevalence"	50	23
"GGB28769_SGB41421"	"Sequencing_Depth"	"Sequencing_Depth"	"Sequencing_Depth"	1.200865072349	0	0.501785752566848	0.0167029133300272	0.178147873946584	0.033126839346344	0.226084585457808	NA	"prevalence"	50	6
"GGB30296_SGB43260"	"Sequencing_Depth"	"Sequencing_Depth"	"Sequencing_Depth"	1.14054724426318	0	0.485103128093299	0.0187157959974162	0.178147873946584	0.0187157959974162	0.176076785998652	NA	"prevalence"	50	5
"GGB30475_SGB63182"	"Sex"	"M"	"SexM"	-2.76512547693451	0	1.16529377865758	0.0176490468453114	0.178147873946584	0.0176490468453114	0.170111294894568	NA	"prevalence"	50	10
"GGB42598_SGB59794"	"Sex"	"M"	"SexM"	-1.54030021230981	0	0.648746752584306	0.0175836681765189	0.178147873946584	0.0348581509664958	0.2267196810829	NA	"prevalence"	50	23
"GGB46162_SGB63930"	"Sequencing_Depth"	"Sequencing_Depth"	"Sequencing_Depth"	0.96244786090179	0	0.409264023492403	0.0186900918601747	0.178147873946584	0.0370308641866075	0.23066580816569	NA	"prevalence"	50	18
"GGB75879_SGB103683"	"Sex"	"M"	"SexM"	-2.12138283759548	0	0.885077191809317	0.0165374275623353	0.178147873946584	0.0328013686142911	0.226084585457808	NA	"prevalence"	50	27
"GGB9439_SGB42949"	"Genotype"	"MUT"	"GenotypeMUT"	-1.71689173889016	0	0.725061859420808	0.0178881860063788	0.178147873946584	0.0037642889103117	0.107551111723191	NA	"prevalence"	50	32
"Lactobacillus_intestinalis"	"Genotype"	"MUT"	"GenotypeMUT"	-2.203807217067	0	0.940691085001301	0.0191420314838433	0.178147873946584	0.0379176455983581	0.23066580816569	NA	"prevalence"	50	21
"Lactobacillus_johnsonii"	"Sex"	"M"	"SexM"	-2.00576406844872	0	0.838977094423358	0.0168151121762635	0.178147873946584	0.0333474763550267	0.226084585457808	NA	"prevalence"	50	34
"Oscillospiraceae_unclassified_SGB43526"	"Sequencing_Depth"	"Sequencing_Depth"	"Sequencing_Depth"	1.08738472642374	0	0.463237432199716	0.0189070090457595	0.178147873946584	0.0189070090457595	0.176076785998652	NA	"prevalence"	50	6
"Parvibacter_caecicola"	"Sequencing_Depth"	"Sequencing_Depth"	"Sequencing_Depth"	1.30458120444414	0	0.557520278840121	0.0192852447080836	0.178147873946584	0.0381985687527165	0.23066580816569	NA	"prevalence"	50	22
"Turicimonas_muris"	"Genotype"	"MUT"	"GenotypeMUT"	-1.75455222202669	0	0.733145276349057	0.0167028202892898	0.178147873946584	0.0331266563729634	0.226084585457808	NA	"prevalence"	50	28
"Turicimonas_muris"	"Sex"	"M"	"SexM"	-1.67012971785895	0	0.712916287538068	0.0191461568291566	0.178147873946584	0.0379257383369864	0.23066580816569	NA	"prevalence"	50	28
"GGB27866_SGB40300"	"Sex"	"M"	"SexM"	-1.61238453738053	0	0.692900843210189	0.0199649368601697	0.180913043240615	0.0395312750165089	0.234259407505238	NA	"prevalence"	50	19
"GGB75057_SGB102223"	"Sequencing_Depth"	"Sequencing_Depth"	"Sequencing_Depth"	1.00281547809557	0	0.43201709652976	0.0202738803598017	0.18231016079272	0.0202738803598017	0.178231915251004	NA	"prevalence"	50	8
"Alistipes_muris"	"Sequencing_Depth"	"Sequencing_Depth"	"Sequencing_Depth"	1.30481303732322	0	0.56400861839321	0.0206971999895919	0.184706830210146	0.0206971999895919	0.179975652083408	NA	"prevalence"	50	4
"GGB27482_SGB39778"	"Sex"	"M"	"SexM"	-1.5927152673836	0	0.690733396358837	0.0211200134466727	0.187062976241958	0.0417939719253578	0.242283895219466	NA	"prevalence"	50	19
"GGB42646_SGB59844"	"Sex"	"M"	"SexM"	-2.60990874555657	0	1.13343768676853	0.0212986202220569	0.187237124041664	0.0212986202220569	0.180053578807789	NA	"prevalence"	50	10
"Duncaniella_freteri"	"Sequencing_Depth"	"Sequencing_Depth"	"Sequencing_Depth"	-0.931320874860104	-0.488797967236592	0.101845953561283	0.0223620865451761	0.195129910742352	0.0442241101756983	0.250916937167083	NA	"abundance"	50	9
"GGB30294_SGB43258"	"Sex"	"M"	"SexM"	-1.91217674522338	0	0.838481864415628	0.0225767187660016	0.195554225781984	0.044643729301764	0.251513967897262	NA	"prevalence"	50	15
"Neglectibacter_sp_X4"	"Sex"	"M"	"SexM"	-1.86768725825829	0	0.820240461914166	0.022786245532894	0.195928446990869	0.0450532780803026	0.252046310938756	NA	"prevalence"	50	15
"Adlercreutzia_caecimuris"	"Sex"	"M"	"SexM"	-1.53266373392258	-0.197565677367378	0.537474486956039	0.0233686820680526	0.196968428495152	0.00247922286437777	0.0879778306225503	NA	"abundance"	50	32
"Bacillota_unclassified_SGB43543"	"Sequencing_Depth"	"Sequencing_Depth"	"Sequencing_Depth"	1.03227679689649	0	0.455410368616536	0.0234088115359263	0.196968428495152	0.0234088115359263	0.1894331127537	NA	"prevalence"	50	10
"Lachnospiraceae_unclassified_SGB7275"	"Genotype"	"MUT"	"GenotypeMUT"	1.68624222707491	0	0.742555091401312	0.0231551630661912	0.196968428495152	0.0457741645557605	0.252785730836301	NA	"prevalence"	50	12
"GGB25041_SGB36960"	"Sequencing_Depth"	"Sequencing_Depth"	"Sequencing_Depth"	0.8144238963139	0	0.362908611192128	0.0248223022803154	0.207380653093699	0.0490284578701354	0.265018691189921	NA	"prevalence"	50	14
"GGB28382_SGB40962"	"Sex"	"M"	"SexM"	2.81668298500186	0	1.25762409784652	0.0251113202655914	0.20778559578474	0.0495920621257016	0.266266105372895	NA	"prevalence"	50	8
"GGB74395_SGB43523"	"Sequencing_Depth"	"Sequencing_Depth"	"Sequencing_Depth"	1.15084223582794	0	0.514236772669149	0.0252235485545143	0.20778559578474	0.0252235485545143	0.201788388436115	NA	"prevalence"	50	4
"GGB28898_SGB41580"	"Sequencing_Depth"	"Sequencing_Depth"	"Sequencing_Depth"	-3.03964080969504	-0.488797967236592	0.740822569221456	0.0265524000418924	0.217213383676037	0.0523997701358001	0.279465440724267	NA	"abundance"	50	9
"GGB28382_SGB40962"	"Sequencing_Depth"	"Sequencing_Depth"	"Sequencing_Depth"	-1.69135262275799	-0.488797967236592	0.294909579417721	0.0285004362307961	0.23154147503364	0.0561885975962466	0.28957741529317	NA	"abundance"	50	8
"GGB30475_SGB63182"	"Sequencing_Depth"	"Sequencing_Depth"	"Sequencing_Depth"	1.04580281997721	0	0.479064547323882	0.0290350547651801	0.232675472880151	0.0290350547651801	0.216469641517123	NA	"prevalence"	50	10
"GGB30861_SGB44083"	"Sequencing_Depth"	"Sequencing_Depth"	"Sequencing_Depth"	2.20300211781356	0	1.00840168428447	0.0289147096429291	0.232675472880151	0.0569933588521234	0.290412019628654	NA	"prevalence"	50	40
"Adlercreutzia_mucosicola"	"Genotype"	"MUT"	"GenotypeMUT"	-1.88091767373866	0	0.864216491918791	0.029522173973881	0.232909906004188	0.0581727891916179	0.29401434870667	NA	"prevalence"	50	23
"GGB28317_SGB40889"	"Sex"	"M"	"SexM"	-2.01568178470699	0	0.926905676028413	0.0296574583197183	0.232909906004188	0.0584353518054508	0.29401434870667	NA	"prevalence"	50	13
"Oscillospiraceae_bacterium"	"Sequencing_Depth"	"Sequencing_Depth"	"Sequencing_Depth"	0.967442152691498	0	0.444022156598072	0.0293454112441754	0.232909906004188	0.0293454112441754	0.216469641517123	NA	"prevalence"	50	6
"GGB27478_SGB39772"	"Site"	"Jejunum"	"SiteJejunum"	-0.781585518637023	0.169814988290091	0.208413864011762	0.0302661014869257	0.234562286523674	0.0302661014869257	0.216469641517123	NA	"abundance"	50	8
"Lactobacillus_johnsonii"	"Genotype"	"MUT"	"GenotypeMUT"	-1.82885457305287	0	0.843644260418285	0.0301736771981472	0.234562286523674	0.0594369036006364	0.295251870302402	NA	"prevalence"	50	34
"Muribaculum_gordoncarteri"	"Sex"	"M"	"SexM"	-1.13722456531163	-0.197565677367378	0.388577287889989	0.030951176354799	0.238303828404923	0.00199151308893382	0.0879778306225503	NA	"abundance"	50	33
"Adlercreutzia_caecimuris"	"Sequencing_Depth"	"Sequencing_Depth"	"Sequencing_Depth"	0.0225805805913034	-0.488797967236592	0.215006009168044	0.031614837147538	0.241832975063635	0.0622301763672106	0.301722067234961	NA	"abundance"	50	32
"GGB46162_SGB63930"	"Site"	"Jejunum"	"SiteJejunum"	1.46006528495925	0	0.681497616666201	0.032158383249795	0.244403712698442	0.0632826048863492	0.30450241973672	NA	"prevalence"	50	18
"GGB28310_SGB40880"	"Sex"	"M"	"SexM"	-1.1902578111508	-0.197565677367378	0.425562291954974	0.0329676481695969	0.248948009896058	0.0648484305133594	0.30450241973672	NA	"abundance"	50	44
"GGB30468_SGB43552"	"Sequencing_Depth"	"Sequencing_Depth"	"Sequencing_Depth"	1.2029677758611	0	0.568995413347168	0.0344985380419855	0.252417874617757	0.0344985380419855	0.22621992158679	NA	"prevalence"	50	3
"Oscillibacter_SGB94990"	"Sequencing_Depth"	"Sequencing_Depth"	"Sequencing_Depth"	1.2029677758611	0	0.568995413347168	0.0344985380419855	0.252417874617757	0.0344985380419855	0.22621992158679	NA	"prevalence"	50	3
"GGB28956_SGB41665"	"Sequencing_Depth"	"Sequencing_Depth"	"Sequencing_Depth"	1.15612630382028	0	0.552738720516184	0.0364713977465468	0.262460053679315	0.0364713977465468	0.23066580816569	NA	"prevalence"	50	5
"GGB45515_SGB63187"	"Sequencing_Depth"	"Sequencing_Depth"	"Sequencing_Depth"	1.42454989294696	0	0.681744547706983	0.0366568475430447	0.262460053679315	0.0366568475430447	0.23066580816569	NA	"prevalence"	50	4
"Adlercreutzia_aquisgranensis"	"Genotype"	"MUT"	"GenotypeMUT"	-0.259336991339924	0.518121331076144	0.33962276816498	0.0384930092464452	0.269909314835193	0.0118224540056841	0.157632720075788	NA	"abundance"	50	29
"GGB18828_SGB27767"	"Genotype"	"MUT"	"GenotypeMUT"	-1.62027603187398	0	0.788941590407707	0.0400014606497678	0.271560297259491	0.0339958244920129	0.22621992158679	NA	"prevalence"	50	16
"GGB28946_SGB41652"	"Sequencing_Depth"	"Sequencing_Depth"	"Sequencing_Depth"	0.998727754436511	0	0.487376681332599	0.0404434727864843	0.271560297259491	0.0404434727864843	0.236166264446624	NA	"prevalence"	50	5
"Oscillibacter_SGB43499"	"Sequencing_Depth"	"Sequencing_Depth"	"Sequencing_Depth"	0.998727754436511	0	0.487376681332599	0.0404434727864843	0.271560297259491	0.0404434727864843	0.236166264446624	NA	"prevalence"	50	5
"GGB30046_SGB42947"	"Genotype"	"MUT"	"GenotypeMUT"	-0.00881521897088805	0.518121331076144	0.218059987971491	0.0431454982226067	0.279596175772523	0.0169777804064515	0.167681781792114	NA	"abundance"	50	25
"GGB70518_SGB94950"	"Genotype"	"MUT"	"GenotypeMUT"	-2.37608499342364	0	1.17656780307848	0.0434347200054089	0.279596175772523	0.0434347200054089	0.248198400030908	NA	"prevalence"	50	6
"GGB73359_SGB46611"	"Sequencing_Depth"	"Sequencing_Depth"	"Sequencing_Depth"	1.35925488996264	0	0.671726486001829	0.0430191173828257	0.279596175772523	0.0430191173828257	0.247592042491083	NA	"prevalence"	50	4
"GGB28769_SGB41421"	"Sequencing_Depth"	"Sequencing_Depth"	"Sequencing_Depth"	-1.30134126474596	-0.488797967236592	0.0106066298279976	0.0534851292391763	0.308989532753007	0.033126839346344	0.226084585457808	NA	"abundance"	50	6
"GGB75879_SGB103683"	"Sex"	"M"	"SexM"	1.62794799784947	-0.197565677367378	0.91716440572268	0.0621719995922663	0.328424284841658	0.0328013686142911	0.226084585457808	NA	"abundance"	50	27
"Parvibacter_caecicola"	"Genotype"	"MUT"	"GenotypeMUT"	-1.5403930933989	0	0.883212657747879	0.0811452275871651	0.377822443073836	0.0157550484823242	0.159694196754717	NA	"prevalence"	50	22
"GGB70852_SGB95305"	"Genotype"	"MUT"	"GenotypeMUT"	2.04791030288368	0.518121331076144	0.863686835832482	0.0912677645890234	0.400470316072152	0.00307580445059369	0.10252681501979	NA	"abundance"	50	28
"Ligilactobacillus_murinus"	"Sequencing_Depth"	"Sequencing_Depth"	"Sequencing_Depth"	-1.21215278062404	-0.488797967236592	0.409088625888836	0.0912239517072906	0.400470316072152	0.00708967768139567	0.147041916360904	NA	"abundance"	50	34
"Bacteroidales_bacterium"	"Sex"	"M"	"SexM"	1.10168787160434	-0.197565677367378	0.751156968745901	0.101854755941552	0.415883252656951	0.00223508323812275	0.0879778306225503	NA	"abundance"	50	28
"Parvibacter_caecicola"	"Sex"	"M"	"SexM"	-1.37373791008007	-0.197565677367378	0.682109438384946	0.108296298850273	0.423511026614753	0.00094427706956584	0.0879778306225503	NA	"abundance"	50	22
"Clostridia_bacterium"	"Sequencing_Depth"	"Sequencing_Depth"	"Sequencing_Depth"	-0.24377177425433	-0.488797967236592	0.138697096683927	0.127434269479993	0.465308527370669	0.00948398580078169	0.151276182377523	NA	"abundance"	50	23
"Adlercreutzia_muris"	"Sex"	"M"	"SexM"	-0.759802753119412	-0.197565677367378	0.339508131009749	0.135181364291881	0.479811440623438	0.0283438558359308	0.216469641517123	NA	"abundance"	50	38
"GGB27860_SGB40294"	"Sex"	"M"	"SexM"	0.806548834989883	-0.197565677367378	0.649335038219505	0.14037206091595	0.479811440623438	0.00951867784131027	0.151276182377523	NA	"abundance"	50	28
"GGB28310_SGB40880"	"Sequencing_Depth"	"Sequencing_Depth"	"Sequencing_Depth"	1.46815406196394	0	0.998367921405579	0.141411738878903	0.479811440623438	0.00973878411942326	0.151276182377523	NA	"prevalence"	50	44
"Muribaculum_gordoncarteri"	"Genotype"	"MUT"	"GenotypeMUT"	1.06559191257134	0.518121331076144	0.363960798449931	0.15682791311971	0.4979603279111	0.0159694196754717	0.159694196754717	NA	"abundance"	50	33
"Limosilactobacillus_reuteri"	"Sequencing_Depth"	"Sequencing_Depth"	"Sequencing_Depth"	-1.00572749166393	-0.488797967236592	0.349303488372318	0.157350166799463	0.498275528198298	0.009832951854539	0.151276182377523	NA	"abundance"	50	30
"Turicimonas_muris"	"Sex"	"M"	"SexM"	1.04321278029935	-0.197565677367378	0.854477371109232	0.162458291673741	0.504949518711521	0.0379257383369864	0.23066580816569	NA	"abundance"	50	28
"Adlercreutzia_mucosicola"	"Sequencing_Depth"	"Sequencing_Depth"	"Sequencing_Depth"	-0.895829450885945	-0.488797967236592	0.272184570230373	0.163058931424955	0.505482687417359	0.00771970060894748	0.147041916360904	NA	"abundance"	50	23
"Paramuribaculum_intestinale"	"Genotype"	"MUT"	"GenotypeMUT"	1.43549848467472	0.518121331076144	0.645175972501701	0.173248260747098	0.506417992953056	0.00688786529582816	0.147041916360904	NA	"abundance"	50	26
"Akkermansia_muciniphila"	"Sex"	"M"	"SexM"	-1.64611216510981	0	1.19743392552291	0.169224536596951	0.506417992953056	0.00582607671392327	0.13927640774611	NA	"prevalence"	50	44
"GGB30455_SGB43519"	"Sequencing_Depth"	"Sequencing_Depth"	"Sequencing_Depth"	-0.990859413052248	-0.488797967236592	0.299419223871073	0.176413112725509	0.511858735937561	0.0317318556827957	0.223742834767049	NA	"abundance"	50	9
"GGB27884_SGB40318"	"Sex"	"M"	"SexM"	0.861436442859515	-0.197565677367378	0.760185320141237	0.180544263123553	0.515364509380844	0.00126141238378933	0.0879778306225503	NA	"abundance"	50	30
"GGB46159_SGB63927"	"Sex"	"M"	"SexM"	-1.23555524418873	0	0.94124919900321	0.189292144286442	0.523441657205231	0.000183314925623564	0.0613950229835642	NA	"prevalence"	50	42
"GGB18828_SGB27767"	"Sequencing_Depth"	"Sequencing_Depth"	"Sequencing_Depth"	-0.114104103577978	-0.488797967236592	0.274587993315953	0.209277310914848	0.543014696602843	0.0377462393892938	0.23066580816569	NA	"abundance"	50	16
"GGB29531_SGB42317"	"Sequencing_Depth"	"Sequencing_Depth"	"Sequencing_Depth"	0.409503857368067	-0.488797967236592	0.608117218658484	0.215414815163867	0.548808727924966	0.00359626484285631	0.107551111723191	NA	"abundance"	50	9
"GGB27861_SGB40295"	"Sequencing_Depth"	"Sequencing_Depth"	"Sequencing_Depth"	0.424749963233528	0	0.341725179045202	0.213883399131196	0.548808727924966	0.00707178729604874	0.147041916360904	NA	"prevalence"	50	17
"Sangeribacter_muris"	"Genotype"	"MUT"	"GenotypeMUT"	-0.895428895810672	0	0.726290302419643	0.217620482907278	0.548808727924966	0.0147417511046726	0.159370282212677	NA	"prevalence"	50	17
"Lepagella_muris"	"Sex"	"M"	"SexM"	0.920553473698139	-0.197565677367378	0.878651884574425	0.219182580563015	0.549611293453686	0.00736952532672793	0.147041916360904	NA	"abundance"	50	26
"GGB27482_SGB39778"	"Sex"	"M"	"SexM"	0.45890399454137	-0.197565677367378	0.539261016034739	0.251814729542018	0.585891892677406	0.0417939719253578	0.242283895219466	NA	"abundance"	50	19
"GGB28904_SGB41597"	"Sequencing_Depth"	"Sequencing_Depth"	"Sequencing_Depth"	-1.12398345984139	-0.488797967236592	0.505581835461609	0.251896399109162	0.585891892677406	0.0142527292302301	0.159370282212677	NA	"abundance"	50	12
"Turicimonas_muris"	"Genotype"	"MUT"	"GenotypeMUT"	1.4451645397864	0.518121331076144	0.797672515126796	0.258187333347499	0.592874617316479	0.0331266563729634	0.226084585457808	NA	"abundance"	50	28
"Lactobacillus_intestinalis"	"Sex"	"M"	"SexM"	-1.09437725782036	-0.197565677367378	0.768294072828774	0.264843959020669	0.602289929973646	0.000992511859550786	0.0879778306225503	NA	"abundance"	50	21
"Adlercreutzia_aquisgranensis"	"Sex"	"M"	"SexM"	-0.618224115184324	-0.197565677367378	0.356138800134027	0.277729622937209	0.621999043579746	0.0037038764859972	0.107551111723191	NA	"abundance"	50	29
"GGB27885_SGB40319"	"Sex"	"M"	"SexM"	0.401871535585941	-0.197565677367378	0.531466748432681	0.284035870164942	0.630656972008961	0.0380743099674871	0.23066580816569	NA	"abundance"	50	23
"GGB1503_SGB2082"	"Genotype"	"MUT"	"GenotypeMUT"	-0.0289386723019547	0.518121331076144	0.500111432475683	0.297789035955581	0.646032199550046	0.00184737652017542	0.0879778306225503	NA	"abundance"	50	29
"Paramuribaculum_intestinale"	"Sex"	"M"	"SexM"	-0.871390178813965	-0.197565677367378	0.625239556053088	0.301898349402053	0.650960195343213	0.0109647124101778	0.153890700493724	NA	"abundance"	50	26
"GGB46162_SGB63930"	"Sequencing_Depth"	"Sequencing_Depth"	"Sequencing_Depth"	-0.26202818329198	-0.488797967236592	0.211374941308456	0.322629038947845	0.673356941319587	0.0370308641866075	0.23066580816569	NA	"abundance"	50	18
"GGB28317_SGB40889"	"Sequencing_Depth"	"Sequencing_Depth"	"Sequencing_Depth"	-0.652445586750725	-0.488797967236592	0.145106782605436	0.331274925084516	0.681847954970091	0.0109185660254148	0.153890700493724	NA	"abundance"	50	13
"Muribaculaceae_bacterium"	"Sex"	"M"	"SexM"	0.382118894007382	-0.197565677367378	0.59792768464459	0.347075577228521	0.681847954970091	0.0046984769140346	0.11788950713282	NA	"abundance"	50	29
"GGB75726_SGB102611"	"Sequencing_Depth"	"Sequencing_Depth"	"Sequencing_Depth"	-1.06588506335487	-0.488797967236592	0.566981922239508	0.356749953677564	0.685565163837145	0.0072554453302672	0.147041916360904	NA	"abundance"	50	10
"GGB27919_SGB40357"	"Sex"	"M"	"SexM"	-0.89262037998027	-0.197565677367378	0.767346410367484	0.377099805017336	0.708490542759843	0.021381362483425	0.180053578807789	NA	"abundance"	50	28
"Sangeribacter_muris"	"Sequencing_Depth"	"Sequencing_Depth"	"Sequencing_Depth"	-0.306416744882019	-0.488797967236592	0.192057778264433	0.380953555446423	0.713455148355941	0.0292066541160253	0.216469641517123	NA	"abundance"	50	17
"Coriobacteriaceae_bacterium"	"Sequencing_Depth"	"Sequencing_Depth"	"Sequencing_Depth"	-0.121259934283089	-0.488797967236592	0.420222723937618	0.392330169747662	0.721882599179386	0.0144702583139316	0.159370282212677	NA	"abundance"	50	31
"Lactobacillus_intestinalis"	"Genotype"	"MUT"	"GenotypeMUT"	1.01399013700946	0.518121331076144	0.589247807019725	0.41433385508752	0.738404358991072	0.0379176455983581	0.23066580816569	NA	"abundance"	50	21
"GGB75879_SGB103683"	"Genotype"	"MUT"	"GenotypeMUT"	-0.297736250104454	0.518121331076144	0.999876758644167	0.422530189951301	0.744006821767762	0.00163314866952621	0.0879778306225503	NA	"abundance"	50	27
"GGB27866_SGB40300"	"Sex"	"M"	"SexM"	0.291186204106621	-0.197565677367378	0.595231478289431	0.428567924040828	0.75238899332354	0.0395312750165089	0.234259407505238	NA	"abundance"	50	19
"GGB27919_SGB40357"	"Genotype"	"MUT"	"GenotypeMUT"	-0.149735806974464	0.518121331076144	0.845736347969066	0.436678220574032	0.756480799759132	0.00252936263039832	0.0879778306225503	NA	"abundance"	50	28
"Oscillospiraceae_unclassified_SGB102175"	"Sequencing_Depth"	"Sequencing_Depth"	"Sequencing_Depth"	-1.24270401778792	-0.488797967236592	0.625638324750732	0.441745737498839	0.759769770093369	0.0318833539543045	0.223742834767049	NA	"abundance"	50	6
"Parasutterella_muris"	"Sex"	"M"	"SexM"	-0.48885294861082	0	0.636470623325963	0.442446572397327	0.759769770093369	0.0130572667852927	0.158922180509368	NA	"prevalence"	50	29
"GGB27849_SGB40283"	"Sex"	"M"	"SexM"	0.577326031429879	-0.197565677367378	1.01643005403024	0.454099253503196	0.768576035383284	0.00951867784131027	0.151276182377523	NA	"abundance"	50	28
"Clostridiales_bacterium"	"Sequencing_Depth"	"Sequencing_Depth"	"Sequencing_Depth"	0.0850106586535515	-0.488797967236592	0.763344855479909	0.480635491551254	0.78601431160285	0.0353202984841824	0.227872893446338	NA	"abundance"	50	11
"Coriobacteriaceae_bacterium"	"Genotype"	"MUT"	"GenotypeMUT"	1.16015192601276	0.518121331076144	0.9063484624056	0.484355863594727	0.78601431160285	0.0262353091736057	0.207804429097867	NA	"abundance"	50	31
"GGB30294_SGB43258"	"Sequencing_Depth"	"Sequencing_Depth"	"Sequencing_Depth"	-0.613623909671703	-0.488797967236592	0.168369594183924	0.499062970375154	0.78601431160285	0.0126118773143691	0.158922180509368	NA	"abundance"	50	15
"Neglectibacter_sp_X4"	"Sequencing_Depth"	"Sequencing_Depth"	"Sequencing_Depth"	-0.667856751345469	-0.488797967236592	0.263762863473928	0.520836144263459	0.804123291808516	0.0275803392887222	0.214216227485221	NA	"abundance"	50	15
"Duncaniella_dubosii"	"Sex"	"M"	"SexM"	0.322077120291396	-0.197565677367378	0.883500366162262	0.562519136208614	0.833518921325468	0.0159358466181026	0.159694196754717	NA	"abundance"	50	24
"Muribaculum_intestinale"	"Sex"	"M"	"SexM"	0.109164484996344	-0.197565677367378	0.529973669685087	0.57061535656649	0.834772642025663	0.00233529039416213	0.0879778306225503	NA	"abundance"	50	34
"Clostridiaceae_bacterium"	"Sequencing_Depth"	"Sequencing_Depth"	"Sequencing_Depth"	-0.60191547255308	-0.488797967236592	0.196649902295799	0.592204490712419	0.846249564974855	0.0140517868484717	0.159370282212677	NA	"abundance"	50	16
"Bacillota_unclassified_SGB63211"	"Genotype"	"MUT"	"GenotypeMUT"	0.212886664210604	0.518121331076144	0.621051854754111	0.634284222353218	0.873902706353322	0.019776077725966	0.176560932045788	NA	"abundance"	50	14
"Parvibacter_caecicola"	"Sequencing_Depth"	"Sequencing_Depth"	"Sequencing_Depth"	-0.601023422739855	-0.488797967236592	0.230037024791082	0.640304582475358	0.879887302990722	0.0381985687527165	0.23066580816569	NA	"abundance"	50	22
"GGB42598_SGB59794"	"Sequencing_Depth"	"Sequencing_Depth"	"Sequencing_Depth"	0.154478562477254	0	0.333619480019612	0.64333698828903	0.881222060702881	0.0386134186588937	0.23066580816569	NA	"prevalence"	50	23
"GGB24146_SGB35950"	"Sex"	"M"	"SexM"	-0.449218321197636	-0.197565677367378	0.536538846003422	0.646821206656035	0.881351999191241	0.0020458793542814	0.0879778306225503	NA	"abundance"	50	30
"Lactobacillus_johnsonii"	"Sequencing_Depth"	"Sequencing_Depth"	"Sequencing_Depth"	-0.658704913797423	-0.488797967236592	0.362330799684088	0.644449673933418	0.881351999191241	0.0296001257825574	0.216469641517123	NA	"abundance"	50	34
"GGB27885_SGB40319"	"Genotype"	"MUT"	"GenotypeMUT"	0.746189050539153	0.518121331076144	0.489550011891098	0.649204272282781	0.882079161186985	0.0336920380078496	0.22621992158679	NA	"abundance"	50	23
"Bacillota_unclassified_SGB63211"	"Sequencing_Depth"	"Sequencing_Depth"	"Sequencing_Depth"	-0.636786373561733	-0.488797967236592	0.312829485899054	0.650969154643606	0.883458138444893	0.00352788016885359	0.107551111723191	NA	"abundance"	50	14
"Adlercreutzia_mucosicola"	"Sex"	"M"	"SexM"	0.107457722162348	-0.197565677367378	0.685634850338045	0.662051730431813	0.892776642018958	0.0105907095168962	0.153890700493724	NA	"abundance"	50	23
"GGB28949_SGB41655"	"Sequencing_Depth"	"Sequencing_Depth"	"Sequencing_Depth"	-0.708840979241973	-0.488797967236592	0.459875831641886	0.679858308896791	0.90290088825301	0.0125685411666571	0.158922180509368	NA	"abundance"	50	7
"Adlercreutzia_caecimuris"	"Genotype"	"MUT"	"GenotypeMUT"	0.323292780335996	0.518121331076144	0.489337161292459	0.695185550730582	0.91194719238377	0.0271041143242231	0.212581288817436	NA	"abundance"	50	32
"Muribaculum_intestinale"	"Genotype"	"MUT"	"GenotypeMUT"	0.715611819720898	0.518121331076144	0.509365833815221	0.702209597169321	0.913812167087256	0.010553514110111	0.153890700493724	NA	"abundance"	50	34
"GGB45514_SGB63186"	"Sequencing_Depth"	"Sequencing_Depth"	"Sequencing_Depth"	-1.10193094149466	-0.488797967236592	1.60262024894333	0.717041903274281	0.921416833497204	0.00432953617449896	0.11788950713282	NA	"abundance"	50	10
"GGB24132_SGB35935"	"Genotype"	"MUT"	"GenotypeMUT"	0.259239885463148	0.518121331076144	0.73066662645355	0.724854057303308	0.92641683997907	0.0159694196754717	0.159694196754717	NA	"abundance"	50	33
"Coriobacteriaceae_bacterium"	"Sex"	"M"	"SexM"	0.126737811563519	-0.197565677367378	0.95738063792009	0.737047519437043	0.931499245126639	0.0047155802853128	0.11788950713282	NA	"abundance"	50	31
"GGB3171_SGB4185"	"Sequencing_Depth"	"Sequencing_Depth"	"Sequencing_Depth"	-0.419832950318336	-0.488797967236592	0.23714255276722	0.786614568208152	0.945542817703268	0.0234018222394225	0.1894331127537	NA	"abundance"	50	9
"GGB24132_SGB35935"	"Sex"	"M"	"SexM"	-0.407222143348869	-0.197565677367378	0.780085265413842	0.790180071483793	0.946929933070099	0.00199151308893382	0.0879778306225503	NA	"abundance"	50	33
"GGB75725_SGB102612"	"Sex"	"M"	"SexM"	0.0336292615490092	-0.197565677367378	0.839970923439081	0.789867067606799	0.946929933070099	0.00157522846812873	0.0879778306225503	NA	"abundance"	50	19
"Bacillota_unclassified_SGB43546"	"Sequencing_Depth"	"Sequencing_Depth"	"Sequencing_Depth"	-0.389317072947599	-0.488797967236592	0.351001690655263	0.792059034317399	0.947254357792788	0.0116803601096969	0.157632720075788	NA	"abundance"	50	9
"Alistipes_timonensis"	"Sequencing_Depth"	"Sequencing_Depth"	"Sequencing_Depth"	-1.17755771087613	-0.488797967236592	2.3618872296179	0.819095643420402	0.954867003502009	0.0198631048551511	0.176560932045788	NA	"abundance"	50	6
"Clostridiales_bacterium"	"Site"	"Jejunum"	"SiteJejunum"	0.504350365702895	0.169814988290091	1.37998931221098	0.816205271266062	0.954867003502009	0.038636522867753	0.23066580816569	NA	"abundance"	50	11
"GGB27876_SGB40310"	"Sex"	"M"	"SexM"	-0.368214664299846	-0.197565677367378	0.750264640160147	0.822158286987295	0.954867003502009	0.000383718893647276	0.0613950229835642	NA	"abundance"	50	27
"GGB30461_SGB63209"	"Sequencing_Depth"	"Sequencing_Depth"	"Sequencing_Depth"	-0.437465079716734	-0.488797967236592	0.255416668810832	0.850941136552606	0.963039637855675	0.00858309002705288	0.151276182377523	NA	"abundance"	50	10
"Muricaecibacterium_torontonense"	"Sequencing_Depth"	"Sequencing_Depth"	"Sequencing_Depth"	-0.0750380752457982	0	0.413456254369451	0.85598317216969	0.965850744076528	0.0173242303548983	0.169016881511203	NA	"prevalence"	50	40
"Duncaniella_dubosii"	"Genotype"	"MUT"	"GenotypeMUT"	0.36055195191761	0.518121331076144	0.911847040415356	0.864116664099051	0.966437448909386	0.0154735096521574	0.159694196754717	NA	"abundance"	50	24
"GGB42598_SGB59794"	"Sex"	"M"	"SexM"	-0.299303632844633	-0.197565677367378	0.662517217228017	0.880422865626247	0.966437448909386	0.0348581509664958	0.2267196810829	NA	"abundance"	50	23
"Acutalibacter_muris"	"Sequencing_Depth"	"Sequencing_Depth"	"Sequencing_Depth"	-0.416835272410639	-0.488797967236592	0.663759732093983	0.917042329233268	0.971851239417264	0.00171751791759405	0.0879778306225503	NA	"abundance"	50	11
"GGB1503_SGB2082"	"Sex"	"M"	"SexM"	-0.228125851784339	-0.197565677367378	0.442040925674416	0.946584910934773	0.986793827505453	0.0299843027582316	0.216469641517123	NA	"abundance"	50	29
"GGB27480_SGB39776"	"Sequencing_Depth"	"Sequencing_Depth"	"Sequencing_Depth"	-0.511793840982711	-0.488797967236592	0.354890932683415	0.952746655034845	0.990157531112118	0.0212330132914055	0.180053578807789	NA	"abundance"	50	8
"GGB28778_SGB41431"	"Sequencing_Depth"	"Sequencing_Depth"	"Sequencing_Depth"	-0.475614640819763	-0.488797967236592	0.286683574752906	0.965221177787218	0.992173252559636	0.0303057498123972	0.216469641517123	NA	"abundance"	50	11
"GGB30046_SGB42947"	"Sequencing_Depth"	"Sequencing_Depth"	"Sequencing_Depth"	-0.494620134024222	-0.488797967236592	0.100942233533859	0.961047555072065	0.992173252559636	0.0124523175920315	0.158922180509368	NA	"abundance"	50	25
"GGB27884_SGB40318"	"Genotype"	"MUT"	"GenotypeMUT"	0.539852735496413	0.518121331076144	0.692901516929114	0.975170087911374	0.995450921628769	0.0285273417000439	0.216469641517123	NA	"abundance"	50	30
"GGB27478_SGB39772"	"Sex"	"M"	"SexM"	-0.0121438458493186	0	0.950973707852043	0.989811365239502	0.997193277469565	0.0112305787443001	0.154904534404139	NA	"prevalence"	50	8
"GGB27885_SGB40319"	"Sequencing_Depth"	"Sequencing_Depth"	"Sequencing_Depth"	-0.489036448205129	-0.488797967236592	0.22151977368219	0.999174803122274	1	0.0234423477032703	0.1894331127537	NA	"abundance"	50	23
"Lactobacillus_johnsonii"	"Sex"	"M"	"SexM"	-0.198757749931176	-0.197565677367378	0.758755872113752	0.998759221127889	1	0.0333474763550267	0.226084585457808	NA	"abundance"	50	34
"GGB30045_SGB42945"	"Sex"	"M"	"SexM"	-1.29312593460287	0	0.703755601392686	0.0661413524627698	0.33439705236542	0.000311748502528353	0.0613950229835642	"Prevalence association possibly induced by stronger abundance association"	"prevalence"	50	33
"GGB14001_SGB21428"	"Genotype"	"MUT"	"GenotypeMUT"	1.1862362410358	0	0.974703650894236	0.223595668153197	0.552349804347329	0.000279645666723338	0.0613950229835642	"Prevalence association possibly induced by stronger abundance association"	"prevalence"	50	44
"Caniella_muris"	"Genotype"	"MUT"	"GenotypeMUT"	0.705679591597131	0	0.718071672247003	0.325734159598705	0.674772002421066	0.00106110488111688	0.0879778306225503	"Prevalence association possibly induced by stronger abundance association"	"prevalence"	50	35
"GGB22635_SGB33556"	"Sex"	"M"	"SexM"	-0.600274853606856	0	0.766165990169994	0.433345965261817	0.755053047562743	0.0130308311073797	0.158922180509368	"Prevalence association possibly induced by stronger abundance association"	"prevalence"	50	10
"GGB27478_SGB39772"	"Site"	"Jejunum"	"SiteJejunum"	-0.26356603023461	0	0.887232167780205	0.766416535156438	0.940135359248638	0.0302661014869257	0.216469641517123	"Prevalence association possibly induced by stronger abundance association"	"prevalence"	50	8
"Lachnospiraceae_unclassified_SGB41405"	"Genotype"	"MUT"	"GenotypeMUT"	-0.0797992603842651	0	0.793321430924072	0.91987687827469	0.97357720419936	0.00591924732920968	0.13927640774611	"Prevalence association possibly induced by stronger abundance association"	"prevalence"	50	9
"Acutalibacter_caecimuris"	"Sequencing_Depth"	"Sequencing_Depth"	"Sequencing_Depth"	NA	NA	NA	NA	NA	0.0191483504773534	0.176076785998652	"contrasts can be applied only to factors with 2 or more levels"	"abundance"	50	6
"Adlercreutzia_SGB42953"	"Genotype"	"MUT"	"GenotypeMUT"	NA	NA	NA	NA	NA	0.00457593048505446	0.11788950713282	"contrasts can be applied only to factors with 2 or more levels"	"abundance"	50	11
"Alistipes_muris"	"Sequencing_Depth"	"Sequencing_Depth"	"Sequencing_Depth"	0.647752121634362	NA	NA	NA	NA	0.0206971999895919	0.179975652083408	"Fitting error (NA p-value returned from fitting procedure)"	"abundance"	50	4
"Bacillota_unclassified_SGB43543"	"Genotype"	"MUT"	"GenotypeMUT"	NA	NA	NA	NA	NA	0.00871823641148967	0.151276182377523	"No data points have the baseline factor level"	"abundance"	50	10
"Bacillota_unclassified_SGB43543"	"Sequencing_Depth"	"Sequencing_Depth"	"Sequencing_Depth"	NA	NA	NA	NA	NA	0.0234088115359263	0.1894331127537	"No data points have the baseline factor level"	"abundance"	50	10
"Bacillota_unclassified_SGB43549"	"Sequencing_Depth"	"Sequencing_Depth"	"Sequencing_Depth"	-0.917909733209483	NA	NA	NA	NA	0.0075803173246508	0.147041916360904	"Fitting error (NA p-value returned from fitting procedure)"	"abundance"	50	5
"bacterium_1xD42_67"	"Sequencing_Depth"	"Sequencing_Depth"	"Sequencing_Depth"	-1.25223973174184	NA	NA	NA	NA	0.0190333940870841	0.176076785998652	"Fitting error (NA p-value returned from fitting procedure)"	"abundance"	50	4
"Flintibacter_SGB43538"	"Sequencing_Depth"	"Sequencing_Depth"	"Sequencing_Depth"	NA	NA	NA	NA	NA	0.0131110798920229	0.158922180509368	"contrasts can be applied only to factors with 2 or more levels"	"abundance"	50	4
"GGB115370_SGB161393"	"Sequencing_Depth"	"Sequencing_Depth"	"Sequencing_Depth"	NA	NA	NA	NA	NA	0.00981787883427684	0.151276182377523	"contrasts can be applied only to factors with 2 or more levels"	"abundance"	50	7
"GGB28946_SGB41652"	"Sequencing_Depth"	"Sequencing_Depth"	"Sequencing_Depth"	NA	NA	NA	NA	NA	0.0404434727864843	0.236166264446624	"contrasts can be applied only to factors with 2 or more levels"	"abundance"	50	5
"GGB28956_SGB41665"	"Sequencing_Depth"	"Sequencing_Depth"	"Sequencing_Depth"	NA	NA	NA	NA	NA	0.0364713977465468	0.23066580816569	"No data points have the baseline factor level"	"abundance"	50	5
"GGB30296_SGB43260"	"Sequencing_Depth"	"Sequencing_Depth"	"Sequencing_Depth"	NA	NA	NA	NA	NA	0.0187157959974162	0.176076785998652	"contrasts can be applied only to factors with 2 or more levels"	"abundance"	50	5
"GGB30298_SGB43262"	"Sex"	"M"	"SexM"	NA	NA	NA	NA	NA	0.0158061202643891	0.159694196754717	"contrasts can be applied only to factors with 2 or more levels"	"abundance"	50	11
"GGB30454_SGB43516"	"Sequencing_Depth"	"Sequencing_Depth"	"Sequencing_Depth"	NA	NA	NA	NA	NA	0.0133939130393282	0.159370282212677	"contrasts can be applied only to factors with 2 or more levels"	"abundance"	50	8
"GGB30461_SGB43529"	"Sequencing_Depth"	"Sequencing_Depth"	"Sequencing_Depth"	NA	NA	NA	NA	NA	0.0105653305526369	0.153890700493724	"contrasts can be applied only to factors with 2 or more levels"	"abundance"	50	8
"GGB30461_SGB63208"	"Sequencing_Depth"	"Sequencing_Depth"	"Sequencing_Depth"	NA	NA	NA	NA	NA	0.0138665538238487	0.159370282212677	"contrasts can be applied only to factors with 2 or more levels"	"abundance"	50	4
"GGB30468_SGB43552"	"Sequencing_Depth"	"Sequencing_Depth"	"Sequencing_Depth"	NA	NA	NA	NA	NA	0.0344985380419855	0.22621992158679	"contrasts can be applied only to factors with 2 or more levels"	"abundance"	50	3
"GGB30475_SGB63182"	"Sequencing_Depth"	"Sequencing_Depth"	"Sequencing_Depth"	NA	NA	NA	NA	NA	0.0290350547651801	0.216469641517123	"contrasts can be applied only to factors with 2 or more levels"	"abundance"	50	10
"GGB30475_SGB63182"	"Sex"	"M"	"SexM"	NA	NA	NA	NA	NA	0.0176490468453114	0.170111294894568	"contrasts can be applied only to factors with 2 or more levels"	"abundance"	50	10
"GGB32371_SGB41694"	"Genotype"	"MUT"	"GenotypeMUT"	NA	NA	NA	NA	NA	0.00690488272977925	0.147041916360904	"contrasts can be applied only to factors with 2 or more levels"	"abundance"	50	10
"GGB32371_SGB41694"	"Sex"	"M"	"SexM"	NA	NA	NA	NA	NA	0.0146232095492231	0.159370282212677	"contrasts can be applied only to factors with 2 or more levels"	"abundance"	50	10
"GGB42646_SGB59844"	"Sex"	"M"	"SexM"	NA	NA	NA	NA	NA	0.0212986202220569	0.180053578807789	"contrasts can be applied only to factors with 2 or more levels"	"abundance"	50	10
"GGB45515_SGB63187"	"Sequencing_Depth"	"Sequencing_Depth"	"Sequencing_Depth"	NA	NA	NA	NA	NA	0.0366568475430447	0.23066580816569	"contrasts can be applied only to factors with 2 or more levels"	"abundance"	50	4
"GGB70518_SGB94950"	"Genotype"	"MUT"	"GenotypeMUT"	NA	NA	NA	NA	NA	0.0434347200054089	0.248198400030908	"contrasts can be applied only to factors with 2 or more levels"	"abundance"	50	6
"GGB73359_SGB46611"	"Sequencing_Depth"	"Sequencing_Depth"	"Sequencing_Depth"	NA	NA	NA	NA	NA	0.0430191173828257	0.247592042491083	"contrasts can be applied only to factors with 2 or more levels"	"abundance"	50	4
"GGB74395_SGB43523"	"Sequencing_Depth"	"Sequencing_Depth"	"Sequencing_Depth"	NA	NA	NA	NA	NA	0.0252235485545143	0.201788388436115	"contrasts can be applied only to factors with 2 or more levels"	"abundance"	50	4
"GGB75057_SGB102223"	"Sequencing_Depth"	"Sequencing_Depth"	"Sequencing_Depth"	NA	NA	NA	NA	NA	0.0202738803598017	0.178231915251004	"contrasts can be applied only to factors with 2 or more levels"	"abundance"	50	8
"GGB75074_SGB102167"	"Sequencing_Depth"	"Sequencing_Depth"	"Sequencing_Depth"	NA	NA	NA	NA	NA	0.0140168420985091	0.159370282212677	"contrasts can be applied only to factors with 2 or more levels"	"abundance"	50	13
"GGB75074_SGB102167"	"Sex"	"M"	"SexM"	NA	NA	NA	NA	NA	0.00864364091981541	0.151276182377523	"contrasts can be applied only to factors with 2 or more levels"	"abundance"	50	13
"Oscillibacter_SGB43499"	"Sequencing_Depth"	"Sequencing_Depth"	"Sequencing_Depth"	NA	NA	NA	NA	NA	0.0404434727864843	0.236166264446624	"contrasts can be applied only to factors with 2 or more levels"	"abundance"	50	5
"Oscillibacter_SGB94990"	"Sequencing_Depth"	"Sequencing_Depth"	"Sequencing_Depth"	NA	NA	NA	NA	NA	0.0344985380419855	0.22621992158679	"contrasts can be applied only to factors with 2 or more levels"	"abundance"	50	3
"Oscillospiraceae_bacterium"	"Sequencing_Depth"	"Sequencing_Depth"	"Sequencing_Depth"	NA	NA	NA	NA	NA	0.0293454112441754	0.216469641517123	"contrasts can be applied only to factors with 2 or more levels"	"abundance"	50	6
"Oscillospiraceae_unclassified_SGB43526"	"Sequencing_Depth"	"Sequencing_Depth"	"Sequencing_Depth"	NA	NA	NA	NA	NA	0.0189070090457595	0.176076785998652	"contrasts can be applied only to factors with 2 or more levels"	"abundance"	50	6
"Faecalibaculum_rodentium"	"Sequencing_Depth"	"Sequencing_Depth"	"Sequencing_Depth"	NA	0	NA	NA	NA	0.00235477980549648	0.0879778306225503	"All logistic values are the same"	"prevalence"	50	50
