feature	Acutalibacter_caecimuris	Acutalibacter_intestini	Acutalibacter_muris	Acutalibacter_sp_1XD8_33	Adlercreutzia_SGB42953	Adlercreutzia_aquisgranensis	Adlercreutzia_caecimuris	Adlercreutzia_mucosicola	Adlercreutzia_muris	Akkermansia_muciniphila	Alistipes_timonensis	Anaerostipes_hominis_ex_Lee_et_al_2021	Bacillota_unclassified_SGB43543	Bacillota_unclassified_SGB63211	Bacteroidales_bacterium	Bifidobacterium_pseudolongum	Blautia_pseudococcoides	Caniella_muris	Clostridia_bacterium	Clostridiaceae_bacterium	Clostridiales_bacterium	Coriobacteriaceae_bacterium	Duncaniella_dubosii	Duncaniella_freteri	Duncaniella_muricolitica	Duncaniella_muris	Eubacteriaceae_bacterium	Faecalibaculum_rodentium	GGB115370_SGB161393	GGB14001_SGB21428	GGB143828_SGB43507	GGB1503_SGB2082	GGB18828_SGB27767	GGB22635_SGB33556	GGB22635_SGB63107	GGB24132_SGB35935	GGB24146_SGB35950	GGB24148_SGB35952	GGB25041_SGB36960	GGB27478_SGB39772	GGB27480_SGB39776	GGB27482_SGB39778	GGB27849_SGB40283	GGB27860_SGB40294	GGB27861_SGB40295	GGB27866_SGB40300	GGB27873_SGB41457	GGB27876_SGB40310	GGB27884_SGB40318	GGB27885_SGB40319	GGB27894_SGB40329	GGB27919_SGB40357	GGB27929_SGB40368	GGB28310_SGB40880	GGB28317_SGB40889	GGB28380_SGB40960	GGB28382_SGB40962	GGB28765_SGB41414	GGB28769_SGB41421	GGB28778_SGB41431	GGB28793_SGB41446	GGB28796_SGB41449	GGB28803_SGB41457	GGB28870_SGB41545	GGB28901_SGB41592	GGB28904_SGB41597	GGB28934_SGB41635	GGB28946_SGB41652	GGB28949_SGB41655	GGB28956_SGB41665	GGB28990_SGB41704	GGB29003_SGB41719	GGB29531_SGB42317	GGB30045_SGB42945	GGB30046_SGB42947	GGB30294_SGB43258	GGB30296_SGB43260	GGB30298_SGB43262	GGB30454_SGB43516	GGB30455_SGB43519	GGB30461_SGB102216	GGB30461_SGB43529	GGB30461_SGB63209	GGB30475_SGB63182	GGB30861_SGB44083	GGB3171_SGB4185	GGB32371_SGB41694	GGB42570_SGB59765	GGB42598_SGB59794	GGB42646_SGB59844	GGB45514_SGB63186	GGB46159_SGB63927	GGB46162_SGB63930	GGB70518_SGB94950	GGB70852_SGB95305	GGB75057_SGB102223	GGB75074_SGB102167	GGB75104_SGB102231	GGB75725_SGB102612	GGB75726_SGB102611	GGB75879_SGB103683	GGB9439_SGB42949	Hominisplanchenecus_murintestinalis	Lachnospiraceae_bacterium	Lachnospiraceae_bacterium_A2	Lachnospiraceae_unclassified_SGB41405	Lachnospiraceae_unclassified_SGB7275	Lactobacillus_intestinalis	Lactobacillus_johnsonii	Lepagella_muris	Ligilactobacillus_murinus	Limosilactobacillus_reuteri	Muribaculaceae_bacterium	Muribaculum_gordoncarteri	Muribaculum_intestinale	Muricaecibacterium_torontonense	Neglectibacter_caecimuris	Neglectibacter_sp_X4	Oscillibacter_SGB43496	Oscillibacter_SGB43499	Oscillospiraceae_bacterium	Oscillospiraceae_unclassified_SGB43526	Paramuribaculum_intestinale	Parasutterella_muris	Parvibacter_caecicola	Sangeribacter_muris	Schaedlerella_arabinosiphila	Turicibacter_sp_1E2	Turicimonas_muris
SLC_SMT_NEG_18J	NA	-10.5228502811648	-10.7207896587767	NA	NA	NA	NA	NA	-6.76453749475961	-3.13675231065585	NA	-10.5261047772115	-10.6839745012533	-10.8494098247838	NA	-5.88259916414025	NA	-10.1598567844129	-10.9454554936143	-10.5168096790075	NA	NA	NA	NA	-8.02633648246124	NA	-10.9810493537717	-2.17029423110953	NA	-5.30698526962211	NA	NA	NA	NA	NA	NA	NA	-8.4150505787553	NA	NA	NA	NA	NA	NA	NA	NA	NA	NA	NA	NA	NA	NA	-10.4261721858747	-4.67467628697147	NA	NA	-11.093424193001	NA	NA	NA	NA	-11.2469819148733	NA	-10.034863497611	NA	-8.86208169094048	NA	NA	NA	-10.180221277414	NA	NA	-11.1009352039897	-7.49321275176238	NA	NA	NA	NA	NA	-10.8217036595949	NA	NA	NA	NA	-7.79279520861472	NA	NA	NA	NA	NA	-10.5189321932916	-6.94269729859927	NA	NA	NA	NA	NA	NA	NA	NA	NA	-9.83166668048131	NA	-4.56210932506894	NA	NA	-9.55883014441957	NA	NA	NA	-11.0043366619362	NA	NA	NA	NA	-1.05279159728662	NA	NA	NA	NA	NA	NA	NA	-7.57652221411128	NA	NA	NA	NA	NA
SLC_SMT_NEG_101J	-10.4157236538204	-9.90576241953046	NA	NA	NA	-9.74479682121703	-7.02787016164341	-9.37656170167014	-6.61854814888188	-5.71946920664543	NA	NA	NA	NA	-6.72549907147088	-7.15610008834558	NA	-7.46939890537532	-10.9415601037919	-8.87075778082408	-10.1130736565536	-8.94644757587014	-6.83077908379781	-9.94264477870324	-8.86237597992304	-8.660158932893	-9.75306443720063	-4.01858839506012	NA	-6.56214917650962	NA	-5.83317483503277	-8.99408489346495	NA	-8.56772674726546	-4.56063919024984	-7.07540885874086	-6.72621601314946	NA	NA	-11.4494660793001	-11.2247470849437	-5.9484208281194	-9.0056165157923	-9.35422449429749	-9.00149325668339	NA	-7.89002097142798	-7.08630570478538	-9.17173113162865	NA	-1.9823496612919	-9.02575448651948	-3.0122937518269	-9.84989388369456	NA	NA	NA	-9.52834377354351	-9.10559177440967	NA	NA	NA	NA	NA	NA	NA	NA	NA	NA	NA	NA	NA	-6.33849850060637	-10.0828635629235	-9.81386231532788	NA	-10.1389483415697	NA	NA	NA	NA	NA	-9.97906334284177	-7.8974758083455	NA	-8.36992836919448	NA	-8.37081452952784	NA	NA	-8.55760169406718	-9.68185979702933	NA	-5.10213582653862	-10.4319521156123	-9.76302115249315	NA	-11.0211640893348	NA	-9.92202130659266	-8.37933898807955	NA	-4.17636593955093	NA	NA	-9.67373191614593	-10.6209337166926	-10.1823992364744	-6.49468726651299	-10.5286927704506	-10.7566027911168	-7.13413879955157	-5.92076116076674	-6.49121135275677	-2.69710458581212	NA	-9.74128726942427	NA	NA	NA	NA	-6.63181157974608	-9.71655894988715	-9.59633893351317	-9.40169860549049	NA	NA	-8.63001629923154
SLC_SMT_NEG_17J	NA	NA	NA	NA	-8.3029681979883	-8.8623448173171	-8.78865238502024	NA	-7.31467615539777	-3.9079726696681	NA	NA	NA	NA	-7.35287643374739	-4.95929894254534	NA	NA	NA	NA	NA	-8.39597038265241	-7.07548398746668	NA	-7.65578333825956	-7.74298945850261	NA	-2.17461832905427	NA	-7.54892681984516	NA	-5.21216007404225	-7.89919282320252	NA	NA	-6.20823878254333	-8.09053593155878	-7.4432246347919	NA	NA	NA	-9.63174804920885	-5.7903142653335	-7.55743944829142	-8.53563699657936	-8.26550174057103	NA	-8.18519162807178	-5.52497533556204	-8.47512652065198	NA	-3.16504436978065	-8.22638851239043	-6.3454448740603	NA	NA	NA	NA	NA	NA	NA	NA	NA	NA	NA	NA	NA	NA	NA	NA	NA	NA	NA	-8.43826995542862	NA	NA	NA	NA	NA	NA	NA	NA	NA	NA	-8.29654907709402	NA	NA	-8.90687226236291	-6.94476515238142	NA	NA	-6.06419496859841	-8.71425773995929	NA	-3.18990088625028	NA	NA	NA	NA	NA	-6.76469858000565	-8.05164174956398	-8.1499039801298	-6.53875858822107	NA	NA	NA	NA	NA	-6.39365637935809	NA	NA	-5.93357874939466	-6.26518834966269	-5.68025196225057	-2.7266900977873	NA	NA	NA	NA	NA	NA	-8.24018111305319	-8.7057273674887	NA	-8.41740036281571	NA	NA	-8.05299360033839
SLC_SMT_NEG_193J	-12.3059678591431	-10.7083051993126	-11.0735232850221	-10.7175664088444	NA	-9.83384625393633	-7.03279172090491	-11.8351285681959	-6.8452014570285	-6.78720666848416	-11.5592816552148	NA	-11.2183456569028	-11.5489245736737	-6.88350425898967	-7.932087684621	NA	-7.29768917625053	-10.3788993815969	-9.50464887040003	-10.2213765299521	-8.46340208746606	-7.09555374902862	-11.5490247712666	-7.25418321398016	-8.92965595091527	-11.156888676109	-2.2421772003072	-11.7736567539416	-7.17598350102503	NA	-5.94064144601319	-10.3205187419943	-11.5451222125079	-9.24076855953263	-5.28133150066768	-7.81516875913292	-9.15465706980476	-10.8012579556465	-12.8582831259644	-12.3146296600854	-11.4593827298227	-6.12462776131096	-8.96571653630986	-12.0946484898534	-9.32154538857092	NA	-8.54572191947552	-6.16307700004007	-8.90487201680097	NA	-2.70361727965504	-9.51704201830399	-4.0814028041522	-10.7361550296537	NA	NA	NA	-11.1316094571228	-10.159410536875	-11.2326786407459	NA	NA	-10.7367255354508	-11.3517278512492	-11.4834052563089	-11.5990819575667	-10.7683392952103	-11.7810518954401	-11.4110476474637	-10.9494404607209	NA	-11.8089762803399	-6.48862684657843	-10.4105013789828	-11.1292854915255	-10.7958974279006	-10.7612990481344	-10.6413461424818	-11.9496388556754	-9.79120843489209	-12.2632577638531	-11.7404393323832	-11.058539511129	-8.11805591342858	-11.6050072184324	NA	-9.12717093938878	-11.0593956253115	-10.8209644201023	-11.194403568019	-8.69481487878478	-10.3039373239157	NA	-4.49485627837652	-11.3116516090482	-10.6069877256454	NA	-10.7551018700803	-12.8336631591914	-9.83699300915099	-8.01545138567393	-6.69998934830097	-4.77989206555299	-10.7102087127786	-11.5442231192151	-11.8567940203367	-10.0838657477062	-8.64519689705501	-7.39156728554122	-10.9270655263295	-10.1085365621988	-7.38381133867997	-5.00653730938829	-5.41755044730842	-2.62441453956017	-12.1780401218101	-10.8320163513053	-11.8703768250041	-11.693942151081	-10.5851961332119	-11.6931668360812	-5.18422033863772	-9.23848426242709	-11.3148852078748	-10.2378380384338	-10.6050072184324	-12.0733071023528	-10.2120252723054
SLC_SMT_NEG_159J	NA	NA	NA	NA	NA	NA	NA	NA	NA	-3.38814185223314	NA	NA	NA	NA	NA	NA	NA	-4.44601748947792	NA	NA	NA	NA	NA	NA	-3.91026370704677	NA	NA	-1.85576421921664	NA	-3.83507698968615	NA	NA	NA	NA	NA	NA	NA	-4.90588284917403	NA	NA	NA	NA	NA	NA	NA	NA	NA	NA	NA	NA	NA	NA	NA	-3.53693127441588	NA	NA	NA	NA	NA	NA	NA	NA	NA	NA	NA	NA	NA	NA	NA	NA	NA	NA	NA	NA	NA	NA	NA	NA	NA	NA	NA	NA	NA	NA	-4.97825187206156	NA	NA	NA	-3.96514110205145	NA	NA	-3.12322230348509	NA	NA	NA	NA	NA	NA	NA	NA	NA	NA	NA	-3.11142399365421	NA	NA	NA	NA	NA	NA	NA	NA	NA	NA	NA	NA	NA	NA	NA	NA	NA	NA	NA	NA	NA	NA	NA	NA	NA
SLC_SMT_NEG_103J	NA	NA	NA	NA	NA	-10.078590068671	-7.51063233318313	-9.71771264270936	-6.82490460696644	-5.5705416055207	NA	NA	NA	NA	-7.75933143278092	-7.20163174433929	NA	-6.10651283041737	-11.7402082149226	-9.10561655125348	NA	-8.85655769102018	-5.89607933481861	-10.2209422143074	-9.63100509763472	-9.49994134188203	-9.39025168980145	-2.69896262485927	-10.6960456395239	-6.34756654924638	NA	-5.21254307095369	-10.5206183892492	NA	-9.86767312638252	-4.93108073244873	-8.00850077094411	-8.18082826260172	-7.67628731594509	NA	NA	NA	-7.28466239134023	-9.5840421666572	-10.6976574093718	-10.3583530302937	NA	-6.93614333571266	-7.2854498969194	-10.2211740097836	NA	-2.09570938338076	-10.2337465951549	-3.65963394471035	NA	NA	-11.0063019973353	NA	NA	NA	NA	-10.7710979087373	-10.1744180234762	NA	NA	-9.2094571526268	NA	-9.23614548029351	NA	NA	NA	NA	NA	-6.58801620158766	-10.6607203609642	NA	NA	NA	-9.99724250175968	NA	NA	-10.297329630948	NA	NA	-8.31290091933678	NA	-10.0539173365468	NA	NA	NA	NA	-9.52927422778173	-10.2739376669932	NA	-7.10309123803278	NA	-10.3335829554599	NA	-12.5294894964958	NA	-11.3921425519882	-8.07261746927536	NA	-5.40370037054757	NA	NA	NA	-11.4561779908688	-10.6881738915828	-8.79876629412857	-9.17677637809464	-10.3282051254056	-7.29159811020884	-5.5848994826519	-5.38252658155712	-2.57820188207348	NA	NA	NA	-10.3008774941891	NA	NA	-7.15897380740208	-8.93746383690806	-9.36884354325005	-9.15907094970547	NA	-5.43145741353527	-6.71339592782985
SLC_SMT_NEG_155J	NA	NA	NA	NA	NA	NA	NA	NA	NA	NA	NA	NA	NA	NA	NA	-3.13223133847275	NA	NA	NA	NA	NA	NA	NA	NA	NA	NA	NA	-0.561340792621145	NA	NA	NA	NA	NA	NA	NA	NA	NA	NA	NA	NA	NA	NA	NA	NA	NA	NA	NA	NA	NA	NA	NA	NA	NA	NA	NA	NA	NA	NA	NA	NA	NA	NA	NA	NA	NA	NA	NA	NA	NA	NA	NA	NA	NA	NA	NA	NA	NA	NA	NA	NA	NA	NA	NA	NA	NA	NA	NA	NA	NA	NA	NA	NA	NA	NA	NA	NA	NA	NA	NA	NA	NA	NA	NA	NA	NA	NA	NA	NA	NA	NA	NA	NA	NA	NA	NA	-2.26343468543012	NA	NA	NA	NA	NA	NA	NA	NA	NA	NA	NA	NA	NA
SLC_SMT_NEG_158J	NA	NA	NA	NA	NA	NA	NA	NA	NA	NA	NA	NA	NA	NA	NA	NA	NA	NA	NA	NA	NA	NA	NA	NA	NA	NA	NA	0	NA	NA	NA	NA	NA	NA	NA	NA	NA	NA	NA	NA	NA	NA	NA	NA	NA	NA	NA	NA	NA	NA	NA	NA	NA	NA	NA	NA	NA	NA	NA	NA	NA	NA	NA	NA	NA	NA	NA	NA	NA	NA	NA	NA	NA	NA	NA	NA	NA	NA	NA	NA	NA	NA	NA	NA	NA	NA	NA	NA	NA	NA	NA	NA	NA	NA	NA	NA	NA	NA	NA	NA	NA	NA	NA	NA	NA	NA	NA	NA	NA	NA	NA	NA	NA	NA	NA	NA	NA	NA	NA	NA	NA	NA	NA	NA	NA	NA	NA	NA	NA
SLC_SMT_NEG_110J	NA	NA	NA	NA	NA	-9.65273357401714	-7.38621972368839	-9.64139420401975	-6.63446725955989	-5.09190237975973	NA	NA	NA	NA	-6.93009224696014	-6.73662218987681	NA	-6.57838836296695	NA	-10.3617601612735	NA	-9.112725172623	-6.84218292940708	-9.96163367804869	-8.7747144927926	-9.06190436922468	-10.3587126420987	-2.49613381743297	NA	-6.78911662398115	NA	-6.0901835989618	-9.28418321000654	NA	-8.81294028935836	-4.74652742789311	-7.61234044267221	-7.82327398193305	-9.51914597622234	NA	NA	-11.6983295843852	-5.78382509502847	-8.71406515067631	-9.90529913704815	-10.0641364919612	NA	-7.05276397623337	-5.70109507130851	-9.42984801701193	NA	-2.07141191099466	-10.1591583464816	-4.72378863165866	NA	NA	NA	NA	NA	NA	NA	NA	NA	NA	NA	NA	NA	NA	NA	NA	NA	NA	NA	-6.68941258536377	-9.3873837820401	NA	NA	NA	NA	NA	NA	NA	NA	NA	-8.33074949308561	NA	-9.79759011823069	NA	NA	NA	NA	-8.24539146451671	-10.6179770427299	NA	-5.32316948290016	NA	NA	NA	-11.6346515471045	NA	-10.2591769685478	-8.66247079601875	NA	-5.75544242273938	NA	NA	NA	-10.4530605944062	-9.57578734624274	-7.72018773179116	-10.5137971522301	-10.6797657653469	-7.59397052751634	-5.36217016274187	-5.99897188572269	-2.40366037555372	NA	NA	NA	NA	NA	NA	-7.23170159317179	-9.31597077207592	-9.83659414265939	-9.44003811361261	NA	-9.01803227218533	-7.63947441907801
SLC_SMT_NEG_153J	NA	NA	NA	NA	-9.89076622328524	-10.3513969981963	-10.1917121190283	NA	-7.96734925508276	-3.84578808947096	NA	NA	NA	NA	-7.71340211758852	-5.17955817156679	NA	-10.7026047259961	NA	NA	-10.8937047028962	-9.86497022240791	-7.90653246387323	NA	-8.68884309653938	-8.69904489696158	NA	-2.52112331810681	NA	-8.44434482548265	NA	-4.66573602196653	-8.65342461335087	-10.5218607207207	-10.8270273375138	-5.56343229162287	-8.7438112075948	-8.78459207119341	-9.411896220569	-11.7695798767652	-12.2086880507956	-10.478128034112	-5.54802952599917	-7.96443724359778	-10.0713841328134	-9.37920016609682	NA	-8.51520816420433	-5.75933770187959	-9.65388122153036	NA	-2.34480556153492	-10.1114147138942	-6.57605789671603	NA	NA	NA	NA	NA	NA	NA	NA	NA	NA	-10.1067474516332	NA	NA	NA	NA	NA	NA	NA	NA	-8.86795288686471	-10.8609390048481	-11.0575878390139	NA	NA	NA	NA	NA	NA	NA	NA	-8.69335884433771	NA	NA	NA	-7.82817464721233	NA	NA	-6.90154538932239	-9.86074732278563	-10.8835434605483	-3.26711195082669	NA	NA	NA	-11.6099677660634	NA	-7.61268867312954	-8.2829582816642	-10.2209371907821	-7.88529702351228	NA	-10.1326641392906	NA	-11.153174527323	-11.4560972726751	-7.19584674004734	NA	NA	-6.98682718056551	-6.18371050379864	-5.85881395653207	-2.46915169274298	NA	NA	NA	NA	NA	NA	-9.16058776394159	-9.58141756540111	-10.8854919954757	-10.0311395938809	NA	NA	-8.96887202471136
SLC_SMT_NEG_191J	NA	NA	NA	-10.0984128353286	NA	-9.80504838749212	-7.53607756919583	NA	-7.197429421792	-9.72956754666833	NA	NA	NA	NA	-7.9897138596925	-4.99650573000118	NA	-5.93727884884719	-10.1131105208439	NA	-10.4211583333831	-8.99206915033897	-7.11957723345947	NA	-8.25705457066954	-9.27926036505097	-9.60189554985837	-1.35008316348615	NA	-7.89878496310411	NA	-6.31479652227774	-9.93927073106295	-9.21676735719789	-8.74537439140641	-6.56441693604962	-9.80856218688339	-10.052861845921	-8.18815426577552	NA	NA	-11.4213735164756	-7.76746390114714	-9.9358852051467	NA	NA	NA	-9.04620963798102	-8.46656644750399	NA	NA	-4.69237340993029	-10.3666866421093	-4.69223952446136	NA	NA	NA	-8.76094782180535	NA	-9.64208119529073	NA	NA	NA	NA	NA	NA	NA	NA	NA	NA	NA	NA	NA	-7.17884740655914	-9.83168438592723	NA	NA	NA	NA	NA	NA	NA	NA	NA	-8.40676043369945	NA	NA	-10.3084146703853	-8.87258378768655	NA	NA	-9.38262473274145	-10.4681771872885	NA	-4.96766579664725	NA	NA	NA	-11.7768288537502	NA	-10.9042632259735	-8.07410364411668	-8.75795552405124	-6.50727028928472	NA	NA	NA	-8.81469667321899	-8.24129821325105	-9.49555532963132	-9.18062202338237	-8.6896899588447	-8.01701434605152	-6.2197232815512	-6.12691726038101	-1.89132283287985	NA	-10.1429628708606	-9.92837314768716	NA	NA	NA	-7.14014889286469	-8.82640318126516	-10.1707302557768	-9.87848016880079	NA	-9.70473614838177	-9.6937779273782
SLC_SMT_NEG_160J	NA	NA	NA	NA	NA	-7.84742989877181	-6.92552157685469	-7.29691969119506	NA	-2.44092559080487	NA	NA	NA	NA	-5.49987661270327	-5.84969317932847	NA	NA	NA	NA	NA	NA	-6.32905365835104	NA	-7.01478563795761	-6.5277212452984	NA	-4.36418806890933	NA	-6.99251109613354	NA	-4.77490917405165	-6.77820827231275	NA	NA	-5.59815148968155	-7.0558349630527	-7.30090999948053	NA	NA	NA	NA	-5.47582592656567	-6.26997662635682	-7.41174952469528	NA	NA	NA	-4.9412787376564	-7.22881869049588	NA	-4.13795009154664	-7.0457555435658	-4.91807093237195	NA	NA	NA	NA	NA	NA	NA	NA	NA	NA	NA	NA	NA	NA	NA	NA	NA	NA	NA	-7.31900423801259	NA	NA	NA	NA	NA	NA	NA	NA	NA	NA	NA	NA	NA	-7.57368709925058	NA	NA	NA	-4.84929137037423	-7.51596213576095	NA	-2.94264184670894	NA	NA	NA	NA	NA	-4.50406807637965	-6.85005855733242	NA	-4.91535373950286	NA	NA	NA	NA	NA	-5.70183157991589	NA	NA	-6.00027623732468	-6.2692923518387	-5.60116203341411	-4.14786586808758	NA	NA	NA	NA	NA	NA	-6.59901100417876	NA	NA	NA	NA	NA	-6.76285368569223
SLC_SMT_NEG_109J	NA	NA	-11.3966807706293	-11.7399060253999	NA	-9.91285640396027	-6.75549719380998	-10.899768473361	-6.7903100758437	-9.24688312357635	NA	NA	NA	-11.699042824397	-9.52678482622835	-5.23232752450847	NA	-6.04587580353104	-10.1276795230337	-9.64067378965449	-10.7330146088583	-8.95381385767325	-7.60917481759426	NA	-8.58826462628426	-10.0975329522254	-9.40764504205675	-1.06143758945886	-11.546265740196	-8.97599279812951	-11.1503995995338	-7.85230168385974	NA	-9.74075960694984	-8.48059449561031	-6.15056838830816	-11.1751305637651	-11.9571875359127	-8.08648531528423	-13.5882280463316	NA	-11.8896353673248	-10.4619413861421	-11.325559481768	NA	-11.7058528580922	NA	-10.6328050747288	-10.1404959683608	NA	NA	-4.82708008746793	NA	-4.15169387019428	-11.0976891584918	NA	NA	-10.0905729324088	NA	-11.2328617597258	-11.1645107913604	NA	NA	NA	-11.0200429696835	NA	NA	NA	-11.5211870113059	NA	-10.9770700347345	-11.1189866469023	-11.7049006888524	-7.44398968855299	-10.0741890329137	-11.8124017686967	-11.0784474221216	-10.9014945656785	-11.0937371367332	-11.5214663867988	NA	-11.2754592051608	NA	NA	-7.89617529333166	-11.6701050533861	NA	-9.8329287449965	-7.6407306913488	-11.3501605560144	NA	-10.6168966981692	-11.8916201897816	NA	-6.14408759446453	-12.1523452438488	-10.9250474232608	-12.7470755208188	-13.0470379476394	-13.2085913391553	-12.2559195470158	-7.96380441015897	-8.85819994492743	-6.82780734379263	-10.9151028431387	-10.7715390356469	NA	-7.27869496513137	-6.72308016605026	-9.87867790974584	-9.84376124414167	-8.63803980242958	-9.49791052763592	-5.89075713313263	-7.76051206620793	-2.30443340649381	NA	-11.0711696101123	-10.8262264676203	NA	-11.60752416842	-11.160045419836	-6.74333866019549	-11.5188145013932	-11.2412352070431	-12.138780516267	NA	-11.996453482171	NA
SLC_SMT_NEG_152J	NA	NA	NA	NA	NA	NA	NA	NA	NA	NA	NA	NA	NA	NA	NA	-8.76609053928461	NA	NA	NA	NA	NA	NA	NA	NA	NA	NA	NA	-0.106968024667939	NA	NA	NA	-8.11767784689729	NA	NA	NA	NA	NA	NA	NA	NA	NA	NA	NA	NA	NA	NA	NA	NA	NA	NA	NA	NA	NA	NA	NA	NA	NA	NA	NA	NA	NA	NA	NA	NA	NA	NA	NA	NA	NA	NA	NA	NA	NA	NA	NA	NA	NA	NA	NA	NA	NA	NA	NA	NA	NA	NA	NA	NA	NA	NA	NA	NA	NA	NA	NA	NA	NA	NA	NA	NA	NA	NA	NA	-7.16405150887875	NA	NA	NA	NA	NA	NA	NA	NA	NA	NA	-6.63945440760529	-4.51759638480547	NA	NA	NA	NA	NA	NA	NA	NA	NA	NA	NA	NA	NA
SLC_SMT_NEG_142J	-12.6201773919603	-10.9251408438084	-11.8177453914767	NA	NA	-10.5695813512614	-6.87885692453667	-9.83906314313985	-7.57300820538346	-3.08603572566167	NA	-11.6675411698868	-11.3075108159393	-10.7858289260074	-7.63163329517798	-7.16495811142508	-10.7287852018399	-4.18758822771009	-11.0959150755194	-10.2117140379237	-11.5857541653303	-8.942629500647	NA	NA	NA	-7.659883430697	NA	-1.35052271126997	NA	-6.88988027207929	NA	NA	-10.9827630237448	NA	-8.77120404407004	-4.59082640934655	-8.20254644637886	-10.6056086938768	NA	NA	NA	-13.2493571152911	-6.31293912026847	-9.55265253202827	-10.7667835706849	-11.1203435343429	NA	-8.29045380222666	-5.88030459900651	-11.0302880452104	-11.5107759609998	NA	-9.38539646084796	-5.00681901037923	-11.7166292290672	-10.2685961593543	NA	NA	-11.0037001104216	NA	NA	NA	-10.4032697987447	NA	NA	NA	-11.5381810124122	NA	NA	NA	NA	-11.4546621566009	-10.964887773953	-8.84789593266956	-11.8359622731226	-12.4468211403317	NA	NA	NA	NA	NA	-11.6513202584243	-11.037830049129	NA	-8.64506259226045	-11.57157990838	NA	NA	NA	-10.6594638515133	-11.5919327402595	-6.42174680430721	-11.2050038163341	NA	NA	-12.1607061861527	-10.8435680988797	-13.1838510959906	-12.1127416960106	-10.9692491960983	NA	-8.9416428796234	NA	-6.97545053526664	-11.4506879210997	NA	-9.1283726814251	NA	-11.2928596130186	-7.58304607468864	-10.4562160524532	-10.8398235569358	-8.58619271687779	-6.26270504774533	-4.43207409476086	-2.74324843403915	NA	-10.862631167094	NA	NA	NA	-11.4204191416504	NA	-10.839950331544	-10.3813314875004	-10.8481509158871	-7.90972332248969	NA	-7.76583486013828
SLC_SMT_NEG_15J	NA	NA	NA	NA	NA	NA	NA	NA	-4.87689862918812	-3.48604285677363	NA	NA	NA	NA	NA	-4.92046169076305	NA	NA	NA	NA	NA	NA	NA	NA	-3.97179551924691	NA	NA	-3.43069584201513	NA	-3.73410921149043	NA	NA	NA	NA	NA	NA	NA	-4.73077146805014	NA	NA	NA	NA	NA	NA	NA	NA	NA	NA	NA	NA	NA	NA	-4.73622124559835	-4.3555840595251	NA	NA	NA	NA	NA	NA	NA	NA	NA	NA	NA	NA	NA	NA	NA	NA	NA	NA	NA	NA	NA	NA	NA	NA	NA	NA	NA	NA	NA	NA	NA	NA	NA	NA	NA	NA	NA	-3.61507830660437	NA	NA	NA	NA	NA	NA	NA	NA	NA	NA	NA	-2.46006615963845	NA	NA	NA	NA	NA	NA	NA	NA	NA	NA	NA	-2.15393255240054	NA	NA	NA	NA	NA	NA	NA	NA	NA	NA	NA	NA	NA
SLC_SMT_NEG_91J	NA	NA	NA	NA	-6.36500604261571	-9.3860310298603	-7.81331892186754	-9.92826380665398	-6.64571809634081	-5.87376967829719	NA	NA	NA	NA	-7.67399680531002	-3.2035133172206	NA	-8.02078447606855	-11.11771577877	NA	NA	-8.80251825378021	-6.26509348405887	NA	-6.92896324162709	-8.91230608553723	-9.90243948137809	-2.50416951938507	NA	-7.90718298945658	-9.72177367271273	-5.66336742848833	-8.99469116839295	NA	-8.30949777137899	-5.97436195387418	-9.03224903637611	-8.70660764205251	NA	NA	NA	-11.1623827165033	-6.0312012341914	-7.97125892353368	NA	-10.0041251300249	NA	-8.693474719049	-5.60881102556954	-9.94454889024146	NA	-4.15039326067457	-10.1522028013466	-3.74965281225462	-9.72279468835399	NA	NA	NA	NA	NA	NA	NA	NA	NA	NA	NA	NA	NA	NA	NA	NA	NA	NA	-6.88481573442175	-9.85647312358596	-10.4124545677418	NA	-9.45286123110489	NA	NA	-9.37907243695464	NA	-9.28813398955893	-10.2226695014436	-8.03090482451733	NA	-8.67045266617752	-10.148425211602	-8.05919817281193	-9.51716966030536	NA	-6.31908054466414	-10.3261308079319	-9.36177168950435	-4.45780330616547	NA	-9.61294600988744	NA	-11.6098731758378	NA	-7.77942928647526	-6.83544195783158	NA	-6.69533683674002	NA	-9.45317892370519	NA	-9.35245755455362	-9.25065201796714	-7.13142029348086	-9.85801468917533	-9.7138852067643	-7.60892900365694	-6.53844416895098	-6.80251825378021	-2.10477308130485	-9.68089426383972	-9.98715749570754	NA	NA	NA	NA	-6.32690686768215	-9.94678389462477	-9.60833920967428	-9.92855826426106	NA	-9.92885278197993	-9.71477368304155
SLC_SMT_NEG_141J	NA	NA	NA	NA	NA	NA	-8.26228615457665	-7.26186687700146	-7.65261309321501	-2.14418410505808	-14.7321607590042	NA	NA	NA	-9.96917605033532	NA	-4.8344434214545	NA	NA	NA	-12.8272034515308	-2.82544440769373	NA	NA	NA	-7.63162924515299	NA	-2.77119201572936	NA	-4.88956612338895	NA	NA	NA	NA	NA	-8.09102873019725	-8.51098947512871	NA	NA	NA	NA	NA	-12.0525147183935	-9.29480390888276	-9.43607209977709	-11.435142393931	-11.1848553430232	-11.1262462117567	NA	-10.2658727549905	-6.87158064994913	NA	NA	-4.1348807210154	-9.90323300941197	-11.6632722062829	NA	NA	NA	NA	NA	NA	NA	NA	NA	NA	NA	NA	NA	NA	NA	NA	NA	NA	NA	NA	NA	NA	NA	NA	NA	NA	NA	NA	-6.89692949575201	-11.9276887054786	NA	NA	NA	NA	-17.7034680831085	-8.10749537822493	NA	NA	NA	NA	NA	NA	NA	NA	NA	NA	NA	NA	NA	NA	NA	NA	-15.819151179236	NA	-11.0615895427742	-13.5685495314941	-10.9738706176535	-4.49274253816913	-5.41407880440301	NA	NA	-13.6801884223466	NA	NA	NA	NA	NA	NA	-14.9420079270216	NA	NA	NA	-7.96974462754961
SLC_SMT_NEG_194J	NA	NA	NA	NA	NA	NA	NA	NA	NA	NA	NA	NA	NA	NA	NA	NA	NA	NA	NA	NA	NA	NA	NA	NA	NA	NA	NA	-4.57102330976328	NA	NA	NA	NA	NA	NA	NA	NA	NA	NA	NA	NA	NA	NA	NA	NA	NA	NA	NA	NA	NA	NA	NA	NA	NA	NA	NA	NA	NA	NA	NA	NA	NA	NA	NA	NA	NA	NA	NA	NA	NA	NA	NA	NA	NA	NA	NA	NA	NA	NA	NA	NA	NA	NA	NA	NA	NA	NA	NA	NA	NA	NA	NA	NA	NA	NA	NA	NA	NA	NA	NA	NA	NA	NA	NA	NA	NA	NA	NA	NA	-6.7116188120067	NA	-0.168446891091002	-5.2108895074471	NA	NA	NA	NA	NA	NA	NA	NA	NA	NA	NA	NA	NA	NA	NA	NA	NA
SLC_SMT_NEG_89J	NA	NA	NA	NA	NA	NA	-11.2102548244093	NA	-8.49260809687453	-12.2444105328826	NA	NA	NA	NA	NA	-14.1019115629242	NA	NA	NA	NA	-12.6462804017365	-2.06383505164744	-12.9397388372061	NA	NA	NA	NA	-1.11903717414206	NA	-8.35736971313311	NA	-6.23517926286347	NA	NA	NA	-11.4125764424427	-9.34170773423753	NA	NA	NA	NA	NA	NA	NA	NA	NA	-10.1556681394057	-12.3826823330548	NA	NA	NA	-2.65675862182275	NA	-5.88420705931907	NA	NA	NA	NA	NA	NA	NA	NA	NA	NA	NA	NA	NA	NA	NA	NA	NA	NA	-14.1395083495819	NA	NA	NA	NA	-11.3078718718944	NA	-11.2952194918045	NA	NA	NA	NA	NA	NA	NA	NA	-6.10240090391826	NA	NA	NA	NA	NA	-8.90088290138908	NA	NA	NA	NA	NA	NA	NA	NA	-7.79918816458012	NA	NA	NA	NA	-10.4234048273343	NA	-7.80430964169403	-6.7789980403635	NA	-5.66956436139443	-4.98238657536796	NA	NA	NA	NA	NA	NA	NA	-11.5278139497946	NA	NA	NA	NA	NA	-13.4313976180879
