"","MouseID","Site","Genotype","Sex","Group","Sequencing_Depth"
"SLC_SMT_NEG_143I",143,"Ileum","MUT","F","Negative ",338773
"SLC_SMT_NEG_16I",16,"Ileum","MUT","M","Negative ",1849703
"SLC_SMT_NEG_89I",89,"Ileum","WT","F","Negative ",7270530
"SLC_SMT_NEG_194I",194,"Ileum","WT","M","Negative ",145172
"SLC_SMT_NEG_18J",18,"Jejunum","MUT","M","Negative ",11235436
"SLC_SMT_NEG_142I",142,"Ileum","MUT","F","Negative ",1067630
"SLC_SMT_NEG_15I",15,"Ileum","MUT","M","Negative ",867654
"SLC_SMT_NEG_91I",91,"Ileum","WT","F","Negative ",22438917
"SLC_SMT_NEG_197I",197,"Ileum","WT","M","Negative ",9136367
"SLC_SMT_NEG_101J",101,"Jejunum","WT","F","Negative ",4667564
"SLC_SMT_NEG_17J",17,"Jejunum","WT","M","Negative ",1235253
"SLC_SMT_NEG_141I",141,"Ileum","MUT","F","Negative ",6987735
"SLC_SMT_NEG_18I",18,"Ileum","MUT","M","Negative ",3613954
"SLC_SMT_NEG_88I",88,"Ileum","WT","M","Negative ",5700623
"SLC_SMT_NEG_193J",193,"Jejunum","MUT","F","Negative ",24351463
"SLC_SMT_NEG_159J",159,"Jejunum","MUT","M","Negative ",115212
"SLC_SMT_NEG_103J",103,"Jejunum","WT","F","Negative ",9061925
"SLC_SMT_NEG_137I",137,"Ileum","MUT","M","Negative ",5357574
"SLC_SMT_NEG_101I",101,"Ileum","WT","F","Negative ",2155083
"SLC_SMT_NEG_17I",17,"Ileum","WT","M","Negative ",571936
"SLC_SMT_NEG_110J",110,"Jejunum","WT","F","Negative ",7705146
"SLC_SMT_NEG_153J",153,"Jejunum","WT","M","Negative ",6956373
"SLC_SMT_NEG_193I",193,"Ileum","MUT","F","Negative ",19838758
"SLC_SMT_NEG_159I",159,"Ileum","MUT","M","Negative ",137362
"SLC_SMT_NEG_103I",103,"Ileum","WT","F","Negative ",13139991
"SLC_SMT_NEG_155I",155,"Ileum","WT","M","Negative ",331667
"SLC_SMT_NEG_191J",191,"Jejunum","MUT","F","Negative ",4584240
"SLC_SMT_NEG_160J",160,"Jejunum","WT","M","Negative ",482519
"SLC_SMT_NEG_192I",192,"Ileum","MUT","F","Negative ",968853
"SLC_SMT_NEG_158I",158,"Ileum","MUT","M","Negative ",10805080
"SLC_SMT_NEG_110I",110,"Ileum","WT","F","Negative ",17296558
"SLC_SMT_NEG_153I",153,"Ileum","WT","M","Negative ",5727785
"SLC_SMT_NEG_109J",109,"Jejunum","MUT","F","Negative ",15325874
"SLC_SMT_NEG_152J",152,"Jejunum","WT","M","Negative ",1226610
"SLC_SMT_NEG_191I",191,"Ileum","MUT","F","Negative ",12416601
"SLC_SMT_NEG_156I",156,"Ileum","MUT","M","Negative ",9390570
"SLC_SMT_NEG_144I",144,"Ileum","WT","F","Negative ",646893
"SLC_SMT_NEG_160I",160,"Ileum","WT","M","Negative ",8135549
"SLC_SMT_NEG_109I",109,"Ileum","MUT","F","Negative ",6243161
"SLC_SMT_NEG_90I",90,"Ileum","WT","F","Negative ",975998
"SLC_SMT_NEG_152I",152,"Ileum","WT","M","Negative ",7845850
"SLC_SMT_NEG_142J",142,"Jejunum","MUT","F","Negative ",24371060
"SLC_SMT_NEG_91J",91,"Jejunum","WT","F","Negative ",6120018
"SLC_SMT_NEG_141J",141,"Jejunum","MUT","F","Negative ",18995616
"SLC_SMT_NEG_194J",194,"Jejunum","WT","M","Negative ",107601
"SLC_SMT_NEG_75I",75,"Ileum","MUT","M","Negative ",20147419
"SLC_SMT_NEG_89J",89,"Jejunum","WT","F","Negative ",3844150
