"","SLC_SMT_NEG_143I","SLC_SMT_NEG_16I","SLC_SMT_NEG_89I","SLC_SMT_NEG_194I","SLC_SMT_NEG_18J","SLC_SMT_NEG_142I","SLC_SMT_NEG_15I","SLC_SMT_NEG_91I","SLC_SMT_NEG_197I","SLC_SMT_NEG_101J","SLC_SMT_NEG_17J","SLC_SMT_NEG_141I","SLC_SMT_NEG_18I","SLC_SMT_NEG_88I","SLC_SMT_NEG_193J","SLC_SMT_NEG_159J","SLC_SMT_NEG_103J","SLC_SMT_NEG_155J","SLC_SMT_NEG_137I","SLC_SMT_NEG_101I","SLC_SMT_NEG_17I","SLC_SMT_NEG_158J","SLC_SMT_NEG_110J","SLC_SMT_NEG_153J","SLC_SMT_NEG_193I","SLC_SMT_NEG_159I","SLC_SMT_NEG_103I","SLC_SMT_NEG_155I","SLC_SMT_NEG_191J","SLC_SMT_NEG_160J","SLC_SMT_NEG_192I","SLC_SMT_NEG_158I","SLC_SMT_NEG_110I","SLC_SMT_NEG_153I","SLC_SMT_NEG_109J","SLC_SMT_NEG_152J","SLC_SMT_NEG_191I","SLC_SMT_NEG_156I","SLC_SMT_NEG_144I","SLC_SMT_NEG_160I","SLC_SMT_NEG_109I","SLC_SMT_NEG_90I","SLC_SMT_NEG_152I","SLC_SMT_NEG_142J","SLC_SMT_NEG_15J","SLC_SMT_NEG_91J","SLC_SMT_NEG_141J","SLC_SMT_NEG_194J","SLC_SMT_NEG_75I","SLC_SMT_NEG_89J"
"Acetatifactor_aquisgranensis",0,0,0,0,0,0,0,0,0,0,0,0,0,0,16907,0,0,0,0,0,0,0,0,0,19674,0,0,0,0,0,0,0,0,0,0,0,0,0,0,0,0,0,0,0,0,0,0,0,0,0
"Acinetobacter_courvalinii",0,0,0,0,0,0,0,0,0,0,0,12177,0,0,0,0,0,0,0,0,0,0,0,0,0,0,0,0,0,0,0,0,0,0,0,0,0,0,0,0,0,0,0,0,0,0,0,0,0,0
"Acutalibacter_caecimuris",0,0,0,0,0,0,0,6803,0,6705,0,0,0,0,8520,0,0,0,0,0,0,0,0,0,8069,0,0,0,0,0,0,0,0,0,0,0,6520,0,0,0,0,0,0,6626,0,0,0,0,0,0
"Acutalibacter_intestini",0,10129,0,0,12870,0,0,8209,0,9548,0,0,9015,0,25786,0,0,0,0,8210,0,0,0,0,22176,0,0,0,0,0,0,0,0,0,0,0,10686,0,0,0,0,0,0,21454,0,0,0,0,0,0
"Acutalibacter_muris",0,0,0,0,11220,0,0,9447,0,0,0,0,0,0,20019,0,0,0,58794,0,0,0,0,0,15541,0,0,0,0,0,0,39979,9633,0,11260,0,12509,30674,0,0,0,0,0,11556,0,0,0,0,0,0
"Acutalibacter_sp_1XD8_33",0,0,0,0,0,0,0,0,0,0,0,0,0,0,25621,0,0,0,0,0,0,0,0,0,27613,0,0,0,8386,0,0,0,0,0,8876,0,14702,0,0,0,0,0,0,0,0,0,0,0,0,0
"Adlercreutzia_SGB42953",0,0,29194,0,0,0,0,390990,0,0,8970,0,0,19187,0,0,0,0,0,0,0,0,0,14744,0,0,10039,0,0,0,0,0,13617,13156,0,0,0,0,18462,0,0,27473,0,0,0,115844,0,0,0,0
"Adlercreutzia_aquisgranensis",0,0,21451,0,0,5876,0,53808,13023,10675,6087,7143,0,12387,47274,0,13740,0,0,10041,0,0,15461,10714,35990,0,43715,0,10277,4944,5658,0,75157,10729,31493,0,37977,0,5381,34817,21649,6395,6163,27450,0,14271,0,0,0,0
"Adlercreutzia_caecimuris",8452,0,221381,0,0,31269,0,149886,58354,70185,6406,52531,0,13588,329476,0,81474,0,0,52863,0,0,74392,11968,237194,0,348644,0,49533,9367,16758,0,565575,8769,280979,0,252884,0,10735,132279,173327,11933,17473,354455,0,42451,101492,0,0,2308
"Adlercreutzia_mucosicola",0,0,39983,0,0,7779,0,16945,15435,13779,0,113788,0,10064,11808,0,17645,0,0,11299,0,0,15583,0,10999,0,23204,0,0,7241,0,0,26904,0,15890,0,12728,0,0,47493,12998,0,11321,45546,0,9800,203043,0,0,0
"Adlercreutzia_muris",8355,73871,210143,0,174158,22161,16922,376049,18263,93210,17795,90982,30810,62940,375227,0,131052,0,0,89189,9008,0,125264,55927,306214,0,304823,0,62638,0,17706,0,400200,39314,274280,0,277652,0,17297,51774,198049,29241,14659,219079,7430,95361,154868,0,581165,15182
"Akkermansia_muciniphila",53651,209782,484697,0,2152859,299469,292341,1684332,267742,173825,188720,2641181,527286,614501,390618,20777,312640,0,1353635,174250,49801,0,364909,973498,263010,35588,503171,0,10829,209700,17992,3295661,2329973,186175,49968,0,25691,777653,14337,2361421,31973,14401,35500,4912630,19484,162836,7049593,0,3379619,1127
"Alistipes_finegoldii",0,0,0,0,0,0,0,0,0,0,0,0,0,0,0,0,0,0,9666,0,0,0,0,0,0,0,0,0,0,0,0,0,0,0,0,0,0,0,0,0,0,0,0,0,0,0,9304,0,2732,0
"Alistipes_muris",0,0,0,0,0,0,0,9526,0,0,0,0,0,0,8630,0,0,0,0,0,0,0,0,0,6914,0,0,0,0,0,0,0,0,0,0,0,0,0,0,6931,0,0,0,0,0,0,0,0,0,0
"Alistipes_timonensis",0,0,0,0,0,0,0,0,0,0,0,0,0,0,14296,0,0,0,12107,0,0,0,0,0,15877,0,0,0,0,0,0,0,11528,0,0,0,0,0,0,0,0,0,0,0,0,0,1145,0,2042,0
"Anaerostipes_hominis",0,0,0,0,0,0,0,0,0,0,0,0,0,0,0,0,0,0,0,0,0,0,0,0,0,0,0,0,0,0,0,0,0,0,0,0,0,0,0,0,0,0,0,0,0,0,160874,0,1472,0
"Anaerostipes_hominis_ex_Lee_et_al_2021",10651,0,0,0,12841,0,0,0,0,0,0,94144,0,0,0,0,0,0,0,0,0,0,0,0,0,0,0,0,0,0,0,0,0,0,0,0,0,0,0,0,0,0,0,12824,0,0,0,0,0,0
"Anaerotruncus_sp_1XD42_93",0,0,0,0,0,0,0,0,0,0,0,0,0,0,0,0,0,0,0,0,0,0,0,0,0,0,0,0,0,0,0,0,0,0,0,0,0,0,0,0,0,0,0,0,0,0,0,0,0,0
"Atopobiaceae_bacterium_FL090493",0,0,0,0,0,0,0,0,0,0,0,0,0,0,0,0,0,0,0,0,0,0,0,0,0,0,0,0,0,0,0,0,0,0,0,0,0,0,0,0,0,0,0,0,0,0,6467095,0,267068,0
"Bacillota_unclassified_SGB102205",0,0,0,0,0,0,0,0,0,0,0,0,0,0,0,0,0,0,0,0,0,0,0,0,0,0,0,0,0,0,0,0,0,0,7187,0,0,0,0,0,0,0,0,0,0,0,0,0,0,0
"Bacillota_unclassified_SGB43543",0,9713,0,0,11510,0,0,0,0,0,0,0,0,0,18107,0,0,0,12302,0,0,0,0,0,22113,0,0,0,0,0,0,11703,0,0,0,0,13276,15412,0,0,13133,0,0,16459,0,0,0,0,0,0
"Bacillota_unclassified_SGB43546",0,0,0,0,0,0,0,14480,0,0,0,0,0,0,22542,0,0,0,16851,0,0,0,0,0,29396,0,0,0,0,0,0,13764,14526,0,0,0,12204,0,0,10372,11171,0,0,0,0,0,0,0,0,0
"Bacillota_unclassified_SGB43549",0,0,0,0,0,0,0,7373,0,0,0,0,0,0,5438,0,0,0,0,0,0,0,0,0,7038,0,0,0,0,0,0,6268,8160,0,0,0,0,0,0,0,0,0,0,0,0,0,0,0,0,0
"Bacillota_unclassified_SGB43550",0,0,0,0,0,0,0,0,0,0,0,0,0,0,8878,0,0,0,0,0,0,0,0,0,9788,0,0,0,0,0,0,7976,0,0,0,0,0,0,0,0,0,0,0,0,0,0,0,0,0,0
"Bacillota_unclassified_SGB63211",0,11650,0,0,10263,0,0,12026,0,0,0,0,8961,0,14399,0,0,0,9725,0,0,0,0,0,14963,0,0,0,0,0,0,11376,12627,0,9131,0,9974,15455,0,0,10690,0,0,23629,0,0,0,0,0,0
"Bacteria_unclassified_SGB41508",0,0,0,0,0,0,0,0,0,0,0,0,0,0,0,0,0,0,0,0,0,0,0,0,0,0,0,0,0,0,0,0,0,0,0,0,0,0,0,0,0,0,0,0,0,0,0,0,0,0
"Bacteria_unclassified_SGB43539",0,0,0,0,0,0,0,0,0,0,0,0,0,0,0,0,0,0,0,0,0,0,0,0,0,0,0,0,0,0,0,0,0,0,0,0,0,0,0,0,0,0,0,0,0,0,0,0,0,0
"Bacteria_unclassified_SGB43541",0,0,0,0,0,0,0,0,0,0,0,0,0,0,0,0,0,0,0,0,0,0,0,0,0,0,0,0,0,0,0,0,0,0,0,0,0,0,0,0,0,0,0,0,0,0,0,0,0,0
"Bacteria_unclassified_SGB44461",0,0,0,0,0,0,0,0,0,0,0,0,0,0,0,0,0,0,0,0,0,0,0,0,0,0,0,0,0,0,0,0,0,0,0,0,0,0,0,0,0,0,0,0,0,0,0,0,0,0
"Bacteria_unclassified_SGB63107",0,0,0,0,0,0,0,0,0,0,0,0,0,0,0,0,0,0,0,0,0,0,0,0,0,0,0,0,0,0,0,0,0,0,0,0,0,0,0,0,0,0,0,0,0,0,8647,0,0,0
"Bacteroidales_bacterium",9008,0,10489,0,0,13021,0,188129,79659,86550,17330,7735,0,31670,365396,0,68573,0,0,22109,10159,0,102055,66691,345744,0,9508,0,36169,25163,33403,0,18295,0,41156,0,69468,0,0,150536,21338,0,0,210355,0,46755,31089,0,0,0
"Bacteroides_SGB40318",0,0,0,0,0,0,0,0,0,0,0,0,0,0,0,0,0,0,0,0,0,0,0,0,0,0,0,0,0,0,0,0,0,0,0,0,0,0,0,0,0,0,0,0,0,0,124465,0,0,0
"Bacteroides_acidifaciens",0,0,0,0,0,0,0,0,0,0,0,0,0,0,0,0,0,0,0,0,0,0,0,0,0,0,0,0,0,0,0,0,0,0,0,0,0,0,0,0,0,0,0,0,0,0,0,0,0,0
"Bacteroides_caecimuris",0,0,0,0,0,0,13063,0,0,0,0,0,0,0,0,0,0,0,95379,0,0,0,0,0,0,0,0,0,0,0,0,0,0,0,0,0,0,0,0,0,0,0,0,0,0,0,2952,0,1006,0
"Bacteroides_intestinalis",0,0,0,0,0,0,0,0,0,0,0,0,0,0,0,0,0,0,25553,0,0,0,0,0,0,0,0,0,0,0,0,0,0,0,0,0,0,0,0,0,0,0,0,0,0,0,6575,0,0,0
"Bacteroides_thetaiotaomicron",0,0,0,0,0,0,0,0,0,0,0,0,0,0,0,0,0,0,23800,0,0,0,0,0,0,0,0,0,0,0,0,0,0,0,0,0,0,0,0,0,0,0,0,0,0,0,0,0,0,0
"Bacteroides_uniformis",0,0,0,0,0,0,0,0,0,0,0,0,0,0,0,0,0,0,0,0,0,0,0,0,0,0,0,0,0,0,0,0,0,0,0,0,0,0,0,0,0,0,0,0,0,0,0,0,0,0
"Barnesiella_sp_CU968",0,0,0,0,0,0,0,0,0,0,0,0,0,0,0,0,0,0,0,0,0,0,0,0,0,0,0,0,0,0,0,0,0,0,0,0,0,0,0,0,0,0,0,0,0,0,16357,0,0,0
"Bifidobacterium_pseudolongum",7194,374572,100117,0,320947,15020,34491,3352573,405459,64216,91062,0,143132,397935,176648,0,100934,5838,0,56784,30634,0,116701,386216,111458,0,401351,0,287993,19745,43324,0,1292905,329945,807595,5627,816376,0,124966,1007922,336602,165867,138652,290694,7209,1036520,0,0,2832322,311
"Blautia_pseudococcoides",20082,0,0,0,0,0,0,0,0,0,0,475973,0,0,0,0,0,0,28948,0,0,0,0,0,0,0,0,0,0,0,0,18211,0,0,0,0,0,0,0,0,0,0,0,24582,0,0,1092233,0,0,0
"Candidatus_Metalachnospira_SGB63370",0,0,0,0,0,0,0,0,0,0,0,0,0,0,0,0,0,0,0,0,0,0,0,0,0,0,0,0,0,0,0,0,0,0,0,0,0,0,0,0,0,0,0,0,0,0,4321,0,0,0
"Caniella_muris",31828,42290,24991,0,16552,115970,0,92031,6777,51681,0,1792411,7823,7184,274209,9980,215626,0,407011,64396,0,0,130229,8399,194226,23031,340629,0,150031,0,12747,603362,435669,7769,459506,0,358877,546525,9067,6512,128574,11862,0,2289358,0,36765,0,0,0,0
"Clostridia_bacterium",0,0,19131,0,9602,0,0,18116,4054,4657,0,9911,3520,0,32400,0,4343,0,16012,3974,0,0,0,0,34403,0,11219,0,8301,0,0,14454,10038,0,27136,0,21683,11236,0,8064,8010,0,0,19059,0,4297,0,0,0,0
"Clostridiaceae_bacterium",0,0,0,0,12924,0,0,12707,0,19565,0,0,10491,0,59391,0,26970,0,0,10131,0,0,9458,0,53708,0,10253,0,0,0,0,0,17129,0,38032,0,24301,21275,0,0,12809,0,0,35178,0,0,0,0,0,0
"Clostridiales_bacterium",0,0,0,0,0,0,0,0,0,8270,0,0,0,0,36138,0,0,0,0,0,0,0,0,7357,22621,0,0,0,6705,0,0,0,0,0,17837,0,12291,0,0,0,0,0,0,13572,0,0,4288,0,525,853
"Clostridium_SGB40327",0,0,0,0,0,0,0,0,0,0,0,0,0,0,0,0,0,0,0,0,0,0,0,0,0,0,0,0,0,0,0,0,0,0,0,0,0,0,0,0,0,0,0,0,0,0,1908,0,0,0
"Clostridium_SGB65123",0,0,0,0,0,0,0,0,0,0,0,0,0,0,0,0,0,0,0,0,0,0,0,0,0,0,0,0,0,0,0,0,0,0,0,0,0,15093,0,0,0,0,0,0,0,0,0,0,0,0
"Clostridium_cocleatum",0,0,0,0,0,0,0,0,0,0,0,0,0,0,0,0,0,0,0,0,0,0,0,0,0,0,0,0,0,0,0,0,0,0,0,0,0,0,0,0,0,0,0,0,0,0,0,0,15374,0
"Coriobacteriaceae_bacterium",0,0,40121,0,0,12426,0,61458,20068,18565,8410,19203,0,18478,122227,0,32052,0,0,13690,0,0,22480,15010,89857,0,46267,0,18055,0,8565,0,88267,13833,61223,0,63754,0,7818,53877,38767,9214,10442,84782,0,21385,4396269,0,10807498,1307924
"Cutibacterium_acnes",0,0,0,9064,0,0,0,0,0,0,0,0,0,0,0,0,0,0,0,0,0,0,0,0,0,0,0,12082,0,0,0,0,0,0,0,0,0,0,0,0,0,0,0,0,0,0,0,0,0,0
"Dorea_sp_5_2",0,0,0,0,0,0,0,0,0,0,0,0,0,0,0,0,0,0,0,0,0,0,0,0,0,0,0,0,0,0,0,0,0,0,0,0,0,0,0,0,0,0,0,0,0,0,0,0,3420,0
"Duncaniella_dubosii",0,0,0,0,0,0,0,677269,47410,80459,21004,0,0,43900,315450,0,249487,0,0,22195,9510,0,108467,58335,194791,0,0,0,66111,14163,16860,0,10883,0,155486,0,87737,0,12632,57483,22712,8746,0,0,0,124151,0,0,0,696
"Duncaniella_freteri",0,0,0,0,0,0,0,11499,0,9307,0,0,0,8053,14398,0,12449,0,0,0,0,0,12481,0,11538,0,0,0,0,0,6015,0,10110,0,0,0,0,0,0,0,0,0,0,0,0,0,0,0,0,0
"Duncaniella_muricolitica",0,31382,12886,0,72628,0,65177,468836,25842,19679,14048,0,29571,38277,282604,14468,18738,0,430409,22800,10430,0,28415,33918,326506,0,10427,0,30051,8805,25149,15143,37410,0,78878,0,82864,44570,10139,17416,50569,0,0,0,13914,78362,0,0,0,0
"Duncaniella_muris",15799,0,0,0,0,0,0,88735,13815,22640,13224,59618,0,29474,88473,0,20520,0,0,11363,8201,0,23286,33679,54383,0,0,0,14796,12341,0,0,0,0,27709,0,11781,0,0,53827,8339,0,0,206276,0,19818,157137,0,0,0
"Eggerthellaceae_bacterium",0,0,0,0,0,0,0,0,0,0,0,0,0,0,0,0,0,0,0,0,0,0,0,0,0,0,0,0,0,0,0,0,0,0,0,0,0,0,0,0,0,0,0,0,0,0,9824,0,0,0
"Enterococcus_faecalis",0,0,0,0,0,0,0,0,0,0,0,0,0,0,0,0,0,0,0,0,0,0,0,0,0,0,0,0,0,0,0,0,0,0,0,0,0,0,0,0,0,0,0,0,0,0,0,0,0,0
"Enterococcus_gallinarum",0,0,0,0,0,0,0,0,0,0,0,11558,0,0,0,0,0,0,16416,0,0,0,0,0,0,0,0,0,0,0,0,0,0,0,0,0,0,0,0,0,0,0,0,0,0,0,7318,0,0,0
"Enterorhabdus_sp_P55",0,0,0,0,0,0,0,0,0,0,0,0,0,0,0,0,0,0,0,0,0,0,0,0,0,0,0,0,0,0,0,0,0,0,0,0,0,0,0,0,0,0,0,0,0,0,33842,0,0,0
"Erysipelotrichales_bacterium",0,0,0,0,0,0,0,0,0,0,0,0,0,0,0,0,0,0,0,0,0,0,0,0,0,0,0,0,0,0,0,0,0,0,0,0,0,0,0,6511,0,0,0,0,0,0,0,0,0,0
"Escherichia_coli",0,0,0,103210,0,0,0,0,0,0,0,40426,0,0,0,0,0,0,0,0,0,0,0,0,0,0,0,0,0,0,0,0,0,0,0,0,0,0,0,18727,0,0,0,0,0,0,19517,0,0,0
"Eubacteriaceae_bacterium",0,8921,0,0,9368,0,0,10928,0,10614,0,0,0,0,18895,0,22141,0,0,8080,0,0,9478,0,25870,0,11415,0,11831,0,0,0,13754,8017,44699,0,17044,9298,0,0,10968,0,0,0,0,9977,0,0,0,0
"Faecalibaculum_rodentium",105502,1230407,3163382,27321,4206767,511258,232682,6186592,8780232,565104,627494,2268226,1918592,2309433,9118900,60100,2288105,34688,2993280,715099,352851,21603,2205915,2438366,7327784,115115,4277399,578052,3606322,55289,515327,12403624,6784848,6741426,14546436,2274744,8372775,12775424,290421,2141229,3913070,648969,11960640,16358954,20246,1683066,4564738,4017,6816256,2517648
"Flintibacter_SGB43538",0,0,0,0,0,0,0,13286,0,0,0,0,0,0,12410,0,0,0,0,0,0,0,0,0,13851,0,0,0,0,0,0,0,14619,0,0,0,0,0,0,0,0,0,0,0,0,0,0,0,0,0
"GGB115278_SGB160297",0,0,0,0,0,0,0,0,0,0,0,0,0,0,0,0,0,0,0,0,0,0,0,0,0,0,0,0,0,0,0,0,11301,0,0,0,0,0,0,0,0,0,0,0,0,0,0,0,0,0
"GGB115370_SGB161393",0,0,0,0,0,0,0,8531,0,0,0,0,0,0,12322,0,8956,0,0,0,0,0,0,0,15363,0,9304,0,0,0,0,0,9476,0,10151,0,0,0,0,0,0,0,0,0,0,0,0,0,0,0
"GGB128437_SGB159705",0,0,0,0,0,0,0,0,0,0,0,0,0,0,5214,0,0,0,0,0,0,0,0,0,0,0,0,0,0,0,0,0,0,0,0,0,0,0,0,0,0,0,0,0,0,0,0,0,0,0
"GGB14001_SGB21428",20398,65746,74432,0,478311,20220,139161,158435,63693,96926,15128,350554,98516,31979,298345,15242,182447,0,1054619,41082,10471,0,112531,40182,201988,8939,50636,0,38522,8942,25712,385390,52728,10095,60289,0,118392,200933,11220,48293,31793,7714,9739,351757,16406,39777,1051288,0,1873035,16674
"GGB140903_SGB63218",0,0,0,0,0,0,0,0,0,0,0,0,0,0,0,0,0,0,0,0,0,0,0,0,0,0,0,0,0,0,0,0,0,0,0,0,0,0,0,0,0,0,0,11255,0,0,0,0,0,0
"GGB141797_SGB41693",0,0,0,0,0,0,0,0,0,0,0,0,0,0,33378,0,0,0,0,0,0,0,0,0,47140,0,0,0,0,0,0,0,0,0,0,0,13578,0,0,0,0,0,0,0,0,0,0,0,0,0
"GGB143828_SGB43507",0,0,0,0,0,0,0,14582,0,0,0,0,0,0,0,0,0,0,0,0,0,0,0,0,0,0,0,0,0,0,0,0,14414,0,13356,0,0,0,0,0,14387,0,0,0,0,11308,0,0,0,0
"GGB143833_SGB43513",0,0,0,0,0,0,0,12900,0,0,0,0,0,0,0,0,0,0,0,0,0,0,0,0,0,0,0,0,0,0,0,0,0,0,0,0,0,0,0,0,0,0,0,0,0,0,0,0,0,0
"GGB15004_SGB41589",0,0,0,0,0,0,0,0,0,0,0,0,0,0,0,0,0,0,0,0,0,0,0,0,0,0,0,0,0,0,0,0,0,0,0,0,0,0,0,0,0,0,0,0,0,0,0,0,0,0
"GGB1503_SGB2082",0,0,191183,0,0,0,0,917199,299989,160651,76422,0,0,155767,702415,0,400694,0,0,100131,20866,0,182672,551450,758725,0,109899,0,115488,41591,74932,0,711907,61977,131372,8820,310889,0,33959,495258,259582,33613,77901,0,0,188403,0,0,0,72591
"GGB1690_SGB40190",0,0,0,0,0,0,0,9943,0,0,0,0,0,0,8440,0,0,0,0,0,0,0,0,0,0,0,0,0,0,0,0,0,0,0,0,0,9895,0,0,0,0,0,0,0,0,0,0,0,0,0
"GGB18828_SGB27767",0,0,0,0,0,0,0,82808,16682,17962,11867,0,0,15372,33738,0,10114,0,0,0,0,0,19961,34761,11764,0,0,0,9364,10374,0,0,0,0,0,0,10154,0,0,16675,0,0,0,20614,0,18718,0,0,0,0
"GGB22635_SGB33556",0,0,0,0,0,0,0,0,8790,0,0,0,0,0,14437,0,0,0,0,0,0,0,0,9520,13288,0,0,0,15451,0,7759,0,0,0,35483,0,42958,0,0,7647,25298,0,0,0,0,0,0,0,0,0
"GGB22635_SGB63107",6327,0,40199,0,0,8001,0,83396,10926,24138,0,8310,0,9418,71311,0,15903,0,0,23052,0,0,27672,7705,53487,0,79982,0,21422,0,7684,0,125287,8279,84990,0,79916,0,7609,8991,46432,8453,0,95479,0,30097,0,0,0,0
"GGB23844_SGB35575",0,0,0,0,0,0,0,0,0,0,0,0,0,0,0,0,0,0,0,0,0,0,0,0,0,0,0,0,0,0,0,0,0,0,0,0,0,0,0,0,0,0,0,0,0,0,0,0,0,0
"GGB24132_SGB35935",30980,0,256049,0,0,69197,0,808542,254487,388110,38315,35486,0,145043,1109343,0,487014,0,0,154753,16958,0,463610,295987,855755,0,186194,0,97139,23506,57053,0,1646373,36393,427342,0,548992,0,10151,423990,276540,8220,8655,1731119,0,151869,114284,0,0,2006
"GGB24146_SGB35950",8663,0,33568,0,0,10220,0,109600,14835,67910,10393,37471,0,29883,191560,0,57696,0,0,32713,7513,0,63600,32650,86817,0,49602,0,10252,8558,13625,0,136594,12945,13129,0,29003,0,0,49135,11709,0,0,141609,0,18237,85421,0,0,8428
"GGB24148_SGB35952",0,13067,15287,0,55474,8374,26589,329565,19557,86507,16278,0,13890,32403,75697,7256,51200,0,76705,38230,8883,0,54949,31740,50824,0,12081,0,8655,7221,11415,30222,23418,0,7635,0,16606,10768,0,26848,9339,0,0,26773,8222,22855,0,0,136578,0
"GGB24149_SGB35953",0,0,0,0,0,0,0,0,0,0,0,0,0,0,0,0,0,0,0,0,0,0,0,0,0,0,0,0,0,0,0,0,0,0,0,0,0,0,0,0,0,0,0,0,0,0,43043,0,0,0
"GGB25041_SGB36960",0,17299,0,0,0,0,0,0,0,0,0,0,0,0,24177,0,72636,0,0,0,0,0,16961,20548,27026,0,27506,0,31521,0,0,0,22117,14803,111688,0,40816,0,0,0,24054,0,0,0,0,0,0,0,9417,0
"GGB27476_SGB39769",0,0,0,0,0,0,0,0,0,0,0,0,0,0,0,0,0,0,0,0,0,0,0,0,0,0,0,0,0,0,0,0,0,0,0,0,0,0,0,0,0,0,0,0,0,0,0,0,0,0
"GGB27476_SGB43516",0,0,0,0,0,0,0,0,0,0,0,0,0,0,0,0,0,0,0,0,0,0,0,0,0,0,0,0,0,0,0,0,0,0,0,0,0,0,0,0,0,0,0,0,0,0,0,0,0,0
"GGB27478_SGB39772",0,0,0,0,0,0,0,3431,0,0,0,0,0,2866,5810,0,0,0,0,0,0,0,0,4009,6495,0,0,0,0,0,0,0,2342,0,2465,0,2777,0,0,0,0,0,0,0,0,0,0,0,0,0
"GGB27480_SGB39776",0,0,0,0,0,0,0,3710,0,3275,0,0,0,2575,8469,0,0,0,0,0,0,0,0,2957,11187,0,0,0,0,0,0,0,3068,0,0,0,3375,0,0,0,0,0,0,0,0,0,0,0,0,0
"GGB27481_SGB39777",0,0,0,0,0,0,0,4433,0,0,0,0,0,0,0,0,0,0,0,0,0,0,0,0,0,0,0,0,0,0,0,0,0,0,0,0,0,0,0,0,0,0,0,0,0,0,0,0,0,0
"GGB27482_SGB39778",0,0,0,0,0,0,0,10715,0,3827,3571,0,0,5758,15321,0,0,0,0,3496,0,0,3745,9813,25140,0,4085,0,3352,0,3434,0,8983,3093,8001,0,5497,0,0,0,5016,0,0,4284,0,4166,0,0,0,0
"GGB27485_SGB39778",0,0,0,0,0,0,0,0,0,0,0,0,0,0,0,0,0,0,0,0,0,0,0,0,0,0,0,0,0,0,0,0,0,0,0,0,0,0,0,0,0,0,0,0,0,0,0,0,0,0
"GGB27485_SGB41588",0,0,0,0,0,0,0,0,0,0,0,0,0,0,0,0,0,0,0,0,0,0,0,0,0,0,0,0,0,0,0,0,0,0,0,0,0,0,0,0,0,0,0,0,0,0,0,0,0,0
"GGB27697_SGB40070",0,0,0,0,0,0,0,0,0,0,0,0,0,0,0,0,0,0,0,0,0,0,0,0,0,0,0,0,0,0,0,0,0,0,0,0,0,0,0,0,0,0,0,0,0,0,0,0,0,0
"GGB27770_SGB40184",0,0,0,0,0,0,0,0,0,0,0,0,0,0,0,0,0,0,0,0,0,0,0,0,12932,0,0,0,0,0,0,0,0,0,0,0,0,0,0,11287,0,0,0,0,0,0,0,0,0,0
"GGB27849_SGB40283",11651,0,13606,0,0,16690,0,1040785,74655,148317,51189,9210,0,195347,618313,0,95289,0,0,52851,18061,0,225889,299164,223472,0,0,0,42193,25586,22005,0,13519,12719,21524,0,160587,0,0,246488,19818,0,0,524710,0,146002,7336,0,0,0
"GGB27860_SGB40294",7863,0,12520,0,0,8513,0,245409,43178,17819,15039,15006,0,39484,86289,0,19358,0,0,14409,8571,0,29635,56040,51293,0,0,0,9386,14755,8478,0,11139,8524,11829,0,12971,0,0,61776,7456,0,0,55548,0,38049,49615,0,0,0
"GGB27861_SGB40295",7955,0,0,0,0,8563,0,17488,0,13994,7634,22099,0,10233,9864,0,8946,0,0,8396,0,0,12978,13009,9978,0,0,0,0,6687,0,0,0,0,0,0,0,0,0,9174,0,0,0,23943,0,0,44987,0,0,0
"GGB27866_SGB40300",0,0,0,0,0,0,0,22082,0,17870,9206,11754,0,11806,67428,0,11318,0,0,7609,0,0,11625,21019,36375,0,0,0,0,0,8808,0,0,0,9088,0,10742,0,0,11008,8638,0,0,18739,0,9298,11254,0,0,0
"GGB27872_SGB40306",0,0,0,0,0,0,0,0,0,0,0,0,0,0,0,0,0,0,0,0,0,0,0,0,0,0,0,0,0,0,0,0,0,0,0,0,0,0,0,0,0,0,0,0,0,0,7014,0,0,0
"GGB27873_SGB41457",0,0,0,0,0,0,0,0,0,0,0,0,0,0,0,0,0,0,0,0,0,0,0,0,0,0,0,0,0,0,0,0,0,0,0,0,0,0,0,0,0,0,0,0,0,0,13386,0,0,4794
"GGB27876_SGB40310",9210,0,35691,0,0,8313,0,48990,15243,38611,9733,10280,0,14002,115448,0,121327,0,0,11635,0,0,93736,38256,71732,0,39334,0,17390,0,12718,0,86007,0,19120,0,47092,0,0,35163,22505,0,0,133238,0,23064,13941,0,0,1024
"GGB27884_SGB40318",31429,0,34830,0,0,25295,0,1156843,71334,67399,61525,53391,0,173231,602052,0,95237,0,0,20895,20712,0,239221,258404,592366,0,12753,0,25989,37061,81291,0,82198,26933,26896,0,84676,0,14715,257760,56840,12351,0,708199,0,195664,0,0,0,0
"GGB27885_SGB40319",0,0,8463,0,0,0,0,24781,6762,15881,7961,27278,0,13512,90006,0,12447,0,0,8521,0,0,18044,17375,94077,0,10970,0,0,7591,8698,0,48364,0,0,0,14238,0,0,24361,10871,0,0,19946,0,9690,25310,0,0,0
"GGB27894_SGB40329",8262,0,0,0,0,0,0,0,0,0,0,55988,0,0,0,0,0,0,0,0,0,0,0,0,0,0,0,0,0,0,0,0,0,0,0,0,0,0,0,0,0,0,0,14296,0,0,266119,0,0,0
"GGB27919_SGB40357",0,0,2452612,0,0,0,0,2566600,157135,2317914,315836,0,0,1273249,6622701,0,3475948,0,0,420348,125187,0,2961030,2755344,5109831,0,490009,0,355578,64676,201902,0,1744769,584493,1069511,0,1753582,0,45685,1114317,545698,37478,9966,0,0,537698,0,0,0,867151
"GGB27929_SGB40368",7606,21540,8048,0,13762,7698,37298,61482,7610,17572,9459,0,17516,10307,58883,0,12339,0,74937,9947,0,0,10884,12653,29609,0,0,0,6963,8618,11691,0,26576,0,0,0,9900,19385,0,29837,0,0,0,62376,8191,8391,0,0,400048,0
"GGB28250_SGB40793",0,0,0,0,0,0,0,0,0,0,0,0,0,0,0,0,0,0,0,0,0,0,0,0,0,0,0,0,0,0,0,0,0,0,0,0,0,0,0,0,0,0,0,0,0,0,0,0,0,0
"GGB28310_SGB40880",19011,196312,2456261,0,741403,49742,19294,2585954,756408,1135150,34839,392202,155409,54446,2548475,18741,1175669,0,349131,137548,17118,0,470975,146704,1480048,12267,7525003,0,355611,37662,39126,1541206,10094854,40793,1708035,0,1188606,74575,81733,572788,755777,53676,51786,1297480,10664,709861,1773800,0,842469,92584
"GGB28317_SGB40889",0,0,0,0,0,0,0,20623,0,9925,0,16524,0,0,25293,0,0,0,0,0,0,0,0,0,24829,0,0,0,0,0,0,0,17203,0,13853,0,17134,0,0,13162,25144,0,0,12395,0,11300,32543,0,0,0
"GGB28330_SGB40904",0,0,0,0,0,0,0,0,0,0,0,0,0,0,0,0,0,0,0,0,0,0,0,0,0,0,0,0,0,0,0,0,0,0,0,0,0,0,0,0,0,0,0,0,0,0,0,0,47847,0
"GGB28380_SGB40960",0,0,0,0,0,0,0,5628,0,0,0,7055,0,0,0,0,0,0,0,0,0,0,0,0,0,0,0,0,0,0,0,0,0,0,0,0,0,0,0,0,0,0,0,33818,0,0,9608,0,0,0
"GGB28382_SGB40962",0,0,0,0,8666,0,0,0,6438,0,0,0,7149,0,0,0,7223,0,7794,0,0,0,0,0,0,0,0,0,0,0,0,11057,0,0,0,0,0,10872,0,0,0,0,0,0,0,0,0,0,3051,0
"GGB28386_SGB40966",0,0,0,0,0,0,0,0,0,0,0,0,0,0,0,0,0,0,0,0,0,0,0,0,0,0,0,0,0,0,0,0,0,0,0,0,0,0,0,0,0,0,0,0,0,0,0,0,0,0
"GGB28387_SGB40967",0,0,0,0,0,0,0,0,0,0,0,0,0,0,0,0,0,0,0,0,0,0,0,0,0,0,0,0,0,0,0,0,0,0,0,0,0,0,0,0,0,0,0,0,0,0,0,0,0,0
"GGB28388_SGB40968",0,0,0,0,0,0,0,0,0,0,0,0,0,0,0,0,0,0,0,0,0,0,0,0,0,0,0,0,0,0,0,0,0,0,0,0,0,0,0,0,0,0,0,0,0,0,0,0,0,0
"GGB28393_SGB40973",0,0,0,0,0,0,0,0,0,0,0,0,0,0,0,0,0,0,0,0,0,0,0,0,0,0,0,0,0,0,0,0,0,0,0,0,0,0,0,0,0,0,0,0,0,0,0,0,0,0
"GGB28394_SGB40975",0,0,0,0,0,0,0,0,0,0,0,0,0,0,0,0,0,0,0,0,0,0,0,0,0,0,0,0,0,0,0,6255,0,0,0,0,0,7678,0,0,0,0,0,0,0,0,0,0,0,0
"GGB28395_SGB40976",0,0,0,0,0,0,0,0,0,0,0,0,0,0,0,0,0,0,0,0,0,0,0,0,0,0,0,0,0,0,0,0,0,0,0,0,0,0,0,0,0,0,0,0,0,0,0,0,0,0
"GGB28402_SGB40984",0,0,0,0,0,0,0,0,0,0,0,0,0,0,0,0,0,0,0,0,0,0,0,0,0,0,0,0,0,0,0,0,0,0,0,0,0,0,0,0,0,0,0,0,0,0,0,0,0,0
"GGB28403_SGB40190",0,0,0,0,0,0,0,0,0,0,0,0,0,0,0,0,0,0,0,0,0,0,0,0,0,0,0,0,0,0,0,0,0,0,0,0,0,0,0,0,0,0,0,0,0,0,0,0,0,0
"GGB28409_SGB40991",0,0,0,0,0,0,0,0,0,0,0,0,0,0,0,0,0,0,0,0,0,0,0,0,0,0,0,0,0,0,0,0,0,0,0,0,0,0,0,0,0,0,0,0,0,0,0,0,0,0
"GGB28416_SGB40998",0,0,0,0,0,0,0,0,0,0,0,0,0,0,0,0,0,0,0,0,0,0,0,0,0,0,0,0,0,0,0,0,0,0,0,0,0,0,0,0,0,0,0,0,0,0,0,0,0,0
"GGB28418_SGB41001",0,0,0,0,0,0,0,0,0,0,0,0,0,0,0,0,0,0,0,0,0,0,0,0,0,0,0,0,0,0,0,0,0,0,0,0,0,0,0,0,0,0,0,0,0,0,0,0,0,0
"GGB28419_SGB41002",0,0,0,0,0,0,0,0,0,0,0,0,0,0,0,0,0,0,0,0,0,0,0,0,0,0,0,0,0,0,0,5942,0,0,0,0,0,6199,0,0,0,0,0,0,0,0,0,0,0,0
"GGB28421_SGB41004",0,0,0,0,0,0,0,0,0,0,0,0,0,0,0,0,0,0,0,0,0,0,0,0,0,0,0,0,0,0,0,5491,0,0,0,0,0,5691,0,0,0,0,0,0,0,0,0,0,0,0
"GGB28422_SGB41005",0,0,0,0,0,0,0,0,0,0,0,0,0,0,0,0,0,0,0,0,0,0,0,0,0,0,0,0,0,0,0,0,0,0,0,0,0,0,0,0,0,0,0,0,0,0,0,0,0,0
"GGB28428_SGB41011",0,0,0,0,0,0,0,0,0,0,0,0,0,0,0,0,0,0,0,0,0,0,0,0,0,0,0,0,0,0,0,0,0,0,0,0,0,0,0,0,0,0,0,0,0,0,0,0,0,0
"GGB28433_SGB41016",0,0,0,0,0,0,0,0,0,0,0,0,0,0,0,0,0,0,0,0,0,0,0,0,0,0,0,0,0,0,0,0,0,0,0,0,0,0,0,0,0,0,0,0,0,0,0,0,0,0
"GGB28437_SGB41020",0,0,0,0,0,0,0,0,0,0,0,0,0,0,0,0,0,0,0,0,0,0,0,0,0,0,0,0,0,0,0,0,0,0,0,0,0,0,0,0,0,0,0,0,0,0,0,0,0,0
"GGB28439_SGB41022",0,0,0,0,0,0,0,0,6150,0,0,0,0,0,0,0,0,0,0,0,0,0,0,0,0,0,0,0,0,0,0,5145,0,0,0,0,0,5350,0,0,0,0,0,6142,0,0,0,0,0,0
"GGB28456_SGB41039",0,0,0,0,0,0,0,0,0,0,0,0,0,0,0,0,0,0,5306,0,0,0,0,0,0,0,0,0,0,0,0,5209,0,0,0,0,0,4988,0,0,0,0,0,0,0,0,0,0,0,0
"GGB28765_SGB41414",0,0,0,0,0,0,0,0,0,0,0,0,0,0,0,0,0,0,0,0,0,0,0,0,0,0,0,0,21192,0,0,0,0,0,27843,0,60478,0,0,0,13806,0,0,0,0,0,0,0,0,0
"GGB28769_SGB41421",0,0,0,0,0,0,0,0,0,12403,0,0,0,0,19229,0,0,0,0,0,0,0,0,0,30984,0,0,0,0,0,0,0,7667,0,0,0,0,0,0,10549,0,0,0,20317,0,0,0,0,0,0
"GGB28772_SGB41425",0,0,0,0,0,0,0,0,0,0,0,0,0,0,0,0,0,0,0,0,0,0,0,0,0,0,0,0,0,0,0,0,0,0,0,0,0,0,0,0,0,0,0,0,0,0,0,0,8848,11407
"GGB28778_SGB41431",0,0,0,0,0,0,0,12709,0,16626,0,0,0,0,37724,0,0,0,0,0,0,0,0,0,49314,0,0,0,11506,0,0,0,9758,0,12614,0,14358,0,0,15818,11880,0,10812,0,0,0,0,0,0,0
"GGB28784_SGB41437",0,0,0,0,0,0,0,0,0,0,0,0,0,0,0,0,0,0,0,0,0,0,0,0,0,0,0,0,0,0,0,0,0,0,0,0,0,0,0,0,0,0,0,0,0,0,0,0,0,0
"GGB28791_SGB41444",0,0,0,0,0,0,0,0,0,0,0,0,0,0,0,0,0,0,0,0,0,0,0,0,0,0,0,0,0,0,0,0,0,0,0,0,0,0,0,0,0,0,0,0,0,0,0,0,0,0
"GGB28793_SGB41446",0,0,0,0,0,0,0,0,0,0,0,0,0,0,17928,0,0,0,0,0,0,0,0,0,16360,0,0,0,0,0,0,0,0,0,13226,0,0,0,0,0,0,0,0,0,0,0,0,0,0,0
"GGB28796_SGB41449",0,0,0,0,7791,0,0,0,0,0,0,0,0,0,0,0,8502,0,0,0,0,0,0,0,0,0,0,0,0,0,0,0,0,0,0,0,0,0,0,0,0,0,0,0,0,0,0,0,0,0
"GGB28803_SGB41457",0,0,0,0,0,0,0,0,0,0,0,12488,0,0,0,0,12857,0,0,0,0,0,0,0,14358,0,0,0,0,0,0,0,9732,0,0,0,0,0,0,12163,0,0,0,30804,0,0,0,0,0,0
"GGB28814_SGB41469",0,0,0,0,0,0,0,0,0,0,0,0,0,0,0,0,0,0,0,0,0,0,0,0,14936,0,0,0,0,0,0,0,0,0,0,0,0,0,0,0,0,0,0,29354,0,0,0,0,0,0
"GGB28828_SGB41484",0,0,0,0,0,0,0,0,0,0,0,0,0,0,0,0,0,0,0,0,0,0,0,0,0,0,0,0,0,0,0,0,0,0,0,0,0,0,0,0,0,0,0,0,0,0,0,0,0,0
"GGB28831_SGB41487",0,0,0,0,0,0,0,0,0,0,0,0,0,0,0,0,0,0,0,0,0,0,0,0,0,0,0,0,0,0,0,0,0,0,0,0,0,0,0,0,0,0,0,0,0,0,0,0,0,0
"GGB28839_SGB41503",0,0,0,0,0,0,0,0,0,0,0,0,0,0,0,0,0,0,0,0,0,0,0,0,0,0,0,0,0,0,0,0,0,0,0,0,0,0,0,0,0,0,0,0,0,0,0,0,0,0
"GGB28840_SGB102297",0,0,0,0,0,0,0,0,0,0,0,0,0,0,0,0,0,0,0,0,0,0,0,0,0,0,0,0,0,0,0,0,0,0,0,0,0,0,0,0,0,0,0,0,0,0,0,0,0,0
"GGB28842_SGB41507",0,0,0,0,0,0,0,0,0,0,0,0,0,0,0,0,0,0,0,0,0,0,0,0,0,0,0,0,0,0,0,0,0,0,0,0,0,0,0,0,0,0,0,0,0,0,0,0,0,0
"GGB28845_SGB41512",0,0,0,0,0,0,0,8461,0,0,0,0,0,0,0,0,0,0,0,0,0,0,0,0,0,0,0,0,0,0,0,0,0,0,0,0,0,0,0,0,0,0,0,0,0,0,0,0,0,3544
"GGB28846_SGB41513",0,0,0,0,0,0,0,0,0,0,0,0,0,0,0,0,0,0,0,0,0,0,0,0,0,0,0,0,0,0,0,0,0,0,0,0,0,0,0,0,0,0,0,0,0,0,0,0,0,0
"GGB28849_SGB41516",0,0,0,0,0,0,0,0,0,0,0,0,0,0,0,0,0,0,0,0,0,0,0,0,0,0,0,0,0,0,0,0,0,0,0,0,0,0,0,0,0,0,0,0,0,0,0,0,1863,0
"GGB28851_SGB41518",0,0,0,0,0,0,0,0,0,0,0,0,0,0,0,0,0,0,0,0,0,0,0,0,0,0,0,0,0,0,0,0,0,0,0,0,0,0,0,0,0,0,0,0,0,0,0,0,0,0
"GGB28854_SGB41523",0,0,0,0,0,0,0,0,0,0,0,0,0,0,0,0,0,0,0,0,0,0,0,0,0,0,0,0,0,0,0,0,0,0,0,0,0,0,0,0,0,0,0,0,0,0,0,0,0,0
"GGB28865_SGB41536",0,0,0,0,0,0,0,0,0,0,0,0,0,0,0,0,0,0,0,0,0,0,0,0,0,0,0,0,0,0,0,0,0,0,0,0,0,0,0,0,0,0,0,16699,0,0,0,0,0,0
"GGB28865_SGB41537",0,0,0,0,0,0,0,0,0,0,0,0,0,0,23599,0,0,0,0,0,0,0,0,0,34672,0,0,0,0,0,0,0,0,0,0,0,0,0,0,0,0,0,0,0,0,0,0,0,0,0
"GGB28869_SGB41543",0,0,0,0,0,0,0,0,0,0,0,0,0,0,12517,0,0,0,0,0,0,0,0,0,14587,0,0,0,0,0,0,0,0,0,0,0,0,14414,0,0,0,0,0,0,0,0,0,0,0,0
"GGB28870_SGB41545",0,0,0,0,18050,0,0,0,0,0,0,0,0,0,25283,0,0,0,0,0,0,0,0,0,25877,0,0,0,0,0,0,0,0,0,0,0,0,0,0,0,0,0,0,0,0,0,0,0,0,0
"GGB28870_SGB41546",0,0,0,0,0,0,0,0,0,0,0,0,0,0,27839,0,0,0,31941,0,0,0,0,0,26287,0,0,0,0,0,0,36847,0,0,0,0,0,138817,0,0,0,0,0,0,0,0,0,0,0,0
"GGB28870_SGB41548",0,0,0,0,0,0,0,0,0,0,0,0,0,0,0,0,0,0,0,0,0,0,0,0,0,0,0,0,0,0,0,0,0,0,0,0,0,0,0,0,0,0,0,0,0,0,0,0,0,0
"GGB28875_SGB41555",0,0,0,0,0,0,0,0,0,0,0,0,0,0,0,0,0,0,0,0,0,0,0,0,0,0,0,0,0,0,0,0,0,0,0,0,0,0,0,0,0,0,0,0,0,0,0,0,0,0
"GGB28879_SGB41559",0,0,0,0,0,0,0,0,0,0,0,0,0,0,0,0,0,0,0,0,0,0,0,0,0,0,0,0,0,0,0,0,0,0,0,0,0,0,0,0,0,0,0,0,0,0,0,0,0,0
"GGB28879_SGB43526",0,0,0,0,0,0,0,0,0,0,0,0,0,0,0,0,0,0,0,0,0,0,0,0,0,0,0,0,0,0,0,0,0,0,0,0,0,0,0,0,0,0,0,0,0,0,0,0,4072,4880
"GGB28881_SGB41561",0,0,0,0,0,0,0,0,0,0,0,0,0,0,0,0,0,0,0,0,0,0,0,0,0,0,0,0,0,0,0,0,0,0,0,0,0,0,0,0,0,0,0,0,0,0,0,0,0,0
"GGB28887_SGB41568",0,0,0,0,0,0,0,0,0,0,0,0,0,0,0,0,0,0,0,0,0,0,0,0,12665,0,0,0,0,0,0,0,0,0,0,0,0,0,0,0,0,0,0,0,0,0,0,0,0,0
"GGB28888_SGB41569",0,0,0,0,0,0,0,0,0,0,0,0,0,0,0,0,0,0,0,0,0,0,0,0,0,0,0,0,0,0,0,0,0,0,0,0,0,0,0,0,0,0,0,0,0,0,0,0,0,0
"GGB28898_SGB41580",0,0,0,0,0,10245,0,0,17513,0,0,0,0,0,0,0,0,0,14155,0,0,0,0,0,0,0,0,18667,0,0,0,14157,0,0,0,0,0,31823,0,19433,0,0,15101,43635,0,0,0,0,0,0
"GGB28901_SGB41592",0,0,0,0,0,0,0,0,0,0,0,0,0,0,16508,0,0,0,0,0,0,0,0,12694,42305,0,0,0,0,0,0,0,0,12589,14619,0,0,0,0,0,0,0,0,0,0,0,0,0,0,0
"GGB28903_SGB41594",0,0,0,0,0,0,0,0,12770,0,0,0,0,0,0,0,0,0,0,0,0,0,0,0,0,0,0,0,0,0,0,0,0,0,0,0,0,0,0,0,0,0,0,0,0,0,0,0,0,0
"GGB28904_SGB41597",0,14921,0,0,40693,0,0,0,0,0,0,0,21254,0,15068,0,25097,0,75234,0,0,0,0,0,27054,0,13960,0,0,0,0,112621,12803,0,0,0,0,257572,0,0,0,0,0,0,0,0,0,0,21546,0
"GGB28908_SGB41656",0,0,0,0,0,0,0,0,0,0,0,0,0,0,0,0,0,0,0,0,0,0,0,0,0,0,0,0,0,0,0,0,0,0,0,0,0,0,0,0,0,0,0,0,0,0,0,0,5030,0
"GGB28925_SGB41622",0,0,0,0,0,0,0,10098,11362,0,0,0,0,0,0,0,0,0,0,0,0,0,0,0,0,0,0,0,0,0,0,0,0,0,0,0,0,0,0,9998,0,0,10653,0,0,0,0,0,0,0
"GGB28926_SGB41623",0,0,0,0,0,0,0,0,0,0,0,0,0,0,0,0,0,0,0,0,0,0,0,0,0,0,0,0,0,0,0,0,0,0,0,0,0,0,0,0,0,0,0,0,0,0,0,0,0,0
"GGB28927_SGB41625",0,0,0,0,14190,0,0,0,0,0,0,0,13994,0,0,0,0,0,0,0,0,0,0,0,0,0,0,0,0,0,0,0,0,0,0,0,0,0,0,0,0,0,0,0,0,0,0,0,5288,0
"GGB28928_SGB41627",0,0,0,0,0,0,0,0,0,0,0,0,0,0,10622,0,0,0,0,0,0,0,0,0,19189,0,0,0,0,0,0,0,0,0,0,0,0,0,0,0,0,0,0,0,0,0,0,0,0,0
"GGB28933_SGB59816",0,0,0,0,0,0,0,10750,0,0,0,0,0,0,0,0,0,0,0,0,0,0,0,0,0,0,0,0,0,0,0,0,0,0,0,0,0,0,0,0,0,0,0,0,0,0,0,0,0,0
"GGB28934_SGB41635",0,0,0,0,0,0,0,0,0,0,0,0,0,0,13907,0,0,0,0,0,0,0,0,0,21048,0,0,0,0,0,0,0,0,0,0,0,0,0,0,0,0,0,0,14027,0,0,0,0,0,0
"GGB28942_SGB41646",0,0,0,0,0,0,0,0,0,0,0,0,0,0,10849,0,0,0,0,0,0,0,0,0,13843,0,0,0,0,0,0,0,0,0,0,0,0,0,0,0,0,0,0,0,0,0,0,0,0,0
"GGB28945_SGB41650",0,0,0,0,0,0,0,12230,0,0,0,0,0,0,0,0,0,0,0,0,0,0,0,0,0,0,0,0,0,0,0,0,0,0,0,0,0,0,0,0,0,0,0,0,0,0,0,0,0,0
"GGB28946_SGB41652",0,0,0,0,0,0,0,0,0,0,0,0,0,0,24735,0,24637,0,0,0,0,0,0,0,23475,0,24643,0,0,0,0,0,22970,0,0,0,0,0,0,0,0,0,0,0,0,0,0,0,0,0
"GGB28948_SGB41654",0,0,0,0,0,0,0,0,0,0,0,0,0,0,21971,0,0,0,0,0,0,0,0,0,32622,0,0,0,0,0,0,0,0,0,0,0,0,0,0,0,0,0,0,0,0,0,0,0,0,0
"GGB28949_SGB41655",0,0,0,0,0,0,0,10349,0,0,0,0,0,0,12259,0,0,0,11098,0,0,0,0,0,16234,0,0,0,0,0,0,0,13339,0,10329,0,0,10285,0,0,0,0,0,0,0,0,0,0,0,0
"GGB28949_SGB41656",0,0,0,0,13961,0,0,9185,0,0,0,0,11239,0,0,0,0,0,49901,0,0,0,0,0,0,0,0,0,0,0,0,56034,0,0,0,0,0,11959,0,0,0,0,0,0,0,0,0,0,0,0
"GGB28951_SGB102295",0,0,0,0,0,0,0,0,0,0,0,0,0,0,0,0,0,0,0,0,0,0,0,0,0,0,0,0,0,0,0,0,0,0,0,0,0,0,0,0,0,0,0,0,0,0,0,0,0,0
"GGB28954_SGB41661",0,0,0,0,0,0,0,0,0,0,0,0,0,0,0,0,0,0,0,0,0,0,0,0,12582,0,0,0,0,0,0,0,0,0,0,0,0,0,0,0,0,0,0,0,0,0,0,0,0,0
"GGB28954_SGB41662",0,0,0,0,0,0,0,0,0,0,0,0,0,0,0,0,0,0,0,0,0,0,0,0,12236,0,0,0,0,0,0,0,0,0,0,0,0,0,0,0,0,0,0,0,0,0,0,0,0,0
"GGB28956_SGB41665",0,0,0,0,16320,0,0,0,0,0,0,0,15584,0,15843,0,0,0,0,0,0,0,0,0,23765,0,0,0,0,0,0,0,0,0,0,0,0,0,0,0,0,0,0,0,0,0,0,0,3976,0
"GGB28957_SGB41666",0,0,0,0,0,0,0,0,0,0,0,0,0,0,12581,0,0,0,0,0,0,0,0,0,17186,0,0,0,0,0,0,0,0,0,0,0,0,0,0,0,0,0,0,0,0,0,0,0,0,0
"GGB28958_SGB41667",0,0,0,0,0,0,0,0,0,0,0,0,0,0,0,0,0,0,0,0,0,0,0,0,0,0,0,0,0,0,0,0,0,0,0,0,0,0,0,0,0,0,0,0,0,0,0,0,0,0
"GGB28959_SGB41668",0,0,0,0,0,0,0,0,0,0,0,0,0,0,0,0,0,0,0,0,0,0,0,0,0,0,0,0,0,0,0,0,0,0,0,0,0,0,0,0,0,0,0,0,0,0,0,0,0,0
"GGB28961_SGB41670",0,0,0,0,0,0,0,0,0,0,0,0,0,0,10654,0,0,0,0,0,0,0,0,0,19920,0,0,0,0,0,0,0,0,0,0,0,0,0,0,0,0,0,0,0,0,0,0,0,0,0
"GGB28963_SGB41672",0,0,0,0,0,0,0,0,0,0,0,0,0,0,0,0,0,0,0,0,0,0,0,0,0,0,0,0,0,0,0,0,0,0,0,0,0,0,0,0,0,0,0,0,0,0,0,0,0,0
"GGB28967_SGB41417",0,0,0,0,0,0,0,0,0,0,0,0,0,0,0,0,0,0,0,0,0,0,0,0,0,0,0,0,0,0,0,0,0,0,0,0,0,0,0,0,0,0,0,0,0,0,0,0,16178,0
"GGB28967_SGB41678",0,0,0,0,0,0,0,0,0,0,0,0,0,0,0,0,0,0,0,0,0,0,0,0,0,0,0,0,0,0,0,0,0,0,17062,0,0,0,0,0,0,0,0,0,0,0,0,0,0,0
"GGB28968_SGB41679",0,0,0,0,0,0,0,0,0,0,0,0,0,0,0,0,0,0,0,0,0,0,0,0,15322,0,0,0,0,0,0,0,0,0,0,0,0,0,0,0,0,0,0,0,0,0,0,0,0,0
"GGB28980_SGB41692",0,0,0,0,0,0,0,0,0,0,0,0,0,0,0,0,0,0,0,0,0,0,0,0,0,0,0,0,0,0,0,0,0,0,0,0,0,0,0,0,0,0,0,0,0,0,0,0,0,0
"GGB28981_SGB41693",0,0,0,0,0,0,0,0,0,0,0,0,0,0,0,0,0,0,0,0,0,0,0,0,0,0,0,0,0,0,0,0,0,0,0,0,0,0,0,0,0,0,0,0,0,0,0,0,0,0
"GGB28981_SGB41694",0,0,0,0,0,0,0,0,0,0,0,0,0,0,0,0,0,0,0,0,0,0,0,0,0,0,0,0,0,0,0,0,0,0,0,0,0,0,0,0,0,0,0,0,0,0,0,0,0,1063
"GGB28988_SGB41701",0,0,0,0,0,0,0,0,0,0,0,0,0,0,0,0,0,0,0,0,0,0,0,0,0,0,0,0,0,0,0,0,0,0,0,0,0,0,0,0,0,0,0,0,0,0,0,0,15764,267
"GGB28989_SGB41703",0,0,0,0,0,0,0,0,0,0,0,0,0,0,0,0,0,0,0,0,0,0,0,0,0,0,0,0,0,0,0,0,0,0,0,0,0,0,0,0,0,0,0,0,0,0,0,0,0,0
"GGB28990_SGB41704",0,0,0,0,0,0,0,0,0,0,0,0,0,0,21817,0,0,0,0,0,0,0,0,0,28768,0,0,0,0,0,0,0,0,0,15061,0,13094,0,0,0,0,0,0,0,0,0,0,0,0,0
"GGB29001_SGB41717",0,0,0,0,0,0,0,0,0,0,0,0,0,0,0,0,0,0,0,0,0,0,0,0,0,0,0,0,0,0,0,0,0,0,0,0,0,0,0,0,0,0,0,0,0,0,0,0,0,0
"GGB29003_SGB41719",0,0,0,0,0,0,0,0,0,0,0,0,0,0,0,0,0,0,0,0,0,0,0,0,0,0,0,0,0,0,0,0,0,0,13650,0,0,0,0,0,0,0,0,14863,0,0,0,0,0,0
"GGB29004_SGB41721",0,0,0,0,0,0,0,0,0,0,0,0,0,0,0,0,0,0,0,0,0,0,0,0,0,0,0,0,0,0,0,0,0,0,0,0,0,0,0,0,0,0,0,0,0,0,0,0,0,0
"GGB29005_SGB41723",0,0,0,0,0,0,0,0,0,0,0,0,0,0,0,0,0,0,0,0,0,0,0,0,0,0,0,0,0,0,0,0,0,0,0,0,0,0,0,0,0,0,0,0,0,0,0,0,0,0
"GGB29531_SGB42317",0,0,0,0,8621,0,0,10512,0,0,0,0,0,0,12024,0,0,0,0,0,0,0,0,0,23965,0,0,0,0,0,0,0,9964,0,9094,0,0,0,0,0,0,0,0,20871,0,0,0,0,3435,303
"GGB29546_SGB42339",0,0,0,0,0,0,0,0,0,0,0,0,0,0,0,0,0,0,0,0,0,0,0,0,0,0,0,0,0,0,0,0,0,0,0,0,0,0,0,0,0,0,0,11020,0,0,0,0,0,0
"GGB29559_SGB42355",0,0,0,0,0,0,0,5602,0,0,0,0,0,0,0,0,0,0,0,0,0,0,0,0,0,0,0,0,0,0,0,0,0,0,0,0,0,0,0,0,0,0,0,0,0,0,0,0,0,0
"GGB30045_SGB42945",0,21507,81444,0,105097,9066,10368,250444,30637,113179,8167,0,21008,23546,480434,0,154438,0,0,80143,6104,0,120583,29958,266518,0,502226,0,63450,7131,14169,0,541176,14729,174348,0,224139,0,12987,46042,134261,16551,11591,90536,0,80797,0,0,0,0
"GGB30046_SGB42947",0,0,13978,0,0,0,0,24756,8170,8445,0,12451,0,6902,31698,0,9178,0,0,8177,0,0,18583,7526,21188,0,20750,0,10089,0,4885,0,41070,6925,28161,0,22937,0,0,5509,16299,5357,6079,11411,0,10300,0,0,0,0
"GGB30048_SGB42949",0,0,0,0,0,0,0,0,0,0,0,0,0,0,0,0,0,0,0,0,0,0,0,0,0,0,0,0,0,0,0,0,0,0,0,0,0,0,0,0,0,0,0,0,0,0,0,0,86002,0
"GGB30141_SGB43066",0,0,0,0,0,0,0,0,0,0,0,0,0,0,0,0,0,0,0,0,0,0,0,0,0,0,0,0,0,0,0,0,0,0,0,0,0,0,0,0,0,0,0,0,0,0,0,0,0,0
"GGB30142_SGB43067",0,0,0,0,0,0,0,0,0,0,0,0,0,0,0,0,0,0,0,0,0,0,0,0,0,0,0,0,0,0,0,0,0,0,0,0,0,0,0,0,0,0,0,0,0,0,0,0,0,0
"GGB30147_SGB43074",0,0,0,0,0,0,0,0,0,0,0,0,0,0,10454,0,0,0,0,0,0,0,0,0,12240,0,0,0,0,0,0,0,0,0,0,0,0,0,0,0,0,0,0,0,0,0,0,0,0,0
"GGB30290_SGB43252",0,0,0,0,0,0,0,0,0,0,0,0,0,0,0,0,0,0,0,0,0,0,0,0,0,0,0,0,0,0,0,0,0,0,0,0,0,0,0,0,0,0,0,0,0,0,0,0,0,0
"GGB30294_SGB43258",0,0,8262,0,0,0,0,10869,0,10176,0,0,0,6220,19260,0,0,0,0,6953,0,0,0,6567,22414,0,7601,0,0,0,0,0,14029,0,8441,0,9600,0,0,0,7965,0,0,7472,0,7006,0,0,0,0
"GGB30296_SGB43260",0,0,0,0,0,0,0,12057,0,0,0,0,0,0,24267,0,0,0,0,0,0,0,0,0,16835,0,0,0,0,0,0,0,0,0,14039,0,14785,0,0,0,0,0,0,0,0,0,0,0,0,0
"GGB30298_SGB43262",0,0,11559,0,0,0,0,22981,0,8123,0,0,0,0,24856,0,0,0,0,0,0,0,0,0,25751,0,0,0,0,0,0,0,9662,0,15871,0,10611,0,0,0,11503,0,0,0,0,13625,0,0,0,2157
"GGB30301_SGB43265",0,0,0,0,0,0,0,0,0,0,0,0,0,0,0,0,0,0,0,0,0,0,0,0,0,0,0,0,0,0,0,0,0,0,0,0,0,0,0,0,0,0,0,0,0,0,0,0,0,0
"GGB30302_SGB43266",0,0,0,0,0,0,0,0,0,0,0,0,0,0,0,0,0,0,0,0,0,0,0,0,0,0,0,0,0,0,0,0,0,0,0,0,0,0,0,0,0,0,0,0,0,0,0,0,0,0
"GGB30302_SGB43267",0,0,0,0,0,0,0,0,0,0,0,0,0,0,0,0,0,0,0,0,0,0,0,0,0,0,0,0,0,0,0,0,0,0,0,0,0,0,0,0,0,0,0,0,0,0,0,0,0,0
"GGB30303_SGB43268",0,0,0,0,0,0,0,0,0,0,0,0,0,0,0,0,0,0,0,0,0,0,0,0,0,0,0,0,0,0,0,0,0,0,0,0,0,0,0,0,0,0,0,0,0,0,0,0,0,0
"GGB30408_SGB43438",0,0,0,0,0,0,0,0,0,0,0,0,0,0,0,0,0,0,0,0,0,0,0,0,0,0,0,0,0,0,0,0,0,0,11749,0,0,0,0,0,0,0,0,0,0,0,0,0,0,0
"GGB30409_SGB43439",0,0,0,0,0,0,0,0,0,0,0,0,0,0,0,0,0,0,0,0,0,0,0,0,8066,0,0,0,0,0,0,0,0,0,0,0,0,0,0,0,0,0,0,0,0,0,0,0,0,0
"GGB30414_SGB43453",0,0,0,0,0,0,0,0,0,0,0,0,0,0,0,0,0,0,0,0,0,0,0,0,0,0,0,0,0,0,0,0,0,0,0,0,0,9393,0,0,0,0,0,10955,0,0,0,0,0,0
"GGB30450_SGB43507",0,0,0,0,0,0,0,0,0,0,0,0,0,0,0,0,0,0,0,0,0,0,0,0,0,0,0,0,0,0,0,0,0,0,0,0,0,0,0,0,0,0,0,0,0,0,0,0,0,857
"GGB30450_SGB43508",0,0,0,0,0,0,0,0,0,0,0,0,0,0,13564,0,0,0,0,0,0,0,0,0,0,0,0,0,0,0,0,0,0,0,0,0,0,0,0,0,0,0,0,0,0,0,0,0,0,0
"GGB30451_SGB102185",0,0,0,0,0,0,0,0,0,0,0,0,0,0,0,0,0,0,0,0,0,0,0,0,0,0,0,0,0,0,0,0,0,0,0,0,0,0,0,0,0,0,0,0,0,0,0,0,0,0
"GGB30454_SGB100837",0,0,0,0,0,0,0,0,0,0,0,0,0,0,0,0,0,0,0,0,0,0,0,0,0,0,0,0,0,0,0,0,0,0,0,0,0,0,0,0,0,0,0,0,0,0,0,0,0,0
"GGB30454_SGB43514",0,0,0,0,0,0,0,0,13710,0,0,0,0,0,0,0,0,0,0,0,0,0,0,0,0,0,0,0,0,0,0,0,12747,0,0,12013,0,0,0,14879,0,0,17759,0,0,0,0,0,0,0
"GGB30454_SGB43516",0,0,0,0,0,0,0,14514,0,0,0,0,0,0,27011,0,14537,0,0,0,0,0,0,0,39661,0,0,0,0,0,0,0,15393,0,13891,0,15472,0,0,0,14074,0,0,0,0,0,0,0,0,0
"GGB30455_SGB43519",0,10196,0,0,10462,0,0,8756,0,0,0,0,8845,0,10907,0,0,0,0,0,0,0,0,0,0,0,0,0,0,0,0,0,9926,0,10327,0,0,0,0,0,0,0,0,0,0,0,0,0,5888,2176
"GGB30457_SGB63218",0,0,0,0,0,0,0,0,0,0,0,0,0,0,0,0,0,0,0,0,0,0,0,0,0,0,0,0,0,0,0,0,0,0,0,0,0,0,0,0,0,0,0,0,0,0,0,0,0,0
"GGB30460_SGB43527",0,0,0,0,0,0,0,22344,0,0,0,0,0,0,0,0,0,0,0,0,0,0,0,0,0,0,0,0,0,0,0,0,15386,0,0,0,0,0,0,0,0,0,0,0,0,11705,0,0,0,0
"GGB30461_SGB102216",0,0,0,0,0,0,0,27983,0,0,0,0,0,0,48692,0,0,0,0,0,0,0,0,0,55037,0,0,0,0,0,0,0,0,0,0,0,16006,0,0,0,0,0,0,0,0,14340,0,0,0,0
"GGB30461_SGB43529",0,0,0,0,0,0,0,12003,0,0,0,0,0,0,8776,0,11807,0,0,0,0,0,0,0,0,0,12248,0,0,0,0,0,23971,0,12247,0,0,0,0,0,12341,0,0,12969,0,0,0,0,0,0
"GGB30461_SGB63204",0,10734,0,0,14695,0,0,0,0,0,0,0,11728,0,0,0,0,0,13742,0,0,0,0,0,0,0,0,0,0,0,0,11109,0,0,0,0,0,0,0,0,0,0,0,0,0,0,0,0,0,0
"GGB30461_SGB63208",0,0,0,0,0,0,0,8381,0,0,0,0,0,0,0,0,0,0,0,0,0,0,0,0,8948,0,0,0,0,0,0,0,9442,0,0,0,0,0,0,0,0,0,0,10299,0,0,0,0,0,0
"GGB30461_SGB63209",0,0,0,0,0,0,0,36474,0,0,0,0,0,0,12609,0,0,0,0,0,0,0,0,0,13876,0,12135,0,0,0,0,0,45743,0,0,0,10782,0,0,11836,15031,0,0,19842,0,15273,0,0,0,0
"GGB30463_SGB102197",0,0,0,0,0,0,0,0,0,0,0,0,0,0,0,0,0,0,0,0,0,0,0,0,0,0,0,0,0,0,0,0,0,0,0,0,0,0,0,0,0,0,0,0,0,0,0,0,0,0
"GGB30463_SGB43537",0,0,0,0,0,0,0,0,0,0,0,0,0,0,0,0,0,0,0,0,0,0,0,0,0,0,0,0,0,0,0,0,0,0,0,0,0,0,0,0,0,0,0,0,0,0,0,0,0,0
"GGB30466_SGB63211",0,0,0,0,0,0,0,0,0,0,0,0,0,0,0,0,0,0,0,0,0,0,0,0,0,0,0,0,0,0,0,0,0,0,0,0,0,0,0,0,0,0,0,0,0,0,0,0,8188,0
"GGB30468_SGB43552",0,0,0,0,0,0,0,7123,0,0,0,0,0,0,10002,0,0,0,0,0,0,0,0,0,11054,0,0,0,0,0,0,0,0,0,0,0,0,0,0,0,0,0,0,0,0,0,0,0,0,0
"GGB30472_SGB43556",0,0,0,0,0,0,0,0,0,0,0,0,0,0,8199,0,0,0,0,0,0,0,0,0,8861,0,0,0,0,0,0,0,0,0,0,0,0,0,0,0,0,0,0,0,0,0,0,0,0,0
"GGB30475_SGB63182",0,0,9149,0,0,0,0,11919,0,9075,0,0,0,0,20228,0,0,0,0,0,0,0,0,0,17194,0,8287,0,0,0,0,0,8143,0,0,0,9309,0,0,0,10048,0,0,0,0,7991,0,0,0,0
"GGB30620_SGB43754",0,0,0,0,0,0,0,0,0,0,0,0,0,0,0,0,0,0,0,0,0,0,0,0,0,0,0,0,0,0,0,0,0,0,0,0,0,0,0,0,0,0,0,0,0,0,0,0,0,0
"GGB30621_SGB43756",0,0,0,0,0,0,0,0,0,0,0,0,0,0,0,0,0,0,0,0,0,0,0,0,0,0,0,0,0,0,0,0,0,0,0,0,0,0,0,0,0,0,0,0,0,0,587,0,0,0
"GGB30667_SGB43809",0,0,0,0,0,0,0,0,0,0,0,7128,0,0,0,0,0,0,0,0,0,0,0,0,7623,0,0,0,0,0,0,0,0,0,0,0,0,0,0,5714,0,0,0,0,0,0,0,0,0,0
"GGB30861_SGB44083",8631,13228,139076,0,85390,11681,7352,183871,33853,38412,9010,83721,16243,22949,155284,6901,46721,0,129677,26904,8072,0,38654,33812,112524,0,45605,0,27089,0,11161,207657,99105,19167,127437,0,105772,64488,9320,16918,59167,7878,10112,104203,0,36508,261484,0,81895,0
"GGB31064_SGB44328",0,0,0,0,0,0,0,0,0,0,0,0,0,0,0,0,0,0,0,0,0,0,0,0,0,0,0,0,0,0,0,0,0,0,0,0,0,0,0,0,0,0,0,0,0,0,0,0,0,0
"GGB31108_SGB44379",0,0,0,0,0,0,0,0,9286,0,0,0,0,0,0,0,8699,0,0,0,0,0,0,0,0,0,0,0,0,0,0,0,0,0,0,0,0,0,0,0,0,0,7685,0,0,0,0,0,0,0
"GGB31109_SGB44380",0,0,0,0,0,0,0,0,0,0,0,0,0,0,0,0,0,0,0,0,0,0,0,0,0,0,0,0,0,0,0,0,0,0,0,0,0,0,0,0,0,0,0,0,0,0,0,0,0,0
"GGB31111_SGB44382",0,0,0,0,0,0,0,0,0,0,0,0,0,0,0,0,0,0,0,0,0,0,0,0,0,0,0,0,0,0,0,0,0,0,0,0,0,0,0,0,0,0,0,0,0,0,0,0,0,0
"GGB31179_SGB44472",0,0,0,0,0,0,0,0,0,0,0,0,0,0,0,0,0,0,0,0,0,0,0,0,0,0,0,0,0,0,0,0,0,0,0,0,0,0,0,0,0,0,0,0,0,0,0,0,0,0
"GGB31184_SGB44478",0,0,0,0,0,0,0,0,0,0,0,0,0,0,0,0,0,0,0,0,0,0,0,0,0,0,0,0,0,0,0,0,0,0,0,0,0,0,0,0,0,0,0,0,0,0,7096,0,0,0
"GGB31312_SGB44628",0,0,0,0,0,0,0,0,0,0,0,0,0,0,0,0,0,0,0,0,0,0,0,0,0,0,0,0,0,0,0,0,0,0,0,0,0,0,0,0,0,0,0,0,0,0,0,0,0,0
"GGB31701_SGB45057",0,0,0,0,0,0,0,0,0,0,0,0,0,0,0,0,0,0,0,0,0,0,0,0,0,0,0,0,0,0,0,0,0,0,0,0,0,0,0,0,0,0,0,0,0,0,0,0,0,0
"GGB3171_SGB4185",0,0,0,0,0,0,0,0,0,0,0,6626,0,6544,13850,0,0,0,0,0,0,0,0,0,7645,0,0,0,0,0,0,0,0,0,9316,0,8359,0,0,6126,0,0,0,13706,0,0,7999,0,0,0
"GGB31793_SGB45163",0,0,0,0,0,0,0,0,0,0,0,0,0,0,0,0,0,0,0,0,0,0,0,0,0,0,0,0,0,0,0,0,0,0,0,0,0,0,0,0,0,0,0,0,0,0,0,0,0,0
"GGB31822_SGB45198",0,0,0,0,0,0,0,0,0,0,0,0,0,0,0,0,0,0,0,0,0,0,0,0,0,0,0,0,0,0,0,0,0,0,0,0,0,0,0,0,0,0,0,0,0,0,0,0,0,0
"GGB31823_SGB45199",0,0,0,0,0,0,0,0,0,0,0,0,0,0,0,0,0,0,0,0,0,0,0,0,0,0,0,0,0,0,0,0,0,0,0,0,0,0,0,5290,0,0,0,0,0,0,0,0,0,0
"GGB31841_SGB45219",0,0,0,0,0,0,0,0,0,0,0,0,0,0,0,0,0,0,0,0,0,0,0,0,0,0,0,0,0,0,0,0,0,0,0,0,0,0,0,6623,0,0,0,0,0,0,0,0,0,0
"GGB32371_SGB41694",0,0,14600,0,0,0,0,36730,0,27685,0,0,0,12989,0,0,13977,0,0,18190,0,0,13984,0,0,0,15773,0,0,0,0,0,23780,0,0,0,0,0,0,0,0,0,0,0,0,23435,0,0,0,0
"GGB3583_SGB21441",0,0,0,0,0,0,0,0,0,0,0,0,0,0,0,0,0,0,0,0,0,0,0,0,0,0,0,0,0,0,0,0,0,0,0,0,0,0,0,0,0,0,0,0,0,0,0,0,0,0
"GGB3661_SGB41629",0,0,0,0,0,0,0,0,0,0,0,0,0,0,0,0,0,0,0,0,0,0,0,0,0,0,0,0,0,0,0,0,0,0,0,0,0,0,0,0,0,0,0,0,0,0,0,0,0,0
"GGB42321_SGB59488",0,0,0,0,0,0,0,0,0,0,0,0,0,0,0,0,0,0,0,0,0,0,0,0,0,0,0,0,0,0,0,0,0,0,0,0,0,0,0,0,0,0,0,0,0,0,0,0,0,0
"GGB42322_SGB59489",0,0,0,0,0,0,0,0,0,0,0,0,0,0,0,0,0,0,4228,0,0,0,0,0,0,0,0,0,0,0,0,14873,0,0,0,0,0,8056,0,0,0,0,0,4135,0,0,0,0,0,0
"GGB42327_SGB59494",0,0,0,0,0,0,0,0,0,0,0,0,0,0,0,0,0,0,0,0,0,0,0,0,0,0,0,0,0,0,0,0,0,0,0,0,0,0,0,0,0,0,0,0,0,0,0,0,0,0
"GGB42342_SGB59510",0,0,0,0,0,0,0,0,0,0,0,0,0,0,0,0,0,0,0,0,0,0,0,0,0,0,0,0,0,0,0,0,0,0,0,0,0,0,0,0,0,0,0,0,0,0,0,0,0,0
"GGB42343_SGB59511",0,0,0,0,0,0,0,0,0,0,0,0,0,0,0,0,0,0,0,0,0,0,0,0,0,0,0,0,0,0,0,0,0,0,0,0,0,0,0,0,0,0,0,0,0,0,0,0,0,0
"GGB42344_SGB59512",0,0,0,0,0,0,0,0,0,0,0,0,0,0,0,0,0,0,0,0,0,0,0,0,0,0,0,0,0,0,0,0,0,0,0,0,0,0,0,0,0,0,0,0,0,0,0,0,0,0
"GGB42570_SGB59765",0,0,7509,0,0,0,0,8223,0,0,5902,0,0,0,77153,0,0,0,0,0,0,0,0,0,67635,0,0,0,7250,5977,0,0,0,0,33287,0,15367,0,0,8012,9089,0,0,0,0,8413,0,0,0,0
"GGB42598_SGB59794",0,0,256459,0,0,0,0,135144,16616,27668,22996,0,0,46188,20216,13928,0,0,0,16302,14331,0,0,61591,21376,0,0,0,19614,0,21768,0,14932,0,152122,0,29318,14900,22382,0,64226,15945,0,0,0,35799,0,0,0,79589
"GGB42601_SGB59797",0,0,0,0,0,0,0,0,0,0,0,0,0,0,0,0,0,0,0,0,0,0,0,0,0,0,0,0,0,0,0,0,0,0,0,0,0,0,0,0,0,0,0,0,0,0,0,0,0,0
"GGB42608_SGB59804",0,0,0,0,0,0,0,0,0,0,0,0,0,0,0,0,0,0,0,0,0,0,0,0,0,0,0,0,0,0,0,0,0,0,0,0,0,0,0,0,0,0,0,0,0,0,0,0,0,0
"GGB42646_SGB59844",12555,0,14159,0,0,0,0,37435,0,0,0,0,0,0,23849,0,0,0,0,0,0,0,0,0,43347,0,0,0,0,0,0,0,0,0,11629,0,11734,0,0,0,12096,0,0,25792,0,13031,0,0,0,0
"GGB45293_SGB41002",0,0,0,0,0,0,0,0,0,0,0,0,0,0,0,0,0,0,0,0,0,0,0,0,0,0,0,0,0,0,0,0,0,0,0,0,0,0,0,0,0,0,0,0,0,0,0,0,0,0
"GGB45506_SGB63178",0,0,0,0,0,0,0,0,0,0,0,0,0,0,0,0,0,0,0,0,0,0,0,0,14061,0,0,0,0,0,0,0,0,0,0,0,0,0,0,0,0,0,0,0,0,0,0,0,0,0
"GGB45513_SGB63185",0,0,0,0,0,0,0,0,0,0,0,0,0,0,0,0,0,0,0,0,0,0,0,0,0,0,0,0,0,0,0,0,0,0,0,0,0,0,0,0,0,0,0,0,0,0,0,0,0,0
"GGB45514_SGB63186",0,10997,0,0,12905,0,0,10594,0,0,0,0,0,0,18410,0,0,0,13866,0,0,0,0,0,25012,0,0,0,0,0,0,0,0,0,0,0,9487,0,0,0,0,0,0,13514,0,0,146,0,1346,0
"GGB45515_SGB63187",0,0,0,0,0,0,0,6219,0,0,0,0,0,0,0,0,0,0,0,0,0,0,0,0,0,0,0,0,0,0,0,0,7959,0,0,0,0,0,0,6831,0,0,5945,0,0,0,0,0,0,0
"GGB45536_SGB63216",0,0,0,0,0,0,0,0,0,0,0,0,0,0,0,0,0,0,0,0,0,0,0,0,0,0,0,0,0,0,0,0,0,0,0,0,0,0,0,0,0,0,0,0,0,0,0,0,0,0
"GGB45650_SGB63364",0,0,0,0,0,0,0,0,0,0,0,0,0,0,0,0,0,0,0,0,0,0,0,0,0,0,0,0,0,0,0,0,0,0,0,0,0,0,0,0,0,0,0,0,0,0,0,0,6802,0
"GGB45656_SGB63370",0,0,0,0,0,0,0,0,0,0,0,7947,0,0,0,0,0,0,0,0,0,0,0,0,6456,0,0,0,0,0,0,0,0,0,0,0,0,0,0,0,0,0,0,10295,0,0,0,0,0,0
"GGB45977_SGB41021",0,0,0,0,0,0,0,0,0,0,0,0,0,0,0,0,0,0,0,0,0,0,0,0,0,0,0,0,0,0,0,0,0,0,0,0,0,0,0,0,0,0,0,0,0,0,0,0,0,0
"GGB46159_SGB63927",31753,36706,25493,0,153926,20029,133767,829274,158008,24308,42338,39479,36187,162869,104113,24965,20107,0,701607,14558,22303,0,41010,117074,118925,12590,12388,0,13773,39501,13011,145292,50414,24500,19332,0,25781,366137,17424,297780,13487,10443,0,486592,17817,119591,112987,0,1007101,0
"GGB46162_SGB63930",0,0,0,0,0,0,0,22141,7035,11151,6745,6223,0,9644,34128,0,12000,0,0,0,0,0,7919,15054,8308,0,0,0,6490,6221,0,0,0,0,7990,0,5604,0,0,12332,0,0,0,17671,0,7438,0,0,0,0
"GGB5207_SGB43496",0,0,0,0,0,0,0,0,0,0,0,0,0,0,0,0,0,0,0,0,0,0,0,0,0,0,0,0,0,0,0,0,0,0,0,0,0,0,0,0,0,0,0,0,0,0,0,0,0,0
"GGB62427_SGB41546",0,0,0,0,0,0,0,0,0,0,0,0,0,0,0,0,0,0,0,0,0,0,0,0,0,0,0,0,0,0,0,0,0,0,0,0,0,0,0,0,0,0,0,0,0,0,0,0,0,0
"GGB70518_SGB94950",0,0,66856,0,0,0,0,39874,0,0,0,0,0,5677,0,0,0,0,0,0,0,0,0,7409,0,0,0,0,0,0,0,0,0,0,0,0,0,0,0,0,0,6328,0,0,0,14513,0,0,0,0
"GGB70852_SGB95305",0,0,16883,8806,0,0,0,1598023,410426,266654,310441,0,0,805019,1913456,0,108069,0,0,54983,79436,0,310861,1453898,1046865,0,9849,0,293808,148104,77365,0,22881,55144,429266,0,815980,0,17532,1204193,85662,11420,0,0,0,434509,0,0,0,11440
"GGB73359_SGB46611",0,0,0,0,0,0,0,3124,0,0,0,0,0,4283,0,0,0,0,0,0,0,0,0,2968,0,0,0,0,0,0,0,0,3942,0,0,0,0,0,0,0,0,0,0,0,0,0,0,0,0,0
"GGB74395_SGB43523",0,0,0,0,0,0,0,7458,0,0,0,0,0,0,10438,0,0,0,0,0,0,0,0,0,8975,0,0,0,0,0,0,0,0,0,0,0,9038,0,0,0,0,0,0,0,0,0,0,0,0,0
"GGB74408_SGB43542",0,0,0,0,0,0,0,0,0,0,0,0,0,0,9441,0,0,0,0,0,0,0,0,0,9242,0,0,0,0,0,0,0,0,0,0,0,0,0,0,0,0,0,0,0,0,0,0,0,0,0
"GGB75053_SGB43494",0,0,0,0,0,0,0,0,0,0,0,0,0,0,0,0,0,0,0,0,0,0,0,0,0,0,0,0,0,0,0,0,0,0,0,0,0,0,0,0,0,0,0,0,0,0,0,0,0,0
"GGB75055_SGB43513",0,0,0,0,0,0,0,0,0,0,0,0,0,0,0,0,0,0,0,0,0,0,0,0,0,0,0,0,0,0,0,0,0,0,0,0,0,0,0,0,0,0,0,0,0,0,0,0,0,0
"GGB75057_SGB102223",0,0,0,0,0,0,0,6035,0,6630,0,0,0,0,16973,0,0,0,0,0,0,0,0,0,11531,0,0,0,0,0,0,0,0,0,6669,0,6908,0,0,0,5880,0,0,9111,0,0,0,0,0,0
"GGB75060_SGB102173",0,0,0,0,0,0,0,0,0,0,0,0,0,0,0,0,0,0,0,0,0,0,0,0,0,0,0,0,0,0,0,0,0,0,0,0,0,0,0,0,0,0,0,7216,0,0,0,0,0,0
"GGB75064_SGB102200",0,0,0,0,0,0,0,0,0,0,0,0,0,0,0,0,0,0,0,0,0,0,0,0,0,0,0,0,0,0,0,0,0,0,0,0,0,0,0,0,0,0,0,0,0,0,0,0,0,0
"GGB75064_SGB43546",0,0,0,0,0,0,0,0,0,0,0,0,0,0,0,0,0,0,0,0,0,0,0,0,0,0,0,0,0,0,0,0,0,0,0,0,0,0,0,0,0,0,0,0,0,0,0,0,0,0
"GGB75072_SGB102164",0,0,0,0,0,0,0,0,0,0,0,22015,0,0,0,0,0,0,0,0,0,0,0,0,0,0,0,0,0,0,0,0,0,0,0,0,0,0,0,0,0,0,0,0,0,0,0,0,0,0
"GGB75074_SGB102167",0,0,0,0,0,0,0,24981,0,10541,0,0,0,0,27662,0,11514,0,0,8724,0,0,0,0,29830,0,13316,0,0,0,0,0,36680,0,15614,0,12852,0,0,0,14002,0,0,22702,0,12194,0,0,0,0
"GGB75085_SGB102286",0,0,0,0,0,0,0,0,0,0,0,0,0,0,0,0,0,0,0,0,0,0,0,0,0,0,0,0,0,0,0,0,0,0,0,0,0,0,0,0,0,0,0,0,0,0,0,0,0,0
"GGB75094_SGB102310",0,0,0,0,0,0,0,0,0,0,0,0,0,0,0,0,0,0,0,0,0,0,0,0,10642,0,0,0,0,0,0,0,0,0,0,0,0,0,0,0,0,0,0,11819,0,0,0,0,0,0
"GGB75104_SGB102231",0,0,0,0,0,0,0,0,0,0,0,0,0,0,0,0,0,0,0,0,0,0,0,0,6748,0,0,0,0,0,0,0,0,0,4416,0,0,0,0,0,0,0,0,4483,0,0,0,0,0,0
"GGB75112_SGB102247",0,0,0,0,0,0,0,0,0,0,0,0,0,0,0,0,0,0,0,0,0,0,0,0,9446,0,0,0,0,0,0,0,0,0,0,0,0,0,0,0,0,0,0,0,0,0,0,0,0,0
"GGB75314_SGB102498",0,0,0,0,0,0,0,0,0,0,0,0,0,0,0,0,0,0,0,0,0,0,0,0,0,0,0,0,0,0,0,0,0,0,0,0,0,0,0,0,0,0,0,0,0,0,0,0,0,0
"GGB75725_SGB102612",0,0,0,0,0,3840,0,11989,0,4407,0,0,0,3587,24963,0,2513,0,0,3590,0,0,3914,4478,34818,0,2906,0,2620,0,2983,0,8035,0,3587,0,4381,0,0,0,3127,0,0,9419,0,3055,0,0,0,0
"GGB75726_SGB102611",0,0,0,0,0,4783,0,3061,0,0,0,0,0,3441,5910,0,0,0,0,0,0,0,0,0,6945,0,3674,0,0,0,0,0,3761,0,3207,0,2991,0,0,0,0,0,0,20808,0,0,0,0,0,0
"GGB75879_SGB103683",0,0,20901,0,0,0,0,547448,82896,9441,26053,0,0,50751,47171,0,5528,0,0,4898,8881,0,10155,71513,66681,0,6331,0,4797,50180,16902,0,17636,6700,6207,0,13844,0,6942,495973,10221,5236,4768,0,0,43460,0,0,0,0
"GGB75896_SGB102365",0,0,0,0,0,0,0,0,0,0,0,0,0,0,0,0,0,0,0,0,0,0,0,0,0,0,0,0,0,0,0,0,0,0,0,0,0,0,0,0,0,0,0,0,0,0,0,0,0,0
"GGB79592_SGB45219",0,0,0,0,0,0,0,0,0,0,0,0,0,0,0,0,0,0,0,0,0,0,0,0,0,0,0,0,0,0,0,0,0,0,0,0,0,0,0,0,0,0,0,0,0,0,0,0,0,0
"GGB79594_SGB41414",0,0,0,0,0,0,0,0,0,0,0,0,0,0,0,0,0,0,0,0,0,0,0,0,0,0,0,0,0,0,0,0,0,0,0,0,0,0,0,0,0,0,0,0,0,0,0,0,0,0
"GGB79628_SGB35895",0,0,0,0,0,0,0,0,0,0,0,0,0,0,0,0,0,0,0,0,0,0,0,0,0,0,0,0,0,0,0,0,0,0,0,0,0,0,0,0,0,0,0,0,0,0,0,0,0,0
"GGB79698_SGB41545",0,0,0,0,0,0,0,0,0,0,0,0,0,0,0,0,0,0,0,0,0,0,0,0,0,0,0,0,0,0,0,0,0,0,0,0,0,0,0,0,0,0,0,0,0,0,0,0,317,0
"GGB79729_SGB45197",0,0,0,0,0,0,0,0,0,0,0,0,0,0,0,0,0,0,0,0,0,0,0,0,0,0,0,0,0,0,0,0,0,0,0,0,0,0,0,0,0,0,0,0,0,0,0,0,0,0
"GGB79741_SGB1950",0,0,0,0,0,0,0,0,0,0,0,0,0,0,0,0,0,0,0,0,0,0,0,0,0,0,0,0,0,0,0,0,0,0,0,0,0,0,0,0,0,0,0,0,0,0,2104,0,261,0
"GGB79760_SGB63182",0,0,0,0,0,0,0,0,0,0,0,0,0,0,0,0,0,0,0,0,0,0,0,0,0,0,0,0,0,0,0,0,0,0,0,0,0,0,0,0,0,0,0,0,0,0,0,0,0,0
"GGB79804_SGB41650",0,0,0,0,0,0,0,0,0,0,0,0,0,0,0,0,0,0,0,0,0,0,0,0,0,0,0,0,0,0,0,0,0,0,0,0,0,0,0,0,0,0,0,0,0,0,0,0,1438,0
"GGB79844_SGB41536",0,0,0,0,0,0,0,0,0,0,0,0,0,0,0,0,0,0,0,0,0,0,0,0,0,0,0,0,0,0,0,0,0,0,0,0,0,0,0,0,0,0,0,0,0,0,0,0,0,0
"GGB79848_SGB41595",0,0,0,0,0,0,0,0,0,0,0,0,0,0,0,0,0,0,0,0,0,0,0,0,0,0,0,0,0,0,0,0,0,0,0,0,0,0,0,0,0,0,0,0,0,0,0,0,0,0
"GGB79854_SGB41662",0,0,0,0,0,0,0,0,0,0,0,0,0,0,0,0,0,0,0,0,0,0,0,0,0,0,0,0,0,0,0,0,0,0,0,0,0,0,0,0,0,0,0,0,0,0,0,0,0,0
"GGB79948_SGB41679",0,0,0,0,0,0,0,0,0,0,0,0,0,0,0,0,0,0,0,0,0,0,0,0,0,0,0,0,0,0,0,0,0,0,0,0,0,0,0,0,0,0,0,0,0,0,0,0,3805,0
"GGB79989_SGB41645",0,0,0,0,0,0,0,0,0,0,0,0,0,0,0,0,0,0,0,0,0,0,0,0,0,0,0,0,0,0,0,0,0,0,0,0,0,0,0,0,0,0,0,0,0,0,0,0,0,0
"GGB80032_SGB42945",0,0,0,0,0,0,0,0,0,0,0,0,0,0,0,0,0,0,0,0,0,0,0,0,0,0,0,0,0,0,0,0,0,0,0,0,0,0,0,0,0,0,0,0,0,0,45,0,242373,0
"GGB80168_SGB43527",0,0,0,0,0,0,0,0,0,0,0,0,0,0,0,0,0,0,0,0,0,0,0,0,0,0,0,0,0,0,0,0,0,0,0,0,0,0,0,0,0,0,0,0,0,0,0,0,0,1518
"GGB9439_SGB42949",0,19343,115876,0,20780,8222,0,230351,47784,27505,10677,0,7541,33903,166730,0,55188,0,0,19085,7638,0,30714,44938,126657,0,116622,0,34114,9870,9004,0,171698,23338,121601,0,104633,0,11323,129383,67032,15768,18104,84840,0,83610,0,0,0,0
"Halomonas_SGB40985",0,0,0,0,0,0,0,0,0,0,0,0,0,0,0,0,0,0,0,0,0,0,0,0,0,0,0,0,0,0,0,0,0,0,0,0,0,0,0,0,0,0,0,0,0,0,0,0,0,0
"Hominisplanchenecus_murintestinalis",0,0,0,0,0,0,0,0,0,0,9974,0,0,16101,414961,0,0,0,0,0,0,0,0,11728,460110,0,0,0,21236,0,0,0,0,8958,65418,0,77746,0,0,7817,20769,0,0,0,0,0,0,0,0,0
"Hungateiclostridiaceae_bacterium_KB18",0,0,0,0,0,0,0,0,0,0,0,0,0,0,0,0,0,0,0,0,0,0,0,0,0,0,0,0,0,0,0,0,0,0,0,0,0,0,0,0,0,0,0,0,0,0,0,0,1907,0
"Lachnospiraceae_bacterium",26580,205948,105210,0,801568,25670,106229,157980,198975,506562,30470,113592,345263,79961,1570414,25170,350969,0,72143,318637,24182,0,230377,59200,2312036,13242,676426,41961,101064,37733,35034,63808,722157,61141,267243,17082,329188,346313,9907,171161,145679,9540,48936,331500,39676,92137,0,0,0,24551
"Lachnospiraceae_bacterium_A2",12413,0,0,0,0,0,0,0,0,0,0,0,0,0,25752,0,0,0,0,0,0,0,0,0,35565,0,0,0,0,0,0,0,0,0,15722,0,0,0,0,0,0,0,0,14904,0,0,0,0,0,0
"Lachnospiraceae_bacterium_A4",0,0,0,0,0,0,0,0,0,0,0,0,0,0,0,0,0,0,0,0,0,0,0,0,0,0,0,0,0,0,0,0,0,0,0,0,0,0,0,14378,0,0,0,0,0,0,0,0,0,0
"Lachnospiraceae_bacterium_MD308",0,0,0,0,0,0,0,0,0,0,0,0,0,0,0,0,0,0,0,0,0,0,0,0,0,0,0,0,0,0,0,0,0,0,0,0,0,0,0,0,0,0,0,0,0,0,284597,0,18639,0
"Lachnospiraceae_bacterium_MD335",0,0,0,0,0,0,0,0,0,0,0,0,0,0,0,0,0,0,0,0,0,0,0,0,0,0,0,0,0,0,0,0,0,0,0,0,0,0,0,0,0,0,0,0,0,0,0,0,0,0
"Lachnospiraceae_unclassified_SGB41402",0,0,0,0,0,0,0,0,0,0,0,0,0,0,0,0,0,0,0,0,0,0,0,0,0,0,0,0,0,0,0,0,0,0,0,0,0,0,0,0,0,0,0,0,0,0,0,0,288727,0
"Lachnospiraceae_unclassified_SGB41405",0,0,16548,0,0,0,0,30497,0,0,0,0,0,0,14446,0,0,0,0,0,0,0,0,12468,13611,0,0,0,0,0,0,0,0,0,17367,0,12158,0,0,0,11667,0,0,0,0,13622,0,0,0,0
"Lachnospiraceae_unclassified_SGB41424",0,0,0,0,0,0,0,0,0,0,0,0,0,0,0,0,0,0,0,0,0,0,0,0,0,0,0,0,0,0,0,0,0,0,0,0,0,0,0,0,0,0,0,0,0,0,0,0,0,0
"Lachnospiraceae_unclassified_SGB7275",11142,0,0,0,25106,14051,0,0,0,11214,0,0,14693,0,11632,0,0,0,86425,0,0,0,0,0,13835,0,0,0,0,0,0,97464,0,0,0,0,0,15640,0,10388,0,0,0,74540,0,0,0,0,0,0
"Lactobacillus_SGB5158",0,0,0,0,0,0,0,0,0,0,0,0,0,0,0,0,0,0,0,0,0,0,0,0,0,0,0,0,0,0,0,0,0,0,0,0,0,0,0,0,0,0,0,0,0,0,0,0,0,0
"Lactobacillus_intestinalis",0,0,5352,0,0,0,0,93902,0,5816,0,0,0,6879,39752,0,5288,0,0,5310,0,0,8878,6146,20194,0,12161,0,20417,0,7711,0,59005,6499,195513,0,50222,0,6463,0,24260,6368,0,0,0,14607,0,0,0,0
"Lactobacillus_johnsonii",0,11706,10226,4767,0,0,0,83513,8125,7882,0,5742,0,5228,107756,0,9005,0,0,7348,0,0,16308,4982,60646,4690,39999,0,30381,0,9050,0,179608,7083,287364,0,66728,151477,6593,7525,39462,8792,7043,16627,0,15675,539,911,49299,3982
"Lactococcus_SGB40208",0,0,0,0,0,0,0,0,0,0,0,0,0,0,0,0,0,0,0,0,0,0,0,0,0,0,0,0,0,0,0,0,0,0,0,0,0,0,0,0,0,0,0,0,0,0,0,0,0,0
"Lepagella_muris",25186,0,13220,0,0,11531,0,1193624,53689,101566,33694,13369,0,71912,256934,0,33362,0,0,28175,12769,0,59019,95470,276340,0,0,0,12736,21876,14933,0,14241,0,32248,0,40856,0,0,94356,11344,0,0,217560,0,68102,0,0,0,0
"Ligilactobacillus_murinus",0,7391,8213,59706,9218,0,0,24017,6776,6200,0,13656,6682,0,22158,0,25672,0,10983,6614,0,0,8512,0,23334,0,14439,7470,15843,0,7037,10138,26641,6326,33038,0,24100,74005,0,8778,10660,0,7558,29694,0,10289,14580,84959,5547,24464
"Limosilactobacillus_SGB43493",0,0,0,0,0,0,0,0,0,0,0,0,0,0,0,0,0,0,0,0,0,0,0,0,0,0,0,0,0,0,0,0,0,0,0,0,0,0,0,0,0,0,0,0,0,0,0,0,0,0
"Limosilactobacillus_reuteri",0,5279,9089,25109,0,0,0,54337,13339,5294,0,10189,0,0,39078,0,11557,0,6046,0,0,0,7587,0,23427,0,10090,0,22265,0,11259,7143,21565,0,76203,0,28035,30422,0,7987,18478,4504,10426,22761,0,11370,2565,2578,7305,49794
"Muribaculaceae_bacterium",7970,0,43215,0,0,7988,0,285087,44237,65201,46350,32414,0,100007,258319,0,94832,0,0,50453,14791,0,64415,110354,220995,0,20450,0,35491,17788,39039,0,46123,16443,41988,0,89425,0,0,99905,40378,0,0,108543,0,48912,15494,0,0,0
"Muribaculaceae_bacterium_Isolate_013_NCI",0,0,0,0,0,0,0,0,0,0,0,0,0,0,0,0,0,0,0,0,0,0,0,0,0,0,0,0,0,0,0,0,0,0,0,0,0,0,0,0,0,0,0,0,0,0,0,0,0,0
"Muribaculaceae_bacterium_Isolate_110_HZI",0,0,0,0,0,0,0,0,0,0,0,0,0,0,0,0,0,0,0,0,0,0,0,0,0,0,0,0,0,0,0,0,0,0,0,0,0,0,0,0,0,0,0,0,0,0,0,0,787983,0
"Muribaculum_gordoncarteri",46470,0,275810,0,0,29499,0,507658,115671,151188,36832,979436,0,107424,1342107,0,309544,0,0,110395,13376,0,302570,192553,1249396,0,383921,0,123355,14762,114756,0,176004,24101,511666,0,481704,0,23333,178627,432482,26018,26486,543302,0,102722,1384132,0,0,107436
"Muribaculum_intestinale",32186,0,276189,0,0,13187,0,1068163,337396,101811,55247,391426,0,63106,1009392,0,356158,0,0,43524,19216,0,194594,241187,954829,0,27244,0,131551,23457,64628,0,50448,86532,140002,24573,218389,0,18670,204648,47495,33590,73804,1932485,0,85540,730849,0,0,172986
"Muricaecibacterium_torontonense",100986,1013180,2326348,6269,9127467,473141,402009,6070316,3433630,1412325,427976,2037800,2242444,1733859,6996447,0,2487875,10661,0,1402715,183517,0,2351939,2527807,4415393,0,5211994,8053,2478193,64233,183032,0,4727582,3120969,6145788,106955,5740045,0,317269,2328564,2410058,712032,2092831,6230219,49055,2219890,0,0,0,0
"Neglectibacter_caecimuris",0,0,0,0,0,0,0,15672,0,0,0,0,0,10224,9310,0,0,0,0,0,0,0,0,0,0,0,0,0,0,0,0,0,0,0,0,0,9785,0,0,0,0,0,0,0,0,11633,0,0,0,0
"Neglectibacter_sp_X4",0,0,0,0,0,0,0,13461,0,10701,0,0,0,0,23667,0,0,0,18447,8517,0,0,0,0,22776,0,0,0,8131,0,0,0,11557,0,14110,0,16568,9156,0,0,12282,0,0,22404,0,9408,2374,0,0,0
"Oscillibacter_SGB102176",0,0,0,0,0,0,0,0,0,0,0,0,0,0,0,0,9212,0,0,0,0,0,0,0,0,0,0,0,0,0,0,0,0,0,0,0,0,0,0,0,0,0,0,0,0,0,0,0,0,0
"Oscillibacter_SGB43496",0,0,0,0,0,0,0,0,0,0,0,0,0,0,11523,0,0,0,0,0,0,0,0,0,12831,0,0,0,9435,0,0,0,0,0,16721,0,11428,0,0,0,11919,0,0,0,0,0,0,0,0,0
"Oscillibacter_SGB43499",0,0,0,0,0,0,0,0,0,0,0,0,0,0,13022,0,11778,0,0,0,0,0,0,0,14688,0,9963,0,0,0,0,0,14814,0,0,0,0,0,0,0,0,0,0,0,0,0,0,0,0,0
"Oscillibacter_SGB43502",0,0,0,0,0,0,0,9873,0,0,0,0,0,0,0,0,0,0,0,0,0,0,0,0,0,0,0,0,0,0,0,0,10344,0,0,0,10045,0,0,0,0,0,0,0,0,0,0,0,0,0
"Oscillibacter_SGB43505",0,0,0,0,0,0,0,0,0,0,0,0,0,0,0,0,0,0,0,0,0,0,0,0,0,0,0,0,0,0,0,0,0,0,0,0,0,0,0,0,0,0,0,0,0,0,0,0,0,0
"Oscillibacter_SGB94990",0,0,0,0,0,0,0,9313,0,0,0,0,0,0,14155,0,0,0,0,0,0,0,0,0,14361,0,0,0,0,0,0,0,0,0,0,0,0,0,0,0,0,0,0,0,0,0,0,0,0,0
"Oscillibacter_sp_1_3",0,0,0,0,0,0,0,0,0,0,0,0,0,0,0,0,0,0,0,0,0,0,0,0,0,0,0,0,0,0,0,0,0,0,0,0,0,0,0,0,0,0,0,11829,0,0,0,0,0,0
"Oscillibacter_sp_CU971",0,9305,0,0,0,0,0,14753,0,0,0,0,0,0,11373,0,0,0,13631,0,0,0,0,0,13744,0,0,0,0,0,0,10856,0,0,0,0,0,0,0,0,0,0,0,0,0,0,0,0,3062,0
"Oscillospiraceae_bacterium",0,0,0,0,0,0,0,24603,0,0,0,0,0,0,28083,0,0,0,0,0,0,0,0,0,21955,0,0,0,0,0,0,0,0,0,9729,0,10138,0,0,0,14069,0,0,0,0,0,0,0,0,0
"Oscillospiraceae_unclassified_SGB102175",0,0,0,0,0,0,0,11094,0,0,0,0,0,0,11606,0,0,0,10117,0,0,0,0,0,14082,0,0,0,0,0,0,9755,0,0,0,0,0,14832,0,0,0,0,0,0,0,0,0,0,0,0
"Oscillospiraceae_unclassified_SGB43526",0,0,0,0,0,0,0,0,0,0,0,0,0,0,13029,0,0,0,0,0,0,0,0,0,14016,0,0,0,0,0,0,0,14729,0,13267,0,0,0,0,0,14254,0,0,15220,0,0,0,0,0,0
"Parabacteroides_SGB1950",0,0,0,0,0,0,15194,0,0,0,0,0,0,0,0,0,0,0,35434,0,0,0,0,0,0,0,0,0,0,0,0,0,0,0,0,0,0,0,0,0,0,0,0,0,0,0,0,0,0,0
"Parabacteroides_distasonis",0,0,0,0,0,0,0,0,0,0,0,0,0,0,0,0,0,0,13217,0,0,0,0,0,0,0,0,0,0,0,0,0,0,0,0,0,0,0,0,0,0,0,0,0,0,0,6842,0,0,0
"Parabacteroides_goldsteinii",0,0,0,0,0,0,0,0,0,0,0,0,0,0,0,0,0,0,36168,0,0,0,0,0,0,0,0,0,0,0,0,0,0,0,0,0,0,0,0,0,0,0,0,0,0,0,0,0,391,0
"Paramuribaculum_intestinale",0,0,58681,0,0,0,0,522264,51751,92357,9369,0,0,18778,1186586,0,103963,0,0,39781,0,0,82802,24458,841457,0,57457,0,65175,11746,52130,0,148789,7188,283357,0,243439,0,8954,75513,146879,8843,0,0,0,118944,0,0,0,1852
"Parasutterella_muris",0,15408,8769,0,99200,0,15872,31107,0,10886,6785,14317,18116,12244,71424,0,30304,0,47858,0,0,0,19526,18270,27989,8034,22599,0,20252,0,10870,62726,66365,19759,10346,0,23172,216161,0,0,14227,0,0,22759,0,9675,0,0,0,0
"Parasutterella_sp_NM82_D38",0,0,0,0,0,0,0,0,0,0,0,0,0,0,0,0,0,0,0,0,0,0,0,0,0,0,0,0,0,0,0,0,0,0,0,0,0,0,0,0,0,0,0,0,0,0,24616,0,392832,0
"Parvibacter_caecicola",0,0,26529,0,0,6558,0,25138,0,11832,0,0,0,8472,16935,0,22472,0,0,10608,0,0,13611,7399,13040,0,43741,0,7976,0,0,0,49914,8499,12541,0,11954,0,0,0,10983,5746,0,31276,0,12233,990,0,0,0
"Piscinibacter_SGB44477",0,0,0,0,0,0,0,0,0,0,0,0,0,0,0,0,0,0,0,0,0,0,0,0,0,0,0,0,0,0,0,0,0,0,0,0,0,0,0,0,0,0,0,0,0,0,0,0,0,0
"Prevotella_sp_MGM1",0,0,0,0,0,0,0,11977,0,0,0,0,0,0,0,0,0,0,0,0,0,0,0,0,0,0,0,0,0,0,0,0,0,0,0,0,0,0,0,0,0,0,0,0,0,0,0,0,0,0
"Pseudoflavonifractor_sp_524_17",0,0,0,0,0,0,0,0,0,0,0,0,0,0,0,0,0,0,4782,0,0,0,0,0,0,0,0,0,0,0,0,5142,0,0,0,0,0,4921,0,0,0,0,0,5455,0,0,0,0,0,0
"Pseudomonas_aeruginosa",0,0,0,0,0,0,0,0,0,0,0,0,0,0,0,0,0,0,0,0,0,0,0,0,0,0,0,0,0,0,0,0,0,0,0,0,0,0,0,22247,0,0,0,0,0,0,0,3016,0,0
"Sangeribacter_muris",0,0,0,0,0,0,0,33323,11889,13541,8286,9967,0,10480,35728,0,25989,0,0,0,0,0,17917,13377,14304,0,0,0,9767,0,0,0,0,0,6732,0,8436,0,0,10429,0,0,0,22630,0,9798,0,0,0,0
"Schaedlerella_arabinosiphila",12490,0,0,0,0,20378,0,0,0,0,0,0,0,0,27700,0,0,0,0,0,0,0,0,0,76644,0,0,0,0,0,0,0,17370,0,0,0,0,0,0,19705,0,0,0,173476,0,0,0,0,0,0
"Thomasclavelia_cocleata",0,8444,0,0,17732,0,0,8935,0,0,0,0,12947,0,0,0,0,0,7810,0,0,0,0,0,0,0,0,0,0,0,0,16558,0,0,0,0,0,9892,0,0,0,0,0,0,0,0,0,0,0,0
"Turicibacter_sp_1E2",0,0,0,0,0,0,0,6899,0,0,0,0,0,0,10011,0,344281,0,27879,0,0,0,24005,0,20760,0,6918,7692,11017,0,0,13844,12391,0,7430,0,7335,67980,0,0,0,7456,0,0,0,9796,0,0,0,0
"Turicibacter_sp_TS3",0,0,0,0,0,0,0,0,0,0,0,0,0,0,0,0,0,0,0,0,0,0,0,0,0,0,0,0,0,0,0,0,0,0,0,0,0,0,0,0,0,0,0,0,0,0,0,0,0,52319
"Turicimonas_muris",10674,0,8772,0,0,15900,0,56997,108011,23118,10667,127037,0,12223,36373,0,141583,0,0,0,9017,0,62415,27934,19037,0,10638,0,11101,10485,11063,0,16784,39394,0,0,8285,0,0,21465,0,0,8863,191670,0,11363,124307,0,0,495
"bacterium_0_1xD8_82",0,0,0,0,0,0,0,0,0,0,0,0,0,0,0,0,0,0,0,0,0,0,0,0,0,0,0,0,0,0,0,0,0,0,0,0,0,0,0,0,0,0,0,0,0,0,0,0,0,0
"bacterium_1XD21_13",0,0,0,0,0,0,0,0,0,0,0,0,0,0,0,0,0,0,0,0,0,0,0,0,14641,0,0,0,0,0,0,0,0,0,0,0,0,0,0,0,0,0,0,0,0,0,0,0,0,0
"bacterium_1XD42_54",0,0,0,0,0,0,0,0,0,0,0,0,0,0,0,0,0,0,0,0,0,0,0,0,0,0,0,0,0,0,0,0,0,0,0,0,0,0,0,0,0,0,0,7597,0,0,0,0,0,0
"bacterium_1XD42_76",0,0,0,0,0,0,0,0,0,0,0,0,0,0,0,0,0,0,0,0,0,0,0,0,0,0,0,0,0,0,0,0,0,0,0,0,0,0,0,0,0,0,0,0,0,0,0,0,0,0
"bacterium_1xD42_67",0,0,0,0,0,0,0,10986,10246,0,0,0,0,0,13326,0,0,0,0,0,0,0,0,0,13613,0,0,0,0,0,0,0,0,0,0,0,0,0,0,0,0,0,0,0,0,0,0,0,0,0
"bacterium_1xD8_48",0,0,0,0,0,0,0,0,0,0,0,0,0,0,0,0,0,0,0,0,0,0,0,0,0,0,0,0,0,0,0,0,0,0,0,0,0,0,0,0,0,0,0,0,0,0,0,0,0,0
"bacterium_D16_29",0,0,0,0,0,0,0,0,0,0,0,0,0,0,0,0,0,0,0,0,0,0,0,0,0,0,0,0,0,0,0,0,0,0,0,0,0,0,0,0,0,0,0,0,0,0,0,0,0,0
"bacterium_D16_63",0,0,0,0,0,0,0,0,0,0,0,0,0,0,0,0,0,0,0,0,0,0,0,0,0,0,0,0,0,0,0,0,0,0,0,0,0,0,0,0,0,0,0,0,0,0,0,0,0,0
"bacterium_D16_76",0,0,0,0,0,0,0,0,0,0,0,0,0,0,0,0,0,0,0,0,0,0,0,0,0,0,0,0,0,0,0,0,0,0,0,0,0,0,0,0,0,0,0,0,0,0,0,0,0,0
