"","89_MattDonor_MUT_F_Col_S268","90_MattDonor_WT_M_Col_S269","91_MattDonor_WT_F_Col_S270","92_MattDonor_WT_M___S271","93_MattDonor_MUT_M_Cec_S272","94_MattDonor_MUT_F_Cec_S273"
"Akkermansia muciniphila_A",861,8193,4441,54,111438,619
"Akkermansia muciniphila",29028,315026,168439,1140,4453490,21796
"Faecalibaculum rodentium",6547,31353,49569,2329,198,4825
"Pelethenecus sp910579215",130,419,31,2082,27,1955
"MGYG000325581",0,18,21,0,0,11
"Alistipes finegoldii",6815,23924,8620,5951,118433,17124
"MGYG000325477",111,172,199,98,131,93
"Paramuribaculum sp001689535",200692,751241,768821,310394,20314,170700
"Paramuribaculum sp910587425",276233,419695,864199,220008,12569,229563
"Muribaculum intestinale",305193,361401,491885,224589,26965,224238
"NM07-P-09 sp004793925",8294,17302,19608,1106,301,7454
"ZJ304 sp910584145",0,1251,265,32,0,22
"Bifidobacterium globosum",14,6263,4937,393,53,0
"MGYG000333678",29,69,59,13,61,42
"Schaedlerella sp910575475",17948,33384,6747,5642,12955,69195
"Lawsonibacter sp910588635",151,1388,536,1229,4974,1503
"MGBC122484 sp910587055",0,68,13,511,193,32
"Desulfovibrio sp009773975",26684,74744,68980,8533,1513,18604
"NM07-P-09 sp004793665",563,3030,5129,228,11,220
"MGBC105563 sp910579165",0,10,15,0,0,0
"MGYG000327895",0,0,0,0,0,0
"Paratractidigestivibacter faecalis",0,0,0,0,0,0
"Paratractidigestivibacter sp900540955",0,0,0,0,0,0
"MGYG000330582",0,0,0,0,0,0
"MGYG000329032",35,2534,1439,156,61,62
"Adlercreutzia muris",4309,14548,9374,3328,226,5806
"Adlercreutzia caecimuris",5169,8876,9153,2083,263,4753
"Adlercreutzia mucosicola",610,1758,1423,407,45,724
"MGYG000329825",184,575,442,130,12,279
"Adlercreutzia hattorii",30,117,103,27,0,53
"Adlercreutzia sp910589165",18,75,64,15,0,31
"MGYG000329537",55,142,113,19,0,76
"MGYG000327852",51,130,116,35,0,58
"Adlercreutzia sp910585575",16,44,42,14,0,37
"MGBC163016 sp910588205",2712,3215,2775,1507,119,12246
"MGBC163016 sp910589135",1351,4001,1580,1557,64,2667
"MGBC163016 sp910588945",816,4102,2907,1009,25,1768
"MGBC163016 sp910588905",620,985,632,393,25,2703
"MGYG000329984",129,328,363,94,0,151
"MGYG000328464",45,30,34,23,0,177
"MGYG000366993",11,27,0,0,0,10
"MGBC163016 sp910585565",10,17,18,0,0,33
"MGBC163016 sp910589125",0,0,14,0,0,12
"MGYG000328353",12,10,0,0,0,67
"MGBC163016 sp910580205",0,13,0,0,0,13
"MGBC163016 sp910588985",0,0,0,0,0,0
"MGBC163016 sp910588435",0,0,0,0,0,0
"D16-63 sp910588095",1915,1250,2309,1749,148,5126
"MGYG000328321",282,888,2022,214,11,466
"MGYG000410711",10,23,22,0,0,24
"Enterorhabdus sp009911695",1113,2006,1630,306,74,929
"MGYG000329834",86,154,101,23,0,74
"Enterorhabdus sp910589695",25,38,41,0,0,22
"D16-34 sp910575165",855,3078,2129,303,48,797
"D16-34 sp003612515",0,0,0,0,0,0
"D16-34 sp910577495",0,0,0,0,0,0
"ZJ304 sp943192905",0,18,15,0,0,15
"MGYG000401219",0,10,11,0,0,0
"Parvibacter caecicola",238,533,640,213,0,271
"Parvibacter sp910587945",33,107,247,10,0,32
"MGYG000329896",0,10,0,0,0,0
"Parvibacter sp910588725",0,0,0,0,0,0
"MGYG000328306",12,21,39,0,0,18
"MGYG000328451",0,22,10,0,0,15
"Anaerotardibacter sp000435675",14,23,23,0,0,25
"Anaerotardibacter sp900753095",0,26,27,0,0,10
"Gordonibacter pamelaeae",0,0,0,0,0,0
"Eggerthella lenta",0,0,0,0,0,0
"Ellagibacter isourolithinifaciens",0,0,0,0,0,0
"Senegalimassilia faecalis",0,0,0,0,0,0
"Slackia_A isoflavoniconvertens",0,0,0,0,0,0
"Collinsella aerofaciens_J",0,0,0,0,0,0
"Enorma burkinafasonensis",0,0,0,0,0,0
"MGYG000410812",0,0,0,11,0,0
"UMGS124 sp900555105",0,0,0,0,0,0
"Bifidobacterium animalis",0,27,24,0,0,0
"Bifidobacterium adolescentis",0,0,0,0,0,0
"Bifidobacterium pseudocatenulatum",0,0,0,0,0,0
"Bifidobacterium bifidum",0,0,0,0,0,0
"Bifidobacterium longum",0,0,0,0,0,0
"MGYG000329693",0,0,0,0,0,0
"Paramuribaculum intestinale",326917,268235,443285,107638,6145,237000
"Paramuribaculum sp001689565",17585,25062,34739,16693,11534,17582
"Paramuribaculum sp910579675",1003,2495,2126,1250,1703,809
"MGYG000329858",1325,2021,2124,873,1931,907
"Paramuribaculum sp910578805",724,1237,1627,774,818,476
"MGYG000325717",691,1550,1717,799,482,464
"Paramuribaculum sp910579185",696,1878,1918,726,803,543
"MGYG000329300",220,478,455,291,553,216
"Paramuribaculum sp009775605",418,1130,1170,508,243,409
"Paramuribaculum sp910586475",410,966,894,423,362,273
"MGYG000325727",228,544,515,290,616,176
"Paramuribaculum sp910588065",237,568,536,297,971,215
"Paramuribaculum sp910578305",429,956,1036,489,384,365
"Paramuribaculum sp910587185",350,688,674,289,572,300
"Paramuribaculum sp910577465",240,451,451,221,211,169
"Paramuribaculum sp910586895",114,338,286,120,1212,129
"Paramuribaculum sp910589095",65,156,145,76,73,66
"Paramuribaculum sp014800945",157,276,272,129,143,99
"MGYG000325457",67,112,120,76,29,69
"Paramuribaculum sp014802045",55,120,112,69,54,30
"MGYG000325750",63,143,131,53,10,32
"MGYG000325361",69,65,89,25,0,63
"Paramuribaculum sp014801865",39,89,73,35,197,28
"Paramuribaculum sp014801655",80,125,126,38,49,62
"MGYG000325540",27,61,65,33,0,25
"Duncaniella sp910576785",758707,2034846,1958367,721546,47969,524444
"Duncaniella dubosii",354704,385618,611537,146880,9829,148690
"Duncaniella sp910589485",104450,524054,379886,145903,3440483,142213
"Duncaniella sp001689575",340175,487900,835387,247546,1608078,301750
"Duncaniella muris",60876,149741,162395,56354,14916,42412
"Duncaniella sp910578445",8045,10533,14829,4335,3511,3595
"Duncaniella freteri",53485,67376,66764,29734,5712,45319
"Duncaniella sp910578515",4312,9114,8029,4484,8289,3087
"Duncaniella sp910577255",2580,5397,4926,2622,4889,2159
"Duncaniella sp910577345",2892,9031,6963,3407,35449,2437
"Duncaniella sp910577335",3131,4740,5679,2834,4487,2878
"MGYG000325799",2829,5946,7423,2654,1572,1927
"Duncaniella sp014802345",1759,2348,2827,1040,1515,1520
"Duncaniella sp910578615",4988,8814,7000,2817,567,2635
"MGYG000325465",1145,2216,2657,1247,1313,809
"Duncaniella sp910586305",886,1695,1965,732,1478,753
"Duncaniella sp001689495",607,1063,1247,518,2348,394
"MGYG000327170",545,1105,1067,455,714,359
"Duncaniella sp910584825",599,1013,1493,488,3450,547
"Duncaniella sp910587165",426,969,987,413,684,303
"MGYG000325518",428,718,918,309,687,291
"Duncaniella sp002494015",463,675,841,385,1485,327
"Duncaniella sp910587515",416,926,1086,432,379,333
"Duncaniella sp910586665",338,586,694,253,597,196
"Duncaniella sp014801945",186,247,376,128,319,130
"Duncaniella sp910588795",1014,1166,1285,521,1255,911
"Duncaniella sp001701225",136,238,267,99,311,107
"Duncaniella sp014802325",108,198,257,113,161,82
"Duncaniella sp014802015",124,246,278,95,769,112
"MGYG000325456",178,239,311,119,331,100
"MGYG000325723",53,145,150,46,254,53
"MGYG000325575",103,165,233,80,266,82
"MGYG000325671",63,114,150,59,153,48
"CAG-873 sp009775135",104729,368513,158299,57908,9161,89496
"CAG-873 sp002490635",157418,190389,216660,58802,16520,84440
"MGYG000328238",151301,718246,543866,99881,1145,118861
"CAG-873 sp009775265",64623,67042,149824,18888,1161,55388
"CAG-873 sp011959565",54278,67777,127880,29331,2876,47693
"CAG-873 sp910578365",40057,111378,127416,41782,28106,22499
"CAG-873 sp910587235",19760,66638,43570,17714,4095,11085
"CAG-873 sp009775225",7974,17146,19025,6862,33041,6415
"CAG-873 sp009775535",68003,113028,170059,69355,238356,60076
"CAG-873 sp910577315",3326,7739,7763,4154,5599,2146
"CAG-873 sp910584905",994,1912,2075,1003,1502,891
"CAG-873 sp910587545",932,1423,1827,560,134,598
"CAG-873 sp910586455",3298,8419,9487,3136,3321,1763
"MGYG000324412",618,1790,1465,785,3781,570
"CAG-873 sp910587915",936,5357,3176,2053,787,635
"CAG-873 sp001689665",815,1351,1548,653,789,670
"CAG-873 sp017624155",197,263,317,55,63,143
"MGYG000329414",445,733,756,396,165,384
"CAG-873 sp910578095",408,914,860,499,820,320
"CAG-873 sp910586975",779,2119,1743,812,1066,507
"CAG-873 sp001689415",586,1061,1180,656,585,727
"MGYG000325453",604,927,1047,413,912,348
"CAG-873 sp910587475",341,1046,658,734,2025,377
"CAG-873 sp900550395",381,632,627,254,625,302
"MGYG000325639",373,487,667,192,161,193
"CAG-873 sp910576935",233,455,422,202,137,197
"MGYG000328998",163,356,324,166,294,151
"CAG-873 sp910578035",542,767,1034,369,545,399
"MGYG000322997",276,865,663,216,423,225
"MGYG000325431",119,212,243,85,96,80
"CAG-873 sp905202215",283,442,504,211,150,175
"CAG-873 sp009775195",143,243,235,83,175,79
"CAG-873 sp910586995",146,296,283,101,475,90
"CAG-873 sp910577355",180,386,361,115,71,119
"MGYG000325570",107,164,210,78,78,83
"MGYG000325620",247,449,437,200,290,216
"CAG-873 sp001701165",242,489,584,268,94,215
"MGYG000325469",147,222,264,125,373,117
"CAG-873 sp003979155",200,338,383,147,137,181
"MGYG000325729",228,381,390,280,207,155
"CAG-873 sp910576775",207,344,336,208,358,162
"MGYG000325342",202,344,525,167,916,205
"MGYG000325463",172,193,295,118,166,150
"CAG-873 sp910587355",133,159,189,60,63,75
"CAG-873 sp910583525",118,261,322,132,73,108
"MGYG000328958",112,166,135,88,76,93
"MGYG000325379",183,274,334,161,413,110
"CAG-873 sp910584495",124,264,289,104,366,121
"CAG-873 sp910589055",149,278,303,97,190,140
"CAG-873 sp910586595",83,194,172,110,170,102
"MGYG000325473",45,82,100,24,0,23
"CAG-873 sp910587925",109,274,250,119,139,65
"CAG-873 sp900555715",103,155,166,83,107,79
"CAG-873 sp002493945",78,158,156,68,112,65
"CAG-873 sp002491245",67,122,115,68,125,48
"MGYG000329571",34,94,98,28,89,32
"MGYG000325537",37,50,78,34,91,35
"CAG-485 sp009775365",218875,409723,418440,89107,6138,119116
"CAG-485 sp002493045",835228,1734259,2213647,709470,35339,290357
"CAG-485 sp009775355",70171,167412,234165,20546,1864,45270
"CAG-485 sp002362485",290721,439348,635278,155960,62862,287149
"CAG-485 sp002361215",108845,288409,250472,68881,7363,86502
"CAG-485 sp002491945",185898,309545,304891,89595,644761,72212
"CAG-485 sp002361155",24815,49656,72504,8640,5293,17891
"MGYG000410771",16785,26673,31316,9605,8184,14773
"MGYG000325582",3245,7236,10094,1181,1334,2088
"CAG-485 sp002493515",1566,2933,2647,890,1273,881
"CAG-485 sp003979075",16366,32161,45689,8851,390,10408
"CAG-485 sp001701295",696,1492,2200,373,266,514
"MGYG000325475",1089,1885,1938,982,1770,836
"MGYG000327930",1074,2233,2230,678,570,680
"CAG-485 sp910584055",1619,2467,2936,1346,1137,1338
"MGYG000325569",4677,8048,7855,2294,16757,2010
"CAG-485 sp910579845",661,1027,998,669,1232,632
"CAG-485 sp910584125",415,1008,922,524,894,453
"CAG-485 sp910578385",564,1193,1174,545,1742,507
"MGYG000325346",784,1029,1547,595,481,469
"MGYG000324474",656,1141,1183,396,296,460
"CAG-485 sp910586175",633,1269,1496,595,294,444
"MGYG000329437",539,1012,1026,270,233,254
"MGYG000325442",626,971,1215,475,212,371
"CAG-485 sp910577585",403,780,713,351,550,278
"CAG-485 sp009775375",446,916,930,460,962,383
"MGYG000347897",2203,3203,4883,966,195,1999
"CAG-485 sp910578075",499,1050,1019,585,942,356
"CAG-485 sp900554845",436,702,705,399,422,399
"CAG-485 sp910583775",533,790,973,349,82,369
"MGYG000325760",413,703,791,323,318,264
"MGYG000325660",301,528,566,187,217,182
"CAG-485 sp910584545",351,523,659,237,262,279
"MGYG000325658",485,825,768,321,904,306
"CAG-485 sp910584525",413,736,819,272,394,300
"CAG-485 sp910583795",258,370,510,175,126,165
"CAG-485 sp910585275",479,787,972,314,541,302
"MGYG000325481",246,453,454,179,435,189
"CAG-485 sp910589425",152,301,321,172,248,87
"CAG-485 sp910588245",233,268,312,163,91,170
"CAG-485 sp014801815",234,451,467,173,131,154
"MGYG000329106",137,273,247,118,226,92
"MGYG000325458",3694,4853,7854,1408,180,3460
"MGYG000325710",336,594,623,294,92,169
"MGYG000325738",273,479,535,161,92,133
"MGYG000325560",302,539,470,234,27,248
"CAG-485 sp910579305",156,335,298,149,324,90
"MGYG000325644",284,536,579,212,409,197
"CAG-485 sp900760815",299,604,662,197,262,246
"MGYG000325315",523,853,871,231,1308,217
"MGYG000325633",142,256,292,109,108,80
"MGYG000325436",167,267,288,104,281,108
"MGYG000325715",151,228,319,97,293,95
"MGYG000325350",41,77,104,50,27,40
"MGYG000325747",111,240,245,131,132,84
"MGYG000325437",82,184,205,74,47,70
"CAG-485 sp014800895",126,183,215,85,94,66
"MGYG000325541",298,427,508,180,148,144
"MGYG000325479",134,239,255,137,103,81
"CAG-485 sp910585285",243,379,476,139,100,184
"CAG-485 sp910584185",143,282,319,154,98,85
"MGYG000325680",45,125,130,48,201,29
"MGYG000325622",119,178,257,82,69,70
"MGYG000325425",99,149,186,72,156,63
"MGYG000325415",67,163,151,49,211,69
"CAG-485 sp900550645",108,140,165,74,48,85
"MGYG000325597",77,115,116,34,28,39
"MGYG000325446",97,135,167,54,158,77
"MGYG000325721",13,37,53,24,26,23
"Muribaculum gordoncarteri",217768,197081,186397,128785,16296,262082
"Muribaculum sp009775095",19526,35027,36572,14059,21436,15020
"Muribaculum sp002473395",166412,328212,273810,148332,56665,236434
"Muribaculum faecis",7734,13052,12561,7997,24449,6904
"MGYG000325310",6115,6908,9737,4048,451,4382
"Muribaculum sp910587665",2614,2283,2557,1275,878,2946
"Muribaculum sp001701195",3420,5611,7152,3040,6674,2421
"Muribaculum sp910578785",3499,6437,8370,2380,222,1479
"Muribaculum sp910589555",1025,2519,2130,1111,694,640
"Muribaculum arabinoxylanisolvens",1963,2503,3350,1040,1729,1737
"Muribaculum sp003150235",627,998,922,521,636,490
"MGYG000328540",287,711,583,248,629,177
"Muribaculum sp910583865",265,347,430,173,197,168
"Muribaculum sp910578835",173,238,257,109,323,127
"Muribaculum sp001701065",109,221,228,81,162,91
"MGYG000328957",123,252,244,119,749,81
"UBA7173 sp001689485",56521,102883,91930,53678,1706085,31269
"UBA7173 sp001689685",115547,275556,117596,91517,7634,127713
"UBA7173 sp002491305",62601,136110,127668,26614,1062,45217
"UBA7173 sp013316675",27512,47866,48290,24241,18396,20450
"MGYG000329847",8537,14063,16105,9808,2512,8314
"UBA7173 sp013316535",6765,16169,15264,6043,3758,4371
"UBA7173 sp910584365",3431,6376,6508,2829,4252,3103
"UBA7173 sp910583675",690,958,1464,538,1143,774
"MGYG000325674",1378,2060,2695,1062,4076,1189
"UBA7173 sp910584735",855,1507,1664,458,1513,550
"UBA7173 sp900548705",316,496,619,163,226,329
"UBA7173 sp910585755",187,278,252,153,215,191
"UBA7173 sp910579105",125,234,246,113,274,86
"UBA7173 sp910586565",112,255,226,114,423,89
"UBA7173 sp900555165",65,123,142,36,111,54
"UBA7173 sp910587075",88,176,170,51,212,65
"MGYG000410332",78,118,114,61,361,56
"MGYG000325632",58,90,82,38,151,32
"MGYG000325803",124,294,225,80,278,108
"JAFLTL01 sp910578395",20604,38670,30773,24961,1166,22303
"MGYG000325590",780,1048,1484,617,881,692
"UBA3263 sp001689615",70924,227172,178381,149023,52787,38743
"MGYG000325470",634,1224,1490,770,1799,516
"UBA3263 sp002490725",511,874,981,414,238,367
"MGYG000331010",119,183,224,87,66,65
"UBA3263 sp014801955",133,252,248,154,468,77
"MGYG000325619",82,120,144,55,86,76
"MGYG000325600",17,55,44,15,59,23
"MGYG000325598",27,50,38,44,45,17
"JAGBWK01 sp001915385",389,721,735,304,643,285
"JAGBWK01 sp004102805",1613,3100,3077,1166,1691,1163
"MGYG000325382",800,1281,1322,552,1196,608
"MGYG000327564",1442,2905,4287,1631,5841,1522
"MGYG000328504",270,658,643,367,2402,261
"JAAVFS01 sp910584665",160,244,323,109,108,127
"MGYG000325322",42,104,107,42,83,29
"MGYG000325435",68,113,116,39,48,41
"CAJUPY01 sp910588035",392,725,761,396,119,270
"MGYG000325343",530,925,1072,642,658,263
"CAJUPY01 sp014802535",335,475,638,348,315,161
"MGYG000325663",93,122,154,56,269,62
"M3 sp001689445",2062,2079,2979,1058,1240,1728
"MGYG000328741",524,985,854,651,124,571
"CAG-1031 sp000431215",194,288,294,183,382,121
"Amulumruptor sp001689515",144,220,218,100,155,94
"Amulumruptor sp900539915",54,107,134,46,92,48
"Sodaliphilus sp004557565",54,139,136,78,0,46
"Limisoma sp000437795",59,91,87,47,153,34
"Bacteroides sp002491635",3107,7013,5859,3612,7599,3503
"Bacteroides sp910578895",1226,2311,3272,1655,5592,1140
"Bacteroides acidifaciens",39585,139295,114388,54831,7998,21652
"Bacteroides caecimuris",21894,46964,26988,21268,648163,18459
"Bacteroides sp910586915",598,2071,1704,1079,1756,494
"Bacteroides uniformis",3329,14128,4722,4716,1309,10651
"Bacteroides sp910585845",285,1206,887,382,7094,164
"Bacteroides sp900765785",2401,7815,6013,3116,4092,1514
"Bacteroides stercoris",133,239,243,170,2077,71
"MGYG000325585",118,287,235,81,125,98
"Bacteroides nordii",139,409,333,243,4731,182
"Bacteroides congonensis",991,3762,3128,1604,1323,578
"Bacteroides xylanisolvens",856,3218,1673,1027,5298,698
"Bacteroides intestinalis",11810,12606,11898,22210,2718327,21174
"Bacteroides cellulosilyticus",55,155,134,102,4613,62
"Prevotella sp002933775",229,343038,408606,71305,14826,182
"Prevotella muris",593,1341,1261,431,1168,378
"MGYG000325010",186,392,522,230,729,176
"MGYG000325676",94,212,198,142,197,128
"Prevotella sp013166515",91,326,316,139,412,94
"Prevotella rodentium",99,125,182,79,176,44
"Prevotella sp900545525",59,214,210,122,100,36
"MGYG000325400",17,45,60,27,86,12
"Prevotella intestinalis",52,176,166,77,479,62
"Phocaeicola vulgatus",1053,2925,2372,2532,26041,995
"Phocaeicola sartorii",109,191,162,146,768,145
"Phocaeicola sp011959205",536,1527,1199,786,3859,384
"Phocaeicola faecalis",120,270,298,147,363,103
"Phocaeicola plebeius_A",158,586,298,220,2616,176
"Phocaeicola massiliensis",33,121,95,48,309,51
"UBA4372 sp023665805",7814,16718,15677,5243,1595,7665
"MGYG000325572",65,80,139,48,384,59
"Alloprevotella sp009775705",968,1797,1699,598,2659,514
"Alloprevotella sp002933955",90,1304,1533,465,900,67
"Paraprevotella sp900548345",343,873,807,296,203,258
"Paraprevotella sp910586505",117,242,232,165,136,91
"Alistipes sp002428825",148534,467628,428671,552206,70177,368563
"Alistipes sp910587675",13310,37758,36516,19175,838,35391
"Alistipes timonensis",12450,32705,25558,10641,862,25069
"Alistipes sp910576555",143,184,228,234,208,340
"Alistipes sp009774895",9238,33621,18379,19316,1069,24195
"Alistipes sp002362235",995,3635,3531,2583,3120,1504
"Alistipes sp900552955",11,6003,1150,1490,74,59
"Alistipes sp910575495",1073,3079,2736,5315,1034,3268
"Alistipes sp910577475",482,1097,1098,2079,331,1386
"Alistipes sp002358415",145,272,257,292,98,231
"Avirikenella sp910588925",15921,33485,40344,29667,3934,26223
"MGYG000325667",485,753,943,280,273,392
"Rikenella sp910577885",262,478,481,402,199,296
"Parabacteroides distasonis",15919,111005,46380,61269,3345222,22827
"Parabacteroides goldsteinii",4512,21476,14524,11361,934541,9760
"Parabacteroides sp900760525",3342,19161,6695,7006,5730,9922
"Parabacteroides merdae",107,406,310,192,612,125
"Odoribacter sp021771575",43,127,113,87,204,39
"Odoribacter sp910578105",765,2932,2574,16355,26811,4487
"Odoribacter sp910589025",53,212,127,255,372,167
"Butyricimonas virosa",76,193,214,158,3063,102
"Pullibacteroides sp910586395",160,227,285,87,56,78
"Cryptobacteroides sp009774765",7299,17415,15438,22751,4078,16925
"Cryptobacteroides sp910585445",10466,69158,31962,59648,19031,17385
"Imtechella halotolerans",31,26,32,20,0,51
"Faecalibaculum sp910588395",0,0,11,0,0,0
"C-19 sp910576855",987,2855,1469,500,13,378
"MGYG000329824",88,247,131,48,0,26
"Ileibacterium valens",0,0,0,0,0,0
"Dubosiella sp004793885",0,0,0,0,0,0
"CAJTFG01 sp910575705",358,373,528,63,0,294
"Thomasclavelia cocleata",0,474,0,0,0,0
"Thomasclavelia ramosa",365,729,568,90,0,134
"MGBC113645 sp910579135",0,541,275,79,0,0
"Fimiplasma sp910588165",101,2655,127,64,0,34
"Lactobacillus intestinalis",858,1128,857,123,0,1032
"Lactobacillus sp910589675",457,2077,711,341,26,378
"MGYG000329195",54,298,140,36,0,75
"Lactobacillus taiwanensis",21,99,43,17,0,22
"Lactobacillus amylovorus",22,42,31,0,0,24
"MGYG000325525",0,46,10,58,0,14
"MGYG000326943",10,11,0,0,0,0
"Lactobacillus hominis",10,32,10,10,0,0
"Lactobacillus acidophilus",0,15,0,0,0,15
"MGYG000326944",0,0,0,0,0,0
"Lactobacillus delbrueckii",0,24,20,0,359,0
"Limosilactobacillus reuteri",897,1276,1384,315,393,1002
"Limosilactobacillus sp009663775",149,200,156,62,52,151
"Limosilactobacillus fermentum",16,32,11,10,11,20
"Limosilactobacillus equigenerosi",0,0,0,0,0,0
"Limosilactobacillus portuensis",147,205,248,94,76,70
"Ligilactobacillus murinus",9068,17669,11428,3608,4183,14677
"Ligilactobacillus animalis",515,1084,703,239,224,954
"Ligilactobacillus sp910587695",241,498,326,214,108,589
"Ligilactobacillus agilis",47,79,53,18,17,64
"Pediococcus pentosaceus",552,785,1016,278,112,433
"Enterococcus faecalis",31,48,16,0,6672,0
"Turicibacter sp002311155",4402,3165,4889,3460,63,7503
"MGYG000380869",40,49,64,39,54,26
"CAG-582 sp910577075",66,111,109,0,0,51
"UBA5026 sp910576795",0,11,0,0,0,0
"UBA5026 sp910586425",40,351,142,188,33,135
"MGYG000330354",31,114,94,61,881,0
"MGYG000338472",0,0,0,0,0,0
"MGYG000329046",0,23,0,0,0,0
"MGYG000331189",180,170,137,100,118,146
"Mammaliicoccus lentus",19,17,23,0,0,54
"Staphylococcus xylosus",0,13,11,0,0,0
"MGYG000410805",0,0,0,10,22,14
"Desulfovibrio sp910575755",448,1121,1108,932,76,1280
"Desulfovibrio sp910587035",24,63,60,0,0,28
"Desulfovibrio sp910584445",13,34,31,18,0,19
"MGYG000325668",0,0,0,0,0,0
"Desulfovibrio sp900556755",0,0,0,0,0,0
"Desulfovibrio sp905215675",0,0,0,0,0,0
"MGYG000325515",0,0,0,0,18,0
"Bilophila sp910585945",7593,21030,19250,20155,1327,27282
"Bilophila faecipullorum",0,13,23,10,0,15
"Bilophila sp902373525",0,0,12,0,0,0
"Mailhella sp910579055",127,326,287,212,18,348
"Mailhella excrementigallinarum",10,16,24,14,65,26
"MGYG000399267",30,90,67,13,0,40
"MGYG000410288",0,0,11,0,0,0
"Schaedlerella sp910589385",696,6433,12180,7397,268,1400
"Schaedlerella arabinosiphila",1554,10598,1287,3447,462,5583
"Schaedlerella sp009911175",1028,2693,962,1242,766,4143
"MGYG000410694",40,248,325,281,33,158
"Schaedlerella sp000403295",248,1766,475,863,226,1134
"Schaedlerella sp910574865",6446,14803,5940,9850,2097,21860
"Schaedlerella sp910574195",54,370,136,905,41,625
"Schaedlerella sp943193195",31,113,46,115,31,143
"Schaedlerella sp009774255",128,446,180,454,98,538
"MGYG000328305",95,291,408,553,96,697
"MD308 sp910575105",1318,6380,5563,1859,263,3922
"MD308 sp010206225",2318,6459,2582,3081,448,5336
"MGYG000323047",77,194,77,102,11,171
"MD308 sp000403475",39,108,62,125,41,72
"MGYG000326632",15,88,53,53,0,49
"MD308 sp910578455",23,2860,64,237,36,151
"MD308 sp910586965",0,55,63,71,0,35
"MD308 sp910584615",23,44,16,23,10,35
"MGYG000410877",0,29,18,21,0,19
"MGYG000324148",16,59,139,40,24,117
"Sporofaciens sp910574715",833,4112,1105,2352,737,4885
"Sporofaciens sp910579015",48,549,66,1952,303,305
"MGYG000353267",213,1054,324,410,241,1132
"Sporofaciens sp910575835",332,956,434,910,302,1716
"Sporofaciens musculi",101,494,329,1024,439,544
"Sporofaciens sp009774295",91,270,263,549,111,580
"Sporofaciens sp910574885",54,298,191,538,82,398
"Sporofaciens sp000403455",30,171,129,1142,1731,92
"Sporofaciens sp910577685",29,107,59,108,31,113
"Sporofaciens sp910587575",12,68,18,48,0,43
"Sporofaciens sp910585725",1540,25,0,25,15,6012
"Sporofaciens sp910579925",0,15,0,11,11,23
"MGYG000402809",10,37,0,31,0,47
"UBA11957 sp910588295",11,153,68,133,252,68
"MGYG000410400",141,779,328,1418,40,2411
"Choladocola sp009774135",67,383,679,797,66,426
"Choladocola sp910583615",91,418,262,1848,516,701
"Choladocola sp910585995",34,250,21,3115,173,1944
"Choladocola sp009774145",1166,2746,2376,9442,3549,4840
"Choladocola sp910584945",30,205,47,2537,1066,1146
"Choladocola sp910579225",38,48,29,120,30,243
"Choladocola sp910584205",37,167,78,223,40,274
"Choladocola sp910574965",291,888,519,847,326,901
"Choladocola sp910575445",54,594,169,4879,773,619
"Choladocola sp910583895",14,56,34,83,12,52
"Choladocola sp009774155",20,110,55,772,263,134
"Choladocola sp910587495",12,79,44,89,16,85
"Choladocola sp910585465",0,21,25,66,20,40
"Choladocola sp910587765",0,24,21,54,0,20
"MGYG000392954",53,2533,585,2069,37,707
"Lachnoclostridium_B sp910584095",2064,3556,3977,1867,806,2048
"Lachnoclostridium_B sp910574185",618,1783,568,1758,314,4340
"MGYG000331109",27,273,153,226,0,80
"Lachnoclostridium_B sp910584265",16,94,49,57,0,61
"Lachnoclostridium_B sp910588745",0,33,11,31,0,51
"Lachnoclostridium_B sp910589275",0,38,14,40,0,31
"MGYG000328855",363,1152,1074,338,64,1024
"MGBC164599 sp910588825",338,265,455,106,100,523
"MGBC164599 sp910575625",789,6894,2709,1394,643,1869
"MGBC164599 sp910587105",27,30,27,36,15,66
"MGBC164599 sp910588775",43,840,167,83,0,20
"MGYG000330030",0,0,16,14,0,15
"MGYG000330180",0,27,13,23,0,14
"14-2 sp910588845",605,1954,1385,4535,217,3375
"14-2 sp910577785",78,654,81,2090,312,2158
"14-2 sp910576385",124,474,559,754,108,692
"14-2 sp910575155",64,291,275,719,297,325
"14-2 sp910575035",106,504,370,1030,192,713
"14-2 sp011960065",73,509,358,646,375,490
"MGYG000409996",25,40,29,100,36,403
"14-2 sp910588285",80,392,178,707,242,607
"14-2 sp910575005",36,171,97,283,53,188
"14-2 sp910584585",17,75,68,99,22,99
"14-2 sp000403255",30,98,138,207,43,209
"MGYG000411355",53,453,379,686,74,212
"14-2 sp910583835",39,214,120,373,82,279
"14-2 sp910575075",27,123,55,178,27,134
"14-2 sp000403315",158,459,2832,1567,185,696
"14-2 sp009774455",27,61,88,266,210,115
"14-2 sp910589635",11,43,25,79,12,65
"14-2 sp910576975",32,126,48,139,20,127
"MGYG000411595",50,114,108,128,54,74
"MGYG000328404",0,30,35,116,50,96
"14-2 sp910578825",0,52,0,72,0,57
"MGYG000410992",0,121,25,149,24,70
"MGYG000324849",0,70,30,21,0,37
"14-2 sp000403845",0,17,0,34,0,18
"Eubacterium_F sp910574015",688,1957,1294,1284,1523,3160
"MGYG000330978",14,60,48,67,12,47
"Eubacterium_F sp910575665",25,3345,880,226,96,94
"Eubacterium_F sp910585745",57,296,132,330,33,350
"MGYG000329322",37,181,128,167,285,156
"Eubacterium_F sp910579145",0,20,20,33,0,0
"Caccovicinus sp910585635",4502,30671,10972,1588,442,3012
"Caccovicinus sp009774615",4044,10338,5771,4992,908,6587
"Caccovicinus sp910584785",187,18191,742,16815,219,946
"MGYG000411451",491,1783,744,734,149,997
"Caccovicinus sp910575565",6736,31647,6452,2912,734,3646
"MGYG000322995",205,640,371,310,58,319
"Caccovicinus sp910588895",31,215,72,48,12,55
"Acetatifactor sp910576125",197,1367,617,8883,1401,2824
"Acetatifactor sp910589035",93,361,229,436,125,385
"Acetatifactor sp910579755",73,2181,1021,12281,4302,1404
"Acetatifactor sp910584865",51,330,116,1048,194,539
"Acetatifactor sp910585805",75,709,50,18134,4009,7369
"Acetatifactor sp910585425",96,621,207,13426,2012,1222
"Acetatifactor sp910585615",193,1068,179,4077,1024,1626
"Acetatifactor sp910586775",41,314,221,7511,1467,1839
"Acetatifactor sp910589655",45,308,385,4153,244,925
"Acetatifactor sp910586835",0,18,16,43,0,25
"Acetatifactor sp003612485",0,231,295,502,0,281
"MGYG000329336",0,30,23,78,18,42
"Acetatifactor sp910577185",16,105,100,801,227,137
"MGYG000325587",26,140,87,197,579,145
"Acetatifactor sp910584235",55,313,52,4522,2460,2315
"MGYG000325385",0,15,32,42,13,38
"Acetatifactor sp910580225",0,85,30,199,54,123
"Acetatifactor sp910577035",0,37,14,69,0,36
"Acetatifactor sp910578995",15,64,50,220,38,158
"Acetatifactor sp910578185",0,54,25,147,23,64
"MGYG000327004",0,22,12,103,34,69
"Acetatifactor sp910586485",0,33,11,124,37,31
"MGYG000331015",0,23,20,24,40,17
"Acetatifactor sp910587555",0,70,40,280,45,115
"1XD8-76 sp910578085",576,2645,694,7742,55281,2936
"1XD8-76 sp910573755",932,4543,1480,62498,6835,30965
"1XD8-76 sp910577955",35,92,82,51,0,51
"UBA3282 sp009774175",6439,11503,4722,5538,1491,10607
"UBA3282 sp910575245",823,14226,14566,4046,2316,6536
"UBA3282 sp009774655",4193,12504,7460,14035,1485,27358
"UBA3282 sp910577735",936,29896,3156,24143,1717,20027
"UBA3282 sp910588215",409,1053,405,487,660,9737
"UBA3282 sp910584725",44,462,143,513,86,230
"MGYG000329173",269,675,537,414,73,4025
"MGYG000325371",0,75,50,139,36,111
"MGYG000324467",25,225,74,410,110,335
"UBA3282 sp910587095",101,83,459,172,356,1411
"UBA3282 sp009774585",92,239,198,455,85,524
"UBA3282 sp910576815",50,228,103,249,256,262
"UBA3282 sp910575775",61,512,154,734,161,507
"UBA3282 sp003611805",36,577,154,773,124,341
"UBA3282 sp910579285",0,140,27,368,53,151
"UBA3282 sp910579505",0,122,24,154,21,46
"MGYG000328328",21,55,14,104,12,151
"MGYG000325448",0,40,33,101,28,83
"MGYG000328360",0,69,29,140,78,94
"MGYG000323430",14,65,36,234,48,107
"UBA3282 sp003612405",19,91,81,230,58,239
"UBA3282 sp009774215",12,27810,81,1368,49,65
"MGYG000324289",14,37,32,47,113,144
"Paralachnospira sp910588815",19,149,121,605,38,1083
"Paralachnospira sp022800815",0,20,0,37,0,39
"Paralachnospira sp910587905",0,21,0,21,0,47
"COE1 sp002490665",810,34,23304,259,107,63273
"COE1 sp009774395",164,2615,542,35849,4537,10537
"COE1 sp000403335",130,753,361,5456,371,1690
"MGYG000410938",36,217,107,284,52,258
"MGYG000325626",25,182,103,373,78,288
"COE1 sp002358575",24,208,590,959,705,348
"MGYG000325712",13,84,57,249,61,137
"COE1 sp910586585",18,93,95,582,116,126
"COE1 sp910586715",0,58,19,515,31,100
"COE1 sp910579275",12,82,133,993,367,436
"CAG-95 sp910585005",0,11317,125,2168,18,148
"CAG-95 sp009917455",249,4592,1373,5588,1343,2508
"CAG-95 sp910579685",753,2475,522,10476,2191,12251
"CAG-95 sp910579425",433,3033,1213,4458,1581,4216
"CAG-95 sp910579495",33,262,462,498,93,407
"CAG-95 sp003612395",126,2237,482,497,159,1694
"CAG-95 sp910586025",23,229,102,731,127,609
"CAG-95 sp910577275",17,222,55,265,65,136
"CAG-95 sp009911035",0,81,58,77,22,60
"CAG-95 sp910585075",0,76,30,174,21,103
"MGYG000410775",0,40,14,61,0,43
"MGYG000325648",15,46,31,70,0,99
"CAG-95 sp011959285",19,70,17,205,38,111
"UBA7109 sp910576335",703,3652,919,7128,808,3410
"UBA7109 sp910575605",50,226,71,491,133,321
"MGYG000323043",11,31,46,43,22,38
"MGYG000405682",0,49,18,44,0,24
"MGYG000368546",29,39,50,30,12,26
"Ventrimonas sp910575255",2694,5283,1952,1254,218,5318
"Ventrimonas sp910577765",175,2308,384,848,107,755
"Ventrimonas sp910586255",681,6643,3011,1599,654,5355
"Ventrimonas sp003611875",160,822,802,1508,449,1210
"Ventrimonas sp009911065",182,804,544,1018,202,758
"MGYG000410706",82,296,155,214,37,351
"MGYG000327273",119,413,181,1103,175,1044
"Ventrimonas sp910577655",473,6939,1365,2847,778,2738
"Ventrimonas sp022799175",566,4348,548,952,243,3933
"MGYG000324149",17,86,29,41,11,73
"UBA3402 sp910574345",2104,4007,2189,2017,481,6056
"UBA3402 sp910575585",645,2260,1206,1524,223,2509
"MGYG000410803",19,200,112,187,38,188
"UBA3402 sp910588325",531,1998,1453,211,60,1431
"UBA3402 sp022798105",928,3575,2697,920,289,2449
"UBA3402 sp022795805",3740,10239,4465,3779,927,8008
"UBA3402 sp002358555",134,33,43,42,35,589
"UBA3402 sp910588865",3284,11400,14203,2348,381,8743
"UBA3402 sp022796015",358,1379,830,942,195,2441
"UBA3402 sp910586845",1742,4614,510,6220,1509,4925
"UBA3402 sp910585435",128,1163,365,360,85,737
"UBA3402 sp910577935",2571,17103,14343,6593,314,18727
"UBA3402 sp910585645",44,171,64,114,14,166
"UBA3402 sp021769025",42,121,65,49,0,123
"1XD42-69 sp011959925",31,866,45,8403,90,591
"1XD42-69 sp009911505",144,614,551,1533,233,855
"1XD42-69 sp022794015",12,396,45,5379,86,423
"1XD42-69 sp910588565",15,730,63,4632,678,277
"1XD42-69 sp910577065",0,36,30,137,29,45
"1XD42-69 sp910586645",0,14,0,17,0,0
"Merdisoma sp009917555",253,770,127,434,25,2931
"Merdisoma sp910574255",190,1754,393,3938,777,3469
"Merdisoma sp011959465",77,519,287,1469,678,1072
"Merdisoma sp910574835",127,560,217,964,89,1399
"Merdisoma sp910574475",63,541,157,780,117,499
"MGYG000330323",90,290,55,1396,90,2370
"Merdisoma sp022791635",21,156,49,433,27,451
"Kineothrix sp011958945",1245,2350,1249,2596,303,5624
"Kineothrix sp910579935",39,366,173,662,111,415
"Kineothrix sp910576535",19,88,348,397,51,241
"MGYG000327499",0,43,31,54,0,65
"Kineothrix sp000403275",43,180,87,310,44,168
"Kineothrix sp910588855",17,248,88,343,47,193
"Kineothrix sp910587275",0,35,16,51,0,44
"MGYG000326008",16,46,21,96,10,64
"Kineothrix sp910585965",17,105,36,76,0,85
"Kineothrix sp009911195",16,32,18,52,12,67
"RGIG4057 sp910587085",88,217,432,491,103,722
"RGIG4057 sp910579615",0,20,14,19,0,16
"UMGS1370 sp910577645",1091,8609,2646,1536,70,1041
"UMGS1370 sp910586755",24,276,71,89,0,40
"UBA2882 sp910574745",2899,307,2815,276,75,39888
"Eubacterium_J sp910574915",115,860,900,1789,7890,814
"Eubacterium_J sp910579075",122,4313,23360,10491,0,8003
"Eubacterium_J sp910580075",13,115,185,162,16,119
"Eubacterium_J sp910584595",23,125,151,251,68,178
"MGYG000330231",0,0,0,11,0,0
"MGYG000327453",0,43,27,105,54,70
"Butyribacter sp910575435",32,131,155,354,322,112
"Butyribacter sp910585905",11,26,12,16,0,30
"MGYG000330019",0,39,29,127,0,56
"Butyribacter sp009774235",1887,689,540,4099,58,7974
"VSOB01 sp009774625",25,169,164,796,262,216
"VSOB01 sp910587155",24,98,42,131,32,143
"VSOB01 sp910587635",28,434,104,8129,129,855
"Copromonas sp009917545",905,4681,2141,11328,603,3361
"Copromonas sp910575275",352,1784,833,1933,411,2075
"Copromonas sp022792295",29,147,28,1272,87,214
"Copromonas sp910586315",21,97,34,149,44,77
"Bariatricus sp022793995",11,44,13,42,26,36
"Clostridium_Q sp910575795",2601,16487,11007,11230,2913,13986
"RGIG4284 sp910576205",172,1707,394,667,158,800
"RGIG4284 sp022796795",61,444,172,2008,123,1219
"RGIG7193 sp022793375",74,401,449,216,190,243
"RGIG7193 sp022791755",11,102,159,56,36,89
"Roseburia sp910587865",72,670,110,4251,73,1165
"Roseburia sp910584215",78,192,85,94,0,94
"MGYG000329248",0,20,24,93,16,69
"Lachnospira sp910589305",855,2795,1164,2206,420,2248
"Eubacterium_G sp910584795",344,928,600,302,0,457
"Eubacterium_G sp910574895",0,206,57,71,34,35
"Paralachnospira_A sp910588405",109,359,170,276,57,295
"Paralachnospira_A sp910579325",11,45,16,68,17,50
"CAG-317 sp910578495",19,79,21,70,0,92
"CAG-317 sp011960265",0,60,61,34,0,73
"JAAWJJ01 sp022796875",49,389,185,162,20,465
"Blautia_A sp900551075",23,128,73,45,979,45
"Blautia_A massiliensis",0,0,0,0,0,0
"CAG-56 sp004793585",426,1851,1113,5393,864,3861
"Enterocloster aldenensis",14,63,37,66,22,71
"Enterocloster clostridioformis",18,144,72,162,32,145
"Choladousia sp003612585",199,480,512,158,19,225
"CAG-510 sp910577105",42,197,100,505,166,423
"MGYG000325650",0,0,0,0,0,0
"CAG-590 sp910585605",24,189,76,129,53,105
"Blautia pseudococcoides",0,18,19,19,540367,35
"Eisenbergiella sp910585455",0,45,12,101,17,87
"MGYG000392808",732,7241,1981,7429,540,5775
"W0P33-017 sp910589045",0,591,42,1273,340,56
"SIG307 sp910579465",20,116,49,201,37,124
"MGYG000326869",15,29,15,28,0,55
"CAG-603 sp910583605",34,138,84,369,141,318
"Marvinbryantia sp900550755",0,12,17,29,0,31
"RGIG8607 sp910577045",20,31,61,542,171,439
"MGYG000326584",0,0,0,0,0,0
"MGBC114844 sp910585255",0,23,12,50,0,37
"MGYG000325493",0,15,12,12,0,10
"MGYG000329929",0,76,32,324,94,99
"UBA2821 sp014799465",0,27,16,43,62,35
"MGBC100174 sp910576895",0,13,17,24,0,0
"Muricomes contortus_B",0,26,19,102,48,35
"Extibacter muris",0,13,10,13,14,0
"Anaerotignum sp910576545",73,320,146,769,351,597
"Anaerotignum sp910578425",0,31,20,87,343,30
"Coprocola sp910575055",12,262,36,307,27,92
"Enterenecus sp910588495",7898,85412,48597,9082,1188,30043
"Enterenecus sp910587285",74,66894,705,4355,91,788
"MGYG000327450",6026,33462,15725,18488,1764,35569
"Enterenecus sp910588625",654,3552,1772,3147,5791,3306
"Enterenecus sp910575695",1213,14813,6326,34209,2603,38029
"MGYG000326888",2807,19251,1791,9200,863,10219
"Enterenecus sp910585155",908,7861,33542,2217,2060,3578
"MGYG000331159",1337,8831,3755,5002,1877,9937
"Enterenecus sp910579595",483,12103,4064,8467,5102,12234
"MGYG000410353",189,591,247,512,116,1954
"Enterenecus sp910577525",197,1432,707,1173,234,1973
"Enterenecus sp910587395",135,1228,558,994,209,1230
"MGYG000328307",60,601,415,637,116,824
"Enterenecus sp910587255",116,1073,445,953,235,1160
"Enterenecus sp910588105",106,1130,476,652,144,951
"MGYG000410945",86,1004,454,585,118,665
"Enterenecus sp910579155",75,4824,5080,1859,745,958
"MGYG000322966",69,559,259,450,86,592
"MGYG000410761",74,565,304,873,127,805
"Enterenecus sp910587205",71,721,368,621,138,711
"MGYG000410914",58,427,252,246,35,531
"Enterenecus sp910584285",34,343,150,264,48,392
"MGYG000327286",31,333,168,172,16,232
"Enterenecus sp910585265",69,672,409,293,64,474
"Enterenecus sp910584835",78,848,277,513,65,532
"Enterenecus sp910588135",40,428,211,250,37,295
"MGYG000329348",24,283,183,166,41,299
"MGYG000325584",14,188,91,97,14,158
"MGYG000410874",21,300,127,174,16,332
"MGYG000360698",50,528,170,368,66,422
"Lawsonibacter sp003612335",453,4190,2263,5998,1887,7933
"Lawsonibacter sp910585815",551,5402,3994,5881,733,10704
"Lawsonibacter sp910584605",1377,9926,9030,11523,1778,26728
"Lawsonibacter sp910575265",456,5799,1730,6428,676,10098
"MGYG000432202",3895,48549,1332,9695,2469,31991
"Lawsonibacter sp022799835",309,4036,2680,2834,543,6394
"MGYG000433528",526,2805,1939,3782,637,9336
"Lawsonibacter sp022794495",239,2655,1348,1871,487,4869
"MGYG000410681",322,2415,1535,1177,237,2394
"Lawsonibacter sp910578735",753,9336,3513,4437,553,9951
"MGYG000325175",450,2304,3196,2592,706,5581
"Lawsonibacter sp022801435",725,3104,2033,3701,1710,5396
"Lawsonibacter sp009911645",372,3651,672,2725,249,7339
"Lawsonibacter sp943192995",49,1082,349,638,240,947
"MGYG000329509",146,1603,1481,923,226,1530
"Lawsonibacter sp022798855",320,2833,2415,1136,172,3374
"Lawsonibacter sp910588455",40,795,309,1665,725,570
"Lawsonibacter sp910589085",1215,5176,2245,3532,903,11961
"Lawsonibacter sp022793355",286,3676,1304,854,213,2825
"MGYG000328991",96,1117,438,1160,266,1721
"Lawsonibacter sp022795855",213,4447,1724,4294,520,1927
"Lawsonibacter sp022791995",22,211,123,331,364,822
"MGYG000323117",220,846,378,857,224,1387
"Lawsonibacter sp000492175",116,2495,466,1650,204,1637
"MGYG000324476",62,436,207,514,91,764
"MGYG000411366",62,468,224,414,90,758
"MGYG000345714",51,547,160,540,119,665
"MGYG000329989",44,347,214,313,57,657
"Lawsonibacter sp910577805",114,1330,1512,2402,1198,2761
"MGYG000410703",42,315,157,365,43,499
"MGYG000329873",27,317,170,284,43,474
"Lawsonibacter sp022796195",37,343,107,311,64,463
"MGYG000411569",29,245,111,242,39,350
"MGYG000327081",18,137,76,122,22,203
"Dysosmobacter sp009774015",1364,38432,1726,22196,6354,25875
"Dysosmobacter sp910583785",203,2342,356,2728,424,4873
"Dysosmobacter sp910575815",846,5143,1473,11487,1960,23275
"Dysosmobacter sp910579365",132,1319,273,15703,1018,7454
"Dysosmobacter sp910587705",159,2005,595,1731,11244,1394
"Dysosmobacter sp910586735",1060,12610,460,50983,2050,34161
"Dysosmobacter sp910585385",133,2636,882,29574,3448,14166
"Dysosmobacter sp022791875",453,1166,532,2559,923,2526
"Dysosmobacter sp910583695",73,1179,242,4345,486,2386
"Dysosmobacter sp000403435",438,7017,1254,38676,1903,15795
"Dysosmobacter sp022791135",125,4987,1278,8358,692,3935
"Dysosmobacter sp910588175",204,4816,264,8602,921,4421
"Dysosmobacter sp022795445",64,601,100,4092,1443,3258
"Dysosmobacter sp910575505",251,1673,557,7060,813,4989
"Dysosmobacter sp009773995",87,1237,204,1857,401,2028
"Dysosmobacter sp022801815",85,2386,127,3452,426,1960
"Dysosmobacter sp910577405",90,642,159,4333,2472,2130
"Dysosmobacter sp910578935",169,1383,428,1874,429,1865
"Dysosmobacter sp910576865",132,1493,408,2150,385,2035
"MGYG000330291",105,1013,176,8382,404,3543
"MGYG000409008",94,2114,152,1703,431,1829
"Dysosmobacter sp910589315",153,2007,187,915,214,1615
"Dysosmobacter sp910587525",93,777,194,2026,460,1265
"Dysosmobacter sp910587875",33,962,81,928,189,773
"Dysosmobacter sp910584995",176,661,216,2087,134,8748
"Dysosmobacter sp910579435",66,1143,121,1081,244,1124
"MGYG000411389",30,356,176,998,154,783
"MGYG000325877",11,295,27,352,59,331
"Dysosmobacter sp910584075",32,640,60,3453,618,1100
"Dysosmobacter sp910585245",20,372,59,1156,94,634
"MGYG000373829",21,246,102,353,53,285
"Dysosmobacter sp910584465",18,203,49,408,52,360
"MGYG000330443",22,101,94,575,121,615
"MGYG000326793",23,178,64,559,86,425
"Dysosmobacter sp910576845",19,268,51,354,62,305
"MGYG000329180",26,357,46,571,92,469
"Pelethomonas sp910578505",189,9260,202,24168,904,6465
"Pelethomonas sp910579965",590,14329,1836,43642,6435,23366
"Pelethomonas sp910579485",1347,8895,1943,27763,2485,54277
"Pelethomonas sp910587785",269,2513,486,19414,2757,8509
"Pelethomonas sp022800665",104,1194,540,20189,4489,6404
"Pelethomonas sp009774055",432,10041,5905,15859,1053,7084
"Pelethomonas sp022804995",439,2334,2107,2798,367,5175
"Pelethomonas sp014237695",425,17187,9180,6813,1015,10150
"Pelethomonas sp022795905",312,1849,3552,2659,442,2899
"MGYG000326866",145,1444,262,3983,754,2364
"Pelethomonas sp910583885",112,809,419,1640,437,1443
"Pelethomonas sp910588365",251,7610,837,16756,787,6533
"MGYG000410776",50,433,151,574,105,659
"Pelethomonas sp910587645",62,553,207,858,172,840
"Pelethomonas sp022800525",33,406,104,1055,64,390
"Pelethomonas sp910588045",29,277,114,495,68,498
"MGYG000325557",12,136,44,255,53,164
"Pelethomonas sp910579725",90,731,264,1391,233,1279
"Pelethomonas sp910577915",41,339,116,434,77,393
"Pelethomonas sp910587505",30,340,121,595,148,533
"MGYG000325617",35,200,106,445,85,451
"Evtepia sp910584805",356,3551,2038,642,70,1826
"Evtepia sp022792035",58,296,94,152,44,187
"Evtepia sp910578575",16,108,54,58,15,116
"Marseille-P3106 sp022799035",397,1597,1332,545,37,1441
"Marseille-P3106 sp910587345",334,2030,976,1833,325,2580
"Marseille-P3106 sp910588975",3372,10752,3249,3851,150,24120
"MGYG000410458",937,3671,719,431,21,3385
"Marseille-P3106 sp910585735",1175,1217,321,2162,133,5515
"Marseille-P3106 sp022792495",144,1002,424,831,66,899
"Marseille-P3106 sp022794215",1024,3554,413,424,15,3149
"Marseille-P3106 sp022800215",1245,6475,1625,4902,136,7831
"MGYG000326975",0,28,45,0,0,0
"NSJ-51 sp910585415",3004,6093,10129,2693,450,12895
"MGYG000326314",56,2479,1660,1075,267,615
"MGYG000325278",432,5339,446,1866,326,2126
"CAJFPI01 sp022801715",45,771,145,2378,872,2995
"MGYG000327336",26,130,43,130,24,152
"MGYG000328896",45,1443,187,4448,555,3859
"MGYG000329428",363,1989,816,2229,103,4885
"MGYG000329835",172,929,635,312,27,1171
"MGYG000410456",72,768,1251,644,384,1477
"CAKUEI01 sp022793685",952,4521,2597,1031,28,1861
"Avoscillospira_A sp022792945",45,670,144,399,68,381
"JAAWCD01 sp022793095",48,518,302,861,174,1032
"Acutalibacter sp910588935",213,1094,2216,903,465,568
"Acutalibacter sp009936035",1406,6343,2594,3319,234,5013
"Acutalibacter sp910589395",7185,2136,6450,161,24,8800
"Acutalibacter sp910574935",1870,3972,979,1442,331,3344
"Acutalibacter sp009917445",218,632,372,445,236,1206
"Acutalibacter muris",1147,4901,422,2400,657,3430
"Acutalibacter sp910587835",222,1392,1617,627,139,1507
"MGYG000406378",155,512,162,262,30,537
"Acutalibacter sp009917525",13,609,38,251,50,67
"MGYG000328916",27,265,24,152,33,91
"Acutalibacter sp910574995",91,377,140,462,92,514
"Acutalibacter sp910580045",45,139,47,64,28,140
"Acutalibacter sp003612555",1352,1332,115,205,155,1918
"Acutalibacter sp910587995",20,93,31,71,15,86
"Acutalibacter sp910588415",21,31,20,55,11,62
"Acutalibacter sp910584745",38,166,62,208,110,413
"MGYG000330157",16,51,27,58,23,80
"MGYG000331301",0,29,21,39,0,50
"MGYG000410931",18,13,0,0,0,17
"MGYG000328573",0,33,15,17,0,25
"Acutalibacter stercorigallinarum",0,0,0,0,0,0
"Eubacterium_R sp011958665",2815,10877,3232,4250,161,5488
"MGYG000337810",96,276,299,136,0,105
"MGYG000379997",110,273,272,92,426,68
"MGYG000351739",128,336,228,75,63,126
"MGYG000410251",85,655,102,106,57,193
"MGYG000373138",1897,4338,230,140,86,3102
"MGYG000327182",25,58,14,20,0,73
"Ruthenibacterium sp013316265",35,108,41,93,21,111
"Ruminococcus sp910584195",4978,5278,8622,3390,11078,1910
"Angelakisella sp910585525",652,6956,3204,4066,1882,8860
"Angelakisella sp022795575",2211,5433,16990,11726,2475,22538
"Angelakisella sp910585535",868,1973,5680,10515,755,16097
"Angelakisella sp013316495",66,579,1400,7631,3338,3976
"Ruminiclostridium_E sp910588335",2562,16037,2084,4689,170,13052
"MGYG000410125",843,1120,1431,549,52,383
"Ruminiclostridium_E sp910585505",333,2273,341,702,606,1932
"UBA1405 sp022800935",144,2561,886,6423,1335,8396
"MGYG000331296",0,19,11,49,10,42
"MGYG000410015",55,259,88,185,32,269
"UBA1394 sp910588145",68,162,10,151,0,44
"Anaerotruncus sp000403395",160,10145,983,2083,1498,2030
"Anaerotruncus sp003612625",78,611,266,1021,265,731
"Anaerotruncus colihominis_A",14,76,49,130,17,162
"Anaerotruncus sp910586875",143,1384,358,405,140,635
"MGYG000410574",83,88,56,50,0,105
"UBA3818 sp910583935",615,2454,2068,541,73,1930
"JAAVYW01 sp022791315",139,1069,848,149,39,700
"Faecivivens sp022793675",106,446,548,392,147,1229
"RGIG8773 sp910584715",138,371,222,187,20,149
"QXXE01 sp009911355",10448,18037,23414,3437,4078,12672
"QXXE01 sp910586575",425,1216,1539,1599,1129,2343
"MGYG000327912",3346,8996,10430,2514,927,2887
"Butyricicoccus sp910584935",15,170,10,1006,936,144
"Pseudobutyricicoccus sp910579575",86,568,413,404,165,620
"MGYG000349368",0,0,0,0,0,0
"Avispirillum sp011957885",41,539,212,650,10,537
"MGYG000401352",0,52,0,73,0,28
"Zhenpiania sp009911365",53,73,70,45,16,51
"Zhenpiania sp910575405",109,430,255,281,53,295
"Emergencia sp009936045",162,791,529,276,0,442
"JAAVYD01 sp022790955",65,268,109,58,0,304
"Fimisoma sp910588185",78,561,110,89,14,150
"MGYG000410140",12,32,0,55,0,115
"MGYG000323026",0,0,0,0,0,0
"Coproplasma sp910579525",950,1863,2326,1796,761,1077
"Coproplasma sp003979335",90,279,303,399,219,227
"Coproplasma sp013316055",545,1761,2406,19793,17607,7031
"Coproplasma sp910577375",742,1227,4959,35025,12603,11917
"Coproplasma sp910586065",227,1513,540,3059,372,381
"MGYG000328913",0,33,140,957,3122,295
"Coproplasma stercorigallinarum",0,0,0,0,0,0
"MGBC120929 sp910583735",95,87,700,922,162,900
"RACS-045 sp910579785",57,2187,1426,32013,37456,550
"QANA01 sp910588425",610,1506,851,952,48,1364
"MGYG000324257",103,910,954,3343,5768,561
"HGM11386 sp022791055",176,1917,2632,2654,1311,556
"RACS-047 sp013316045",0,10,0,281,0,0
"CAG-475 sp910577815",99,401,278,14422,24883,1145
"MGYG000328446",392,4696,1627,344,60,626
"Caccovivens sp910587225",0,11,0,0,0,0
"CAG-41 sp910578235",32,1356,90,59,50,45
"MGYG000410260",0,13,0,0,0,0
"MGYG000335786",15,547,52,1017,0,28
"MGYG000349464",14,18343,908,37684,180,89
"CAG-269 sp022792395",87,42,105,21,0,107
"MGYG000328872",0,276,56,329,11,0
"MGYG000327552",1261,4391,277,3361,95,2490
"RGIG8482 sp022796855",39,176,73,187,25,83
"JAAWPK01 sp022791735",317,998,418,800,103,518
"MGYG000375192",779,1609,941,1272,60,1482
"MGYG000323824",0,12,0,0,0,0
"Akkermansia muciniphila_B",78,1028,527,0,13980,77
"Akkermansia sp001580195",29,225,136,0,3495,25
"Parasutterella sp009767915",13563,23008,19232,12924,196692,13302
"Turicimonas muris",5364,14760,9767,8006,1800,6708
"MGYG000326933",0,0,0,0,0,0
"Enterobacter hormaechei_A",49,66,47,0,2653,28
"Methylobacterium persicinum",23,42,75,15,0,28
"MGYG000329730",0,0,0,0,0,0
"MGYG000360301",139,299,305,57,69,93
"Enterousia sp013316395",916,8663,731,5714,466,241
"MGYG000410936",3099,27754,5055,12215,1045,2480
"Scatocola sp910577205",222,549,1086,2407,478,37
"MGYG000327352",1545,1366,1922,2448,1715,85
"MGBC118957 sp910584385",45,121,94,43,1245,22
"MGYG000391024",5269,18981,10591,4438,373,6325
"MGYG000323059",1568,5811,4432,887,38,1679
"MGYG000328709",3159,21609,7996,8379,1048,2897
"MGYG000411523",2390,9558,5430,1299,104,2078
"MGYG000331169",2098,9714,5886,2803,86,1740
"Nanosyncoccus sp003979185",803,2606,2473,568,32,1009
"MGYG000344322",665,1335,1319,2201,1142,1319
"Nanosyncoccus sp013316435",511,1433,3013,524,50,613
"MGYG000348936",585,1571,1065,570,1389,445
"MGYG000341210",208,703,425,169,11,257
"MGYG000331839",64,383,352,107,119,81
"MGYG000328091",36,233,115,50,0,29
"Avidehalobacter sp022797295",2051,5402,5115,7058,700,16285
"Avidehalobacter sp021771915",54,167,139,278,31,630
"MGYG000410378",80,322,159,382,50,445
"MGYG000411020",1229,1412,2413,4486,6121,650
"MGBC122484 sp910587245",47,591,215,21861,7020,287
"MGBC122484 sp910586855",48,528,88,25943,4851,215
"MGBC122484 sp910578465",44,164,75,6568,3616,239
"MGBC122484 sp910587815",59,98,55,3001,71,366
"Megamonas funiformis",0,0,0,0,0,0
"MGYG000325548",135,212,219,72,13,102
"UBA1436 sp910576915",0,0,0,0,0,0
"MGYG000331077",17,73,26,48,337,85
"MGYG000324324",0,50,0,363,79,105
"MGYG000333766",10,30,0,200,36,63
"UBA3282 sp910578115",245,888,369,842,106,1749
"Anaerostipes hominis",0,15,0,0,0,12
"Bacteroides thetaiotaomicron",111,4025,394,723,709,88
"C-19 sp910576345",108,70,30,28,0,289
"MGYG000327462",0,0,0,0,0,0
"MGYG000410493",171,1187,300,489,55,576
"Allobaculum sp910579655",0,0,0,0,0,0
"MGBC163490 sp910588075",83,119,136,23,0,14
"Limosilactobacillus urinaemulieris",0,0,0,0,0,0
"Lactiplantibacillus plantarum",124,222,315,69,50,73
"Enterococcus_D gallinarum",0,0,0,0,101944,0
"Lactococcus lactis",0,0,0,0,0,0
"Granulicatella adiacens",0,14,0,0,0,12
"Scybalousia sp910584255",0,12,0,0,0,13
"CAG-710 sp000432595",0,0,0,0,0,0
"MGYG000325543",12,20,10,0,0,23
"MGYG000326942",0,0,0,0,0,0
"Paratractidigestivibacter sp003150175",0,0,0,0,0,0
"Collinsella stercoris",0,0,0,0,0,0
"Collinsella sp900545445",0,0,0,0,0,0
"Collinsella sp002232035",0,0,0,0,0,0
"MGYG000330890",0,0,0,0,0,0
"Cutibacterium acnes",0,18,18,0,0,0
"MGYG000325467",45,94,104,44,60,40
"MGYG000325647",22,67,60,18,79,27
"MGYG000325468",27,46,66,32,16,20
"MGYG000325561",25,34,40,24,20,16
"CAG-873 sp014801485",25,41,45,18,66,13
"MGYG000325408",29,41,48,17,17,21
"CAG-873 sp910579605",39,81,113,53,63,14
"CAG-485 sp014802175",66,73,85,17,96,40
"CAG-485 sp014801875",42,45,50,28,76,19
"CAG-485 sp014803765",78,75,104,28,65,28
"MGYG000325797",88,109,106,58,63,41
"MGYG000325348",128,199,250,102,14,70
"MGYG000325391",52,88,114,24,46,53
"MGYG000325606",90,108,141,35,89,30
"MGYG000325480",46,85,72,26,17,18
"CAG-485 sp014800535",25,46,49,16,39,14
"CAG-485 sp014801585",52,99,110,51,67,35
"MGYG000325583",26,62,51,22,36,27
"MGYG000325430",25,46,28,19,28,16
"MGYG000325719",58,84,115,26,133,27
"MGYG000325338",67,100,125,46,179,51
"MGYG000325306",26,73,67,19,53,14
"MGYG000325603",67,102,110,53,118,54
"UBA3263 sp014802435",13,18,23,0,10,12
"MGYG000325316",46,71,83,50,124,57
"MGYG000325659",33,55,66,33,14,26
"MGYG000325628",0,42,33,20,18,13
"MGYG000325657",27,29,60,27,47,10
"MGYG000325523",40,60,63,42,88,35
"MGYG000325354",465,764,1242,257,239,341
"MGYG000325392",136,135,259,98,35,62
"JAAVFS01 sp014802385",49,91,95,34,48,33
"MGYG000327349",24,54,60,18,83,14
"Parabacteroides johnsonii",55,281,84,96,26,161
"Parabacteroides sp910577325",41,190,110,120,2430,61
"Bacteroides faecis",116,582,382,224,1658,114
"Bacteroides bouchesdurhonensis",44,131,79,48,307,68
"Bacteroides ovatus",315,1119,604,397,2035,222
"Bacteroides caccae",302,996,712,405,4166,204
"MGYG000325504",140,688,369,386,13826,139
"Bacteroides salyersiae",29,107,83,74,1291,54
"Bacteroides stercorirosoris",73,169,138,182,2793,113
"MGYG000325502",97,174,138,73,222,93
"Prevotella pectinovora",74,198,185,119,1235,63
"Prevotella sp000436915",13,25,28,0,20,10
"MGYG000325596",23,41,63,33,245,24
"Tidjanibacter sp910577285",43,145,135,157,71,153
"Odoribacter sp910588375",17,48,47,78,188,35
"Odoribacter sp910578985",140,769,768,789,587,407
"Odoribacter sp009935865",29,101,89,218,405,79
"Cryptobacteroides sp000431015",25,42,44,17,38,14
"MGYG000325795",34,84,76,93,135,59
"MGYG000326972",0,14,0,0,54,0
"Pullibacteroides sp910578275",42,85,67,27,362,16
"Barnesiella intestinihominis",0,15,12,0,22,0
"MGYG000376875",13,28,13,30,0,32
"MGYG000410984",0,12,0,11,86,12
"MGYG000329711",0,32,26,15,0,30
"Sporofaciens sp910584575",0,17,13,10,0,16
"Sporofaciens sp011960625",0,16,0,35,15,12
"MD308 sp910579335",0,16,17,0,0,11
"14-2 sp910585625",0,49,17,49,0,38
"14-2 sp910585895",0,16,10,37,0,20
"14-2 sp004793545",0,36,34,131,22,94
"14-2 sp910580195",0,35,20,52,0,40
"14-2 sp910580015",0,32,12,30,0,27
"14-2 sp910585395",0,0,0,19,0,0
"14-2 sp910587895",0,31,10,33,0,15
"MGYG000327388",0,11,12,10,0,0
"MGYG000410811",0,25,15,30,0,24
"MGYG000352925",0,44,31,62,0,43
"MGYG000331207",0,17,10,16,0,17
"MGYG000328397",0,12,0,0,0,0
"14-2 sp910588965",0,12,0,33,0,17
"14-2 sp910586005",0,22,18,21,0,27
"14-2 sp022790855",0,0,0,12,0,25
"Ventrimonas sp910588875",29,1254,46,87,33,67
"Ventrimonas sp910586205",10,273,32,45,54,48
"Ventrimonas sp910588125",0,50,0,18,0,30
"MGYG000329105",0,35,0,0,0,16
"Ventrimonas sp022794255",0,35,15,12,0,27
"MGYG000432287",0,52,14,74,14,67
"Ventrimonas sp910584845",0,42,13,23,0,44
"UBA3282 sp910587715",0,115,13,392,3681,48
"MGYG000411593",49,167,57,107,24,126
"MGYG000323128",0,13,0,25,0,16
"UBA3282 sp910578645",0,144,24,121,20,90
"UBA3282 sp910579735",0,26,0,34,12,37
"MGYG000325815",0,49,0,74,0,37
"UBA3282 sp910579395",0,20,20,29,0,30
"UBA3282 sp009774575",0,42,15,64,0,43
"MGYG000329420",47,215,79,222,29,381
"MGYG000323012",38,124,55,223,56,237
"MGYG000325709",0,16,0,18,0,17
"MGYG000325198",0,32,0,56,0,42
"UBA3282 sp910578845",0,25,13,24,0,28
"MGYG000325513",0,26,0,32,0,14
"UBA3282 sp910588955",0,130,10,337,116,82
"MGYG000325450",0,19,10,53,12,47
"MGYG000325999",15,127,37,42,10,97
"MGYG000411525",0,23,0,17,0,17
"MGYG000325558",13,51,20,60,11,108
"MGYG000322990",0,22,14,20,0,20
"MGYG000330673",0,0,0,0,0,0
"MGYG000368565",0,0,0,0,0,0
"UBA7109 sp910580235",0,17,0,0,0,0
"MGYG000324764",11,17,0,13,0,24
"MGYG000324065",0,12,0,14,39,0
"Roseburia sp910577925",0,10,0,16,0,10
"Roseburia intestinalis",0,0,0,40,0,20
"MGYG000328589",0,15,10,12,10,0
"MGYG000393816",0,0,0,18,0,0
"Butyribacter sp910579085",0,27,0,63,0,57
"MGYG000329302",26,29,29,115,30,115
"MGYG000348373",0,15,11,13,30,13
"MGYG000325401",0,0,0,20,0,14
"Butyribacter sp910586555",24,22,14,97,15,113
"Butyribacter sp910586605",0,0,0,20,14,13
"1XD8-76 sp003611955",0,35,15,90,16,68
"1XD8-76 sp910584915",0,17,0,35,0,28
"1XD8-76 sp022799355",12,40,12,223,20,76
"Blautia coccoides",0,14,0,23,142,14
"Blautia hominis",0,140,48,46,495,14
"MGYG000330300",11,42,36,33,10,12
"Blautia sp001304935",0,16,0,17,156,0
"MGYG000411610",0,44,25,29,0,66
"Acetatifactor sp910578215",0,22,0,53,11,17
"MGYG000403847",0,22,18,59,0,42
"Acetatifactor sp910585665",0,31,17,575,75,202
"MGYG000410724",13,56,21,409,141,165
"MGYG000329148",0,0,0,42,16,14
"MGYG000331408",0,33,54,64,75,64
"MGYG000331279",0,0,0,15,0,12
"Acetatifactor sp910584375",0,27,17,85,15,42
"MGYG000345025",0,32,12,66,0,29
"Acetatifactor sp910586435",0,30,22,115,13,57
"MGYG000330154",0,0,0,35,11,21
"MGYG000327196",0,19,0,13,0,20
"Acetatifactor sp910586215",0,32,0,430,151,139
"Acetatifactor sp011959105",0,44,11,52,14,34
"Acetatifactor sp910586515",0,54,12,275,58,117
"MGYG000325688",0,16,0,48,0,30
"MGYG000325419",0,19,11,74,17,52
"Acetatifactor sp910585015",0,414,0,315,0,28
"Acetatifactor sp910577665",23,89,70,180,17,119
"MGYG000329799",0,14,12,66,10,40
"Acetatifactor sp910588225",11,85,52,862,124,189
"MGYG000410939",0,42,28,45,19,51
"MGYG000327533",20,74,36,247,38,116
"Acetatifactor sp022797535",0,0,0,20,0,0
"Acetatifactor sp022793065",0,32,0,764,314,59
"MGYG000329051",0,105,0,127,27,24
"MGYG000324774",81,287,209,105,0,56
"Lachnospira sp910587485",0,46,18,37,0,63
"Anaerostipes caccae",0,0,0,0,0,0
"1XD42-69 sp910585825",0,29,0,57,0,33
"1XD42-69 sp910586725",0,18,10,34,0,13
"MGYG000325395",0,0,0,16,0,0
"1XD42-69 sp910586355",0,11,10,43,0,18
"MGYG000330490",0,0,0,21,0,0
"1XD42-69 sp910589105",0,11,0,0,0,0
"MGYG000327486",0,11,0,43,0,0
"MGYG000331229",0,43,10,47,13,46
"UBA3402 sp910588505",26,127,42,68,22,117
"UBA3402 sp022792815",208,2394,269,1023,113,712
"UBA3402 sp910579515",0,69,228,40,10,41
"MGYG000410806",24,92,24,111,26,118
"MGYG000324300",41,137,98,51,0,121
"MGYG000324807",10,69,32,56,0,69
"MGYG000327237",0,31,16,54,10,48
"MGYG000327181",10,34,22,72,10,51
"CAG-95 sp910577445",0,182,43,168,40,88
"CAG-95 sp002492465",0,31,23,76,16,36
"CAG-95 sp910587305",28,127,50,205,105,167
"CAG-95 sp910587295",10,93,20,83,11,43
"MGYG000410955",14,93,39,108,54,124
"MGYG000325519",0,60,28,92,16,70
"MGYG000325286",12,48,19,53,10,75
"CAG-95 sp000403495",11,104,94,856,186,329
"CAG-95 sp014804245",0,30,31,49,18,31
"MGYG000324752",0,11,14,17,0,12
"MGYG000330445",211,435,254,125,11,335
"COE1 sp014239155",13,48,22,105,47,59
"MGYG000325661",0,57,63,144,41,132
"COE1 sp011959805",0,45,37,297,73,118
"COE1 sp009774245",0,13,11,74,23,30
"MGYG000325434",0,15,0,86,27,47
"COE1 sp910577115",181,4057,486,20176,3077,12070
"COE1 sp000403215",88,2867,378,72437,24839,6496
"COE1 sp910588595",0,44,15,400,103,102
"COE1 sp910586095",0,15,19,57,0,25
"MGYG000325380",0,64,62,1086,295,119
"MGYG000328561",0,27,41,166,11,139
"COE1 sp910578795",12,37,19,254,35,102
"COE1 sp003513705",0,47,102,208,37,138
"Eubacterium_F sp910577295",0,45,23,67,13,49
"Eubacterium_F sp910584065",0,28,13,17,0,19
"Eubacterium_F sp910584245",962,1929,2158,2003,130,3875
"Eubacterium_F sp910589665",0,14,14,0,0,11
"Eubacterium_F sp910584645",0,58,15,15,0,12
"MGYG000327551",0,17,21,53,0,65
"VSOB01 sp910585345",0,67,41,139,22,103
"VSOB01 sp910589075",0,30,0,40,16,23
"Merdisoma sp910586955",0,0,0,0,0,0
"Merdisoma sp910587955",0,14,0,24,0,11
"MGYG000331110",0,30,50,69,40,48
"Eubacterium_J plexicaudatum",11,43,50,78,25,44
"Eubacterium_J sp910586445",17,29,42,98,33,366
"Eubacterium_J sp910577225",0,39,88,94,14,50
"Eubacterium_J sp009774535",0,18,18,39,19,23
"Eubacterium_J sp910586225",0,17,13,101,23,29
"Eubacterium_J sp910584345",0,14,131,67,25,40
"MGYG000327547",0,36,160,73,16,61
"MGYG000325711",0,14,39,34,13,18
"MGYG000324920",0,14,25,47,11,49
"Eubacterium_J sp910586045",0,12,20,30,0,12
"MGYG000331263",0,16,13,22,0,23
"Kineothrix sp910579645",42,137,98,504,90,244
"Kineothrix sp023399455",0,17,0,11,0,53
"Kineothrix sp910578405",10,38,26,44,0,52
"MGBC164599 sp910584115",0,12,13,13,0,15
"MGYG000330773",0,0,0,17,0,0
"MGYG000323038",0,0,0,12,0,0
"Caccovicinus sp910589195",12,112,41,55,0,40
"Copromonas sp910585355",16,91,44,84,10,78
"MGYG000329350",13,35,35,23,0,22
"Copromonas sp900066535",0,0,0,0,0,0
"MGYG000346909",43,160,92,93,14,232
"Eisenbergiella porci",0,0,0,0,0,0
"MGYG000379181",0,76,19,66,21,66
"CAG-510 sp910578335",0,41,27,104,27,56
"CAG-510 sp910577015",24,47,84,91,12,226
"MGYG000325414",16,67,38,67,0,52
"MGYG000328974",0,0,0,0,0,0
"MGYG000329478",0,10,0,15,11,14
"SIG307 sp910577175",0,20,16,16,0,13
"Clostridium_Q symbiosum",0,29,24,162,32,38
"Clostridium_Q sp009911305",63,352,248,230,62,288
"Enterocloster bolteae",0,24,0,11,0,12
"MGYG000330164",0,10,0,20,0,23
"MGYG000325314",0,0,0,0,0,0
"MGYG000323607",0,38,20,55,0,44
"RGIG4057 sp910577675",0,36,20,56,0,35
"RGIG8607 sp910588535",0,58,16,417,4768,17
"MGYG000325404",0,0,0,0,0,0
"MGBC131033 sp910585655",0,26,13,68,13,74
"MGYG000409986",0,42,38,150,306,11
"MGYG000323124",0,11,0,0,0,10
"MGYG000327294",0,15,10,14,0,15
"RUG115 sp910578885",0,10,13,0,0,0
"MGYG000328329",0,0,0,12,0,10
"MGYG000410396",10,28,12,41,0,66
"RGIG7193 sp910586125",0,17,0,29,12,19
"MGYG000325636",0,0,0,14,0,0
"Agathobacter sp910587655",0,18,0,30,0,34
"MGYG000410161",0,0,10,26,0,14
"MGYG000327199",0,30,15,37,0,46
"RGIG3040 sp910585715",0,32,24,44,0,33
"Butyrivibrio_A sp000431815",0,0,0,34,0,16
"Butyrivibrio_A sp910577605",0,10,0,0,0,0
"MGYG000325389",0,0,0,0,0,0
"MGBC114844 sp910579865",0,0,0,16,0,0
"CAG-303 sp910577835",725,1310,1875,637,17,1534
"CAG-303 sp910584685",18,49,29,22,14,0
"MGYG000327534",0,18,12,11,0,11
"An181 sp910585545",0,0,10,13,0,0
"RGIG3002 sp910579805",12,24,16,26,0,43
"MGYG000323516",0,140,27,71,34,34
"MGBC120314 sp910584325",10,41,32,52,11,41
"MGYG000328392",0,14,0,40,0,18
"CAG-632 sp910587045",0,0,0,0,0,12
"MGBC136627 sp910585935",0,17,0,23,0,0
"MGBC165282 sp910589265",0,26,10,43,21,23
"Mediterraneibacter_A sp022790755",0,68,0,24,0,0
"Hungatella effluvii",0,11,0,0,10,0
"Mobilitalea sp023395555",0,0,0,0,20,0
"Fusicatenibacter saccharivorans",0,11,0,0,0,0
"CAG-411 sp014799595",0,16,16,34,0,38
"MGYG000323744",0,27,17,29,13,23
"MGBC143606 sp910587935",0,11,0,16,0,0
"C-53 sp003612525",0,0,0,0,0,0
"Ruminococcus_B gnavus",0,0,0,0,0,0
"Frisingicoccus caecimuris",0,14,13,0,10,0
"MGYG000326088",0,0,0,0,0,33
"Lawsonibacter sp900066645",0,46,30,43,0,67
"MGYG000327494",11,63,31,80,14,119
"MGYG000325423",12,83,54,72,10,93
"Dysosmobacter sp022797935",35,272,37,747,112,720
"MGYG000327261",0,38,0,104,21,66
"Dysosmobacter sp910588005",12,454,39,13139,1034,340
"Dysosmobacter sp001916835",0,21,0,75,0,48
"Dysosmobacter sp910585165",17,231,35,301,50,313
"MGYG000329398",0,110,27,359,40,232
"MGYG000322989",12,140,41,526,46,290
"MGYG000323872",0,77,49,191,40,188
"Pelethomonas sp022797115",22,205,76,327,60,311
"Pelethomonas sp910584045",52,283,108,736,77,612
"MGYG000325682",16,106,44,283,28,203
"MGYG000329870",34,286,89,359,52,363
"MGYG000409933",15,68,57,197,45,182
"MGYG000325610",10,80,35,134,31,90
"Faecousia sp900544705",0,0,0,0,0,0
"MGYG000327369",18,100,35,155,25,137
"MGYG000327333",67,379,228,248,53,380
"Marseille-P3106 sp905219705",103,265,193,133,34,353
"Marseille-P3106 sp910577415",20,86,54,38,0,107
"MGYG000329177",666,6991,2213,1661,228,1883
"HGM13010 sp022800755",0,72,48,97,12,80
"Flavonifractor plautii",14,118,46,107,19,144
"Intestinimonas butyriciproducens",0,51,20,55,20,84
"MGBC124762 sp910579775",14,44,14,36,0,68
"MGYG000329700",11,94,58,120,15,101
"MGYG000323009",25,87,60,90,25,109
"MGYG000326780",0,28,0,26,0,25
"MGYG000329402",0,15,0,30,25,37
"MGYG000411571",39,0,0,0,0,25
"MGYG000356933",37,108,87,42,0,30
"MGYG000376485",0,14,13,0,0,13
"Fimivicinus sp900544375",0,0,0,0,0,0
"Ruminococcus_E sp910585865",0,0,0,0,0,0
"UBA1417 sp900549945",0,0,0,0,0,0
"MGYG000360413",0,0,0,0,0,0
"Ruthenibacterium lactatiformans",0,14,27,14,0,10
"MGYG000410556",0,0,0,0,0,0
"UBA1394 sp900066845",0,0,0,0,0,0
"MGYG000410798",59,323,57,93,10,322
"MGYG000327515",14,87,14,25,28,93
"MGYG000325568",0,0,0,0,0,0
"MGYG000325411",0,0,0,0,12,0
"MGYG000328314",21,85,109,247,28,366
"UBA1405 sp910589145",0,19,0,29,10,21
"CAG-115 sp910587135",66,218,146,159,54,161
"CAG-115 sp910577365",25,204,26,53,0,146
"CAG-115 sp910587465",24,167,22,68,0,153
"Faecalibacterium sp900539945",0,0,0,0,0,0
"Faecalibacterium longum",0,0,0,0,0,0
"Faecalibacterium prausnitzii_F",0,0,0,0,0,0
"MGYG000325416",0,0,0,0,0,0
"UBA7177 sp910579545",0,25,0,33,0,57
"UBA7177 sp910578965",0,11,0,29,0,20
"Neobittarella massiliensis",0,0,0,0,0,0
"Gemmiger formicilis",0,0,0,0,49,0
"MGYG000328468",0,0,0,0,0,0
"UBA866 sp022791945",0,34,27,28,13,52
"UMGS1601 sp900545345",0,0,0,0,0,0
"MGYG000410783",0,0,0,10,0,25
"MGYG000330170",0,0,17,21,0,10
"MGYG000330888",0,0,0,0,0,0
"MGYG000329160",0,12,11,107,12,31
"QXXE01 sp910586105",11,19,17,32,16,52
"MGYG000330847",19,37,0,32,0,23
"MGYG000325472",0,0,0,0,0,0
"RACS-045 sp013316135",0,16,19,160,92,16
"MGBC161649 sp910587685",0,13,0,65,14,26
"Coproplasma sp910586035",774,1256,994,17061,20008,6523
"Coproplasma sp910579295",57,157,82,1076,676,458
"Coproplasma sp910587825",135,456,215,9138,2931,669
"Coproplasma sp910585705",15,37,27,89,50,34
"Coproplasma sp910576655",0,0,0,22,11,0
"MGYG000410549",39,127,74,691,184,261
"MGYG000410782",77,661,458,6598,1192,1181
"Coproplasma sp910577555",300,1249,782,5921,2077,4257
"Gallimonas sp910586985",75,157,221,4084,1675,965
"Gallimonas sp910586365",190,600,757,5915,4793,1027
"Gallimonas sp910589015",13,49,57,394,359,70
"Gallimonas sp910586825",106,706,400,5723,2995,690
"Gallimonas sp910586675",399,1506,384,19097,1800,3630
"Gallimonas sp910578065",58,93,37,843,160,300
"Anaerocaecibacter sp910578545",0,26,22,53,14,19
"Anaerocaecibacter sp910579205",17,308,155,1284,603,61
"Anaerocaecibacter sp910585055",15,135,80,777,293,73
"MGYG000327384",0,14,25,116,139,23
"MGBC157735 sp910588155",302,16968,6715,74616,22480,1837
"Pumilibacter sp910579245",322,2971,2292,8523,6324,2018
"UBA11524 sp000437595",0,92,45,0,383,12
"MGYG000388556",0,20,47,0,0,0
"Zhenpiania sp910583765",0,38,11,0,0,15
"RGIG7179 sp022793795",76,128,39,309,57,366
"VUNA01 sp002299625",0,0,0,0,20,0
"MGYG000327020",0,20,0,0,0,0
"Clostridioides difficile",0,10,0,0,0,0
"MGYG000369796",12,41,123,12,0,0
"MGYG000411069",13,41,0,144,26,50
"MGYG000328055",13,30,10,0,0,15
"MGYG000411369",21,58,27,37,106,19
"Clostridium sp910588715",0,0,0,11,0,0
"CAG-41 sp010206265",0,39,10,0,0,0
"Parasutterella excrementihominis",13,14,0,11,118,0
"Comamonas acidovorans",24,62,17,0,22,0
"Escherichia coli",681,86,635,14,632069,466
"Klebsiella michiganensis",0,0,0,0,737,0
"MGYG000408998",0,27,14,0,247,0
"MGYG000324409",13,18,27,20,0,13
"MGYG000366359",59,120,77,161,367,97
"MGYG000411437",39,102,63,44,259,73
"MGYG000350430",48,187,115,50,0,45
"MGYG000346441",11,48,20,0,0,14
"MGYG000330427",0,25,15,15,0,0
"MGYG000322940",0,0,0,0,21,0
"MGYG000410841",23,29,62,42,12,30
"Zag111 sp910584405",72,70,87,60,85,83
"Avigastranaerophilus sp910583875",0,0,0,0,0,0
"MGBC122484 sp910583725",0,0,0,53,10,0
"MGYG000326931",0,0,0,0,0,0
"MGYG000405972",168,2131,56,1754,109,612
"MGYG000328795",75,550,286,806,55,153
"HGM10857 sp910578745",0,0,0,0,0,0
"MGYG000410710",0,0,0,27,10,0
"Acetatifactor muris",14,46,21,223,49,276
"MGYG000325356",0,0,0,0,0,0
"MGYG000329400",0,23,0,14,0,0
"Coprocola sp910587735",34,60,43,229,205,466
"MGYG000324401",0,0,0,0,0,0
"MGYG000387050",0,12,14,16,38,56
"MGYG000326286",0,0,0,0,0,0
"Ruminococcus sp910576995",0,0,0,0,0,0
"Ruminococcus sp910579835",0,0,0,0,0,0
"Ruminococcus sp900540005",0,0,0,0,0,0
"Ruminococcus sp002362175",0,0,0,0,0,0
"Ruminococcus sp910577575",0,0,0,0,0,0
"MGYG000410441",0,2662,57,233,18,0
"MGYG000365643",0,0,0,0,0,0
"MGYG000369368",61,1546,16,182,24,129
"MGYG000330830",52,6634,0,280,137,260
"MGYG000324069",5425,16460,1420,7165,1355,9267
"MGYG000392389",0,77,0,0,0,0
"Coproplasma sp910578195",41,351,272,2882,1330,440
"Gallimonas sp910588615",0,224,68,3874,266,18
"Fimimonas sp910586905",104,656,583,3921,1039,1102
"MGYG000329863",0,0,46,0,92,0
"Pseudomonas aeruginosa",33,200,31,16,2090,0
"C-19 sp022799495",0,0,0,0,0,0
"MGBC140090 sp910586805",0,0,0,0,0,0
"MGYG000337677",0,0,0,25,0,32
"Staphylococcus nepalensis",0,34,0,10,0,0
"D16-34 sp910588485",0,0,0,0,0,0
"UMGS1502 sp900552365",0,0,0,0,0,0
"CACZQA01 sp900758075",0,0,0,0,0,0
"MGYG000325313",27,234,230,66,60,26
"Schaedlerella glycyrrhizinilytica_A",0,0,0,14,16,0
"MGYG000322968",0,20,13,16,0,29
"Butyribacter sp003612285",0,12,21,31,0,26
"Butyribacter sp910580005",0,13,0,17,0,21
"MGYG000325492",0,10,0,19,0,20
"Acetatifactor sp910578815",0,54,21,75,24,65
"Acetatifactor sp910583845",0,78,26,102,12,42
"MGYG000328399",14,13,21,21,12,16
"Acetatifactor sp910587755",0,26,24,36,11,33
"MGYG000329698",0,16,23,49,10,80
"CAG-95 sp009774465",0,23,17,42,10,35
"MGYG000410124",12,174,18,418,27,276
"UBA2882 sp002362385",35,19,23,14,0,283
"MGYG000350270",0,10,0,14,0,12
"MGYG000411484",0,17,0,12,0,11
"1XD42-69 sp003612565",0,11,51,22,0,57
"MGYG000324730",0,10,15,29,0,11
"Blautia_A wexlerae",0,0,0,0,0,0
"Bariatricus comes",0,0,0,0,0,0
"Wujia sp002493625",0,12,22,41,12,13
"MGYG000322947",0,18,50,84,18,63
"MGYG000322925",0,0,0,14,0,0
"MGYG000330643",0,0,0,0,0,0
"MGYG000325949",0,115,26,138,18,150
"Acutalibacter ornithocaccae",0,0,0,0,0,11
"Eubacterium_R sp910577195",12,24,33,16,0,53
"Avimonas_A sp022800315",0,0,0,0,0,0
"UBA3818 sp904397845",0,25,20,12,15,10
"MGYG000354216",0,0,0,0,0,0
"MGYG000350425",0,13,91,15,0,195
"MGYG000340095",432,2638,975,1761,33,1130
"MGYG000336507",0,0,0,0,0,0
"Agrobacterium pusense",0,0,0,0,0,0
"Brachyspira sp910578695",0,0,0,0,0,0
"MGYG000325577",37,81,97,18,40,19
"MGYG000325533",12,26,32,12,27,22
"MGYG000325757",18,41,61,24,14,0
"MGYG000325642",0,16,16,14,0,11
"Limisoma sp900544305",11,17,16,0,69,11
"MGYG000325491",18,44,47,10,39,19
"MGYG000325376",49,109,123,239,36,145
"Alistipes putredinis",40,111,82,164,98,136
"MGYG000325739",81,215,194,547,53,266
"MGYG000325349",65,100,90,250,63,161
"MGYG000325640",840,2250,2158,3885,502,2674
"Alistipes onderdonkii",134,398,152,187,1639,310
"Alistipes sp003979135",83,306,265,519,80,295
"Alistipes communis",13,102,62,56,21,30
"MGYG000330701",18,74,68,115,19,65
"Alistipes sp900541585",460,1257,1142,2150,353,1329
"MGYG000325578",35,73,78,60,0,57
"Alistipes_A ihumii",31,64,44,168,115,103
"Bacteroides eggerthii",16,55,43,17,173,10
"Prevotella faecis",10,28,18,12,814,0
"Prevotella sp900557405",13,21,22,0,60,0
"MGYG000325643",0,43,32,0,175,0
"Paraprevotella stercorigallinarum",17,28,24,0,184,12
"MGYG000325375",11,14,17,0,82,15
"C-19 sp009917405",16,59,22,14,0,0
"MGYG000328692",0,24,22,0,0,0
"MGYG000331358",0,20,0,0,13,0
"UBA2730 sp022793235",0,15,18,0,0,0
"Bacillus licheniformis",0,27,33,0,0,19
"Mailhella sp910577155",0,0,0,0,0,0
"MGYG000403150",0,181,14,1912,662,171
"COE1 sp910586405",16,343,60,10377,3590,907
"COE1 sp009774345",0,63,15,1223,375,131
"MGYG000329391",0,309,86,25,0,0
"MGYG000327122",0,123,33,69,25,17
"MGYG000326060",0,88,18,0,0,0
"MGYG000324350",0,62,22,0,0,0
"Copromonas sp000435795",0,11,0,0,11,13
"Kineothrix sp910586275",0,26,16,26,11,11
"MGYG000327375",0,0,0,0,0,0
"MGYG000331235",0,12,0,0,0,0
"MGBC111451 sp910578605",0,27,14,47,0,40
"MGYG000411179",51,254,105,222,26,422
"MGYG000325311",0,0,0,0,0,0
"Faecalibacterium prausnitzii",0,0,0,14,0,17
"MGYG000325383",0,0,0,0,0,0
"MGYG000323634",15,27,13,208,33,114
"Pumilibacter muris",25,179,487,937,661,218
"SFMI01 sp004556155",0,0,0,0,0,0
"MGYG000329762",0,0,0,0,0,0
"Escherichia ruysiae",17,0,19,0,13043,12
"Klebsiella variicola",0,0,0,0,4277,0
"Citrobacter_A rodentium",0,0,0,0,1927,0
"Citrobacter_A amalonaticus",0,0,0,0,325,0
"MGYG000339089",0,0,0,0,0,0
"UBA7185 sp910585405",0,0,0,14,0,10
"Helicobacter_D ganmani",0,20,25,14,36,0
"URXU01 sp900541915",0,0,0,0,0,0
"Dielma sp001305055",0,0,0,0,0,0
"Streptococcus danieliae",30,118,59,32,14,12
"Streptococcus alactolyticus",0,16,0,54,37,24
"MGYG000325510",0,10,0,0,0,0
"CAG-582 sp910587065",0,0,0,0,0,0
"MGBC119817 sp910586195",0,10,0,0,0,0
"MGBC107952 sp910578855",0,0,0,0,0,0
"MGYG000322996",0,0,0,0,0,14
"MGYG000329305",0,0,0,0,0,0
"Niallia sp001076885",0,0,0,0,0,0
"MGYG000387335",0,63,18,64,0,35
"UBA3282 sp910586615",0,22,0,25,0,16
"MGYG000325700",0,12,0,16,0,16
"UBA3282 sp910584965",0,21,10,28,10,41
"MGYG000325483",0,20,16,46,0,31
"MGYG000325802",0,15,11,30,0,23
"MGYG000329183",0,18,11,69,18,24
"UBA3282 sp910586705",0,15559,119,31331,1444,27
"UBA3282 sp910578715",0,0,0,33,0,19
"UBA3282 sp910585555",0,31,0,46,0,0
"MGYG000325820",0,15,0,27,0,0
"UBA3282 sp910578475",0,13,0,24,0,21
"MGYG000325646",0,23,13,144,42,54
"MGYG000373306",0,19,10,28,0,21
"MGYG000329401",0,29,12,29,0,13
"MGYG000327529",0,14,0,32,802,28
"Acetatifactor sp910577235",0,17,0,10,0,0
"MGYG000410713",0,10,0,0,0,10
"MGYG000325455",0,0,0,18,0,13
"Butyribacter sp910588655",11,12,18,41,26,37
"MGYG000330215",0,0,0,0,0,0
"Eubacterium_F sp910583555",0,25,12,15,0,25
"14-2 sp910588885",0,0,0,18,0,15
"MGYG000325200",0,22,0,19,0,23
"MGYG000410031",0,20,14,38,0,30
"COE1 sp910588755",0,0,16,88,22,40
"MGYG000325498",0,0,0,55,26,0
"COE1 sp910585765",0,16,0,71,15,25
"COE1 sp009774375",0,21,18,72,21,36
"MGYG000324875",0,16,35,32,0,11
"MGYG000328347",0,0,0,0,0,0
"MGYG000331069",0,10,0,10,0,0
"MGYG000330172",0,0,0,0,0,0
"CAG-317 sp000433535",0,0,0,0,0,0
"CAG-510 sp003979355",0,11,0,23,0,18
"MGYG000325599",0,0,0,0,0,0
"RGIG4057 sp910585065",0,22,0,28,11,16
"CAG-603 sp022794265",0,0,0,0,0,0
"CAG-603 sp910578175",0,0,0,14,0,0
"MGYG000325692",0,0,11,30,0,30
"MGYG000328520",0,18,0,43,0,31
"MGYG000325327",0,15,11,35,0,23
"UBA7050 sp003979345",0,0,11,34,14,21
"MGYG000325605",0,0,0,12,0,14
"MGBC140009 sp910586015",0,10,0,12,0,0
"MGYG000327466",0,0,0,0,0,0
"Clostridium_AP sp000509125",0,0,0,0,0,0
"MGYG000329308",0,23,0,14,0,0
"Coprocola sp910583755",0,16,0,23,13,30
"MGYG000410975",0,11,0,15,0,13
"Dysosmobacter welbionis",0,43,0,104,10,96
"Scatomorpha sp900545405",0,16,0,10,0,19
"MGYG000360335",14,41,11,16,0,14
"MGYG000329306",0,0,0,15,0,0
"Avispirillum sp910586545",0,0,0,20,0,10
"Anaerocaecibacter sp910586925",0,92,40,1404,2671,12
"Anaerocaecibacter sp910577995",21,66,33,645,352,142
"MGBC157735 sp910585955",13,63,150,191,78,38
"Pumilibacter sp910587595",0,91,65,544,257,59
"Protoclostridium sp910587025",21,53,41,799,305,251
"Coproplasma sp910587625",16,404,569,4272,1093,90
"Coproplasma sp910579705",0,44,45,320,114,112
"MGYG000327368",0,0,0,0,13,0
"MGYG000327859",0,0,0,0,10,0
"Lentihominibacter faecis",0,0,0,0,0,0
"MGYG000324400",0,11,65,0,0,0
"MGYG000357081",1541,1219,1286,2060,265057,2084
"Lacticaseibacillus paracasei",0,0,0,0,0,0
"Leuconostoc citreum",0,0,0,0,0,0
"Enterococcus_E cecorum",0,19,0,0,67,23
"MGYG000410809",0,0,11,0,0,0
"Anaerotardibacter sp000434775",0,0,0,0,0,0
"MGYG000325716",10,13,16,0,0,0
"Bacteroides fragilis",37,80,66,45,194,35
"Eubacterium_F sp910589595",0,11,0,17,0,14
"Acetatifactor sp910584435",0,29,52,37,0,15
"Butyribacter sp003611745",0,10,0,15,0,15
"MGYG000410930",0,0,0,13,0,0
"MGYG000410149",0,25,15,22,0,14
"MGYG000328377",0,15,40,66,19,52
"MGYG000324606",0,25,12,37,0,27
"Dorea_A longicatena",0,0,0,0,0,0
"MGYG000323390",0,0,0,22,0,18
"CALWPV01 sp022794035",44,110,45,211,0,111
"Dysosmobacter sp900763685",0,26,0,61,0,57
"Evtepia sp004556345",0,33,0,17,0,22
"Evtepia gabavorous",0,19,10,25,0,15
"MGYG000387732",55,140,102,80,0,192
"Avoscillospira_A sp022795735",0,40,12,57,0,61
"Eubacterium_R sp009774735",14,29,18,14,0,20
"MGYG000325665",21,57,11,27,0,28
"Eubacterium_R sp910584985",0,22,0,0,0,19
"MGYG000325508",0,19,0,0,0,0
"Eubacterium_R sp910577215",0,23,0,16,0,15
"MGYG000325451",0,22,0,10,0,11
"MGYG000403628",0,0,0,0,0,18
"MGYG000327108",0,15,0,18,0,12
"Bittarella massiliensis",0,0,0,0,0,0
"MGYG000327115",0,0,0,0,0,0
"MGYG000331430",0,0,0,0,0,0
"MGYG000358052",0,37,0,260,42,76
"MGYG000325728",0,0,0,0,0,0
"Brachyspira sp910588665",0,0,0,0,0,0
"MGYG000410730",0,0,0,0,0,0
"MGYG000325324",0,0,0,18,48,0
"Sediminibacterium magnilacihabitans",0,0,0,0,0,0
"MGYG000325708",0,19,0,95,23,27
"MGYG000383351",0,11,0,14,0,0
"MGYG000328450",0,0,0,0,0,0
"MGYG000410978",0,11,10,10,0,0
"MGYG000325740",0,0,0,26,0,16
"MGYG000329907",0,0,0,0,0,0
"CAG-303 sp910585215",15,23,46,23,0,20
"Agathobacter rectalis",0,0,0,13,0,13
"MGBC114844 sp910585855",0,15,0,0,0,18
"Oliverpabstia sp002361775",0,0,0,0,0,0
"Dorea_A longicatena_B",0,0,0,0,0,0
"MGYG000324871",0,0,0,0,0,0
"JAAVZI01 sp022791575",0,14,0,15,0,12
"MGYG000330606",0,0,0,0,0,0
"MGYG000411499",0,10,0,0,0,0
"CAJFUH01 sp022799115",0,28,10,66,11,39
"QAKD01 sp022793975",86,251,66,201,0,304
"MGYG000378024",0,0,30,0,0,26
"MGBC157735 sp910587445",45,205,21,2271,965,311
"Reyranella aquatilis",0,0,0,0,0,0
"MGYG000339341",0,0,0,0,0,0
"Heteroclostridium sp910585195",0,57,0,554,113,0
"Collinsella bouchesdurhonensis",0,0,0,0,0,0
"Desulfovibrio sp900319575",0,0,0,0,0,0
"MGYG000325614",0,0,0,0,0,0
"Dielma fastidiosa",0,0,0,0,0,0
"UBA1067 sp902788415",0,0,0,0,0,0
"UBA3282 sp910578555",0,0,0,14,0,21
"Oliverpabstia intestinalis",0,0,0,0,0,0
"MGYG000330584",0,57,12,98,13,68
"MGYG000410602",0,0,0,0,0,0
"Howiella sp022791355",0,15,0,0,0,0
"QXXE01 sp910589115",71,91,52,48,27,124
"Anaerocaecibacter sp910587805",75,229,218,2586,11952,318
"Ventricola sp900542395",0,0,0,0,0,0
"MGYG000330825",23,76,156,97,10,78
"MGYG000376566",31,256,87,182,17,99
"Methylovirgula sp021780015",0,0,0,0,0,0
"CAG-267 sp910576955",17,29,30,54,42,15
"MGYG000335208",33,60,41,15,13,52
"MGYG000326756",0,13,0,0,0,0
"Longicatena caecimuris",0,16,17,0,677,13
"MGYG000325635",0,0,0,0,0,0
"MGYG000324718",0,33,0,51,12,13
"Lacrimispora indica",0,0,0,0,0,0
"MGYG000326954",0,0,0,0,10,0
"RACS-045 sp910588015",11,81,20,505,217,75
"MGYG000325793",0,0,0,55,39,0
"Coproplasma sp910578655",0,16,0,148,22,59
"Coproplasma sp910578765",13,26,38,296,145,69
"Parabacteroides faecavium",0,0,0,0,40,0
"MGYG000325474",0,22,14,0,56,0
"MGYG000352721",0,0,0,0,0,0
"Helicobacter_C sp910577135",0,0,0,0,0,0
"Lysinibacillus sp023337795",0,0,0,0,32,0
"Gallimonas sp910588465",127,289,523,3552,16122,846
"Ralstonia pickettii_B",0,0,0,0,0,0
"51-20 sp910577095",0,0,0,0,0,0
"MGYG000327731",0,10,14,0,0,0
"MGYG000325751",24,39,37,15,22,19
"MGYG000325340",30,55,52,16,18,19
"MGYG000325552",0,12,12,14,57,0
"Absicoccus sp000434355",0,0,0,0,0,0
"MGYG000374819",0,0,0,0,0,0
"MGYG000325616",0,17,0,78,19,36
"Eubacterium_F sp003491505",0,0,0,0,0,0
"Eubacterium_F sp900539115",0,0,0,0,0,0
"Eubacterium_F sp910584875",0,0,0,0,0,0
"Butyribacter sp910577825",0,36,10,43,0,42
"MGYG000328455",0,10,0,12,0,0
"MGYG000329982",0,10,0,23,0,18
"MGYG000329041",0,15,0,54,0,0
"MGYG000331355",0,21,0,10,0,10
"VSOB01 sp910585205",0,0,0,21,0,15
"Choladousia sp902363135",0,0,0,0,0,0
"MGYG000325445",0,0,0,26,0,13
"MGYG000324619",0,0,0,15,0,10
"MGYG000325654",0,0,0,12,0,10
"MGYG000330463",0,0,0,0,0,0
"Lacrimispora celerecrescens_B",0,0,0,0,0,0
"CAG-632 sp000431515",0,0,0,0,10,0
"MGYG000322973",0,0,0,0,0,0
"Robinsoniella sp900555455",0,0,0,0,0,0
"Lawsonibacter asaccharolyticus",0,51,21,41,10,76
"Enterenecus sp932222125",0,47,19,37,0,57
"MGYG000330031",24,152,79,53,0,184
"MGYG000327784",22,79,47,52,0,127
"MGYG000329422",32,94,73,44,0,123
"MGYG000336017",24,108,64,60,0,115
"Faecousia sp910589155",0,10,12,23,0,16
"MGYG000410450",0,37,36,41,14,48
"Vescimonas coprocola",0,13,0,19,0,14
"MGYG000390383",0,21,0,22,0,31
"MGYG000322982",0,16,0,15,0,42
"CAG-170 sp900553545",0,0,0,0,0,11
"Oscillibacter sp002455655",0,20,0,42,0,32
"MGYG000325106",0,0,0,39,0,20
"Angelakisella sp022794295",13,46,37,173,18,276
"UBA3818 sp910578255",13,32,21,16,0,37
"MGYG000325720",0,11,0,0,0,12
"MGYG000326653",0,15,0,25,0,24
"Ruminococcus_C sp000433635",0,0,0,0,0,0
"Harryflintia sp022792175",154,455,136,403,32,430
"MGYG000410206",0,0,0,0,0,0
"UMGS1668 sp900553955",0,17,11,12,0,19
"Pseudobutyricicoccus sp910585875",0,27,0,24,0,21
"MGYG000410157",0,0,0,10,0,18
"Fimimonas sp910586625",122,229,534,4281,8645,1216
"MGYG000344714",0,12,0,0,0,0
"MGYG000324647",0,41,27,11,0,15
"MGYG000409944",49,117,121,42,24,35
"MGYG000377617",1214,3451,2794,1272,69,1650
"MGYG000403771",0,16,0,0,0,0
"MGYG000325091",17,15,34,33,16,0
"MGYG000357633",0,181,39,83,0,16
"Treponema_D sp014804085",0,0,0,0,0,0
"Atopostipes sp910588235",0,0,0,0,0,0
"MGYG000325609",13,33,31,23,15,14
"MGYG000324383",24,92,53,37,1595,22
"Parabacteroides gordonii",0,16,0,0,166,0
"Cryptobacteroides sp000434935",0,0,15,0,77,13
"MGBC139354 sp910586295",0,0,0,0,0,0
"MGBC119817 sp910585335",0,0,0,0,0,0
"Coprosoma sp902783895",0,0,0,0,0,0
"MGYG000327915",0,0,0,0,0,0
"Bacillus spizizenii",0,0,0,0,0,0
"Allobacillus halotolerans",0,0,0,0,0,0
"Caccosoma sp905197115",0,0,0,0,0,0
"MGYG000325901",0,31,12,15,13,13
"MGYG000325369",19,31,26,0,23,0
"MGYG000325412",0,10,13,0,120,0
"Alistipes_A sp910583985",21,45,24,93,0,53
"MGYG000325656",40,193,86,212,42,91
"MGYG000325417",0,0,0,19,0,0
"Acetatifactor intestinalis",0,0,0,0,0,0
"MGYG000329006",0,0,0,14,0,11
"Blautia_A faecis",0,0,0,0,0,0
"Hominisplanchenecus faecis",0,0,0,0,0,0
"MGYG000329682",0,0,0,0,0,10
"Fimenecus sp900540295",0,0,0,0,0,12
"Clostridium_AM scatologenes",0,0,0,0,0,0
"MGYG000374388",0,0,0,0,0,22
"MGYG000323085",0,12,0,14,0,15
"Coprocola sp910587195",0,433,0,43,0,0
"MGYG000323975",0,208,55,57,0,24
"MGYG000330936",0,0,0,0,0,0
"Alistipes shahii",13,49,23,29,116,39
"Eisenbergiella sp900066775",0,0,0,0,0,0
"Murimonas intestini",0,0,0,0,0,0
"Mediterraneibacter torques",0,0,0,0,0,0
"Caccousia sp900752115",0,0,0,0,0,0
"MGYG000327130",0,0,0,0,0,0
"Klebsiella pneumoniae",0,0,0,0,165,0
"Citrobacter_A sedlakii",0,0,0,0,219,0
"Proteus faecis",0,0,0,0,512,0
"MGYG000410940",0,0,0,10,22,0
"Ruminococcus sp002362135",0,0,0,0,0,0
"MGYG000325359",13,16,19,0,0,0
"MGYG000325563",10,17,20,0,59,0
"Prevotella sp900313215",0,10,20,11,110,0
"MGYG000325556",0,25,14,0,110,0
"Alloprevotella sp900542795",0,10,0,0,18,0
"Paraprevotella sp910584955",0,10,0,12,33,11
"Paraprevotella clara",0,20,12,0,65,0
"Alistipes sp910580175",644,1995,1688,2679,345,1671
"MGYG000325594",12,25,30,21,0,0
"MGYG000325683",12,13,17,0,0,0
"RUG572 sp900547945",0,0,0,0,0,0
"CAG-170 sp900548625",0,0,0,0,0,0
"Vescimonas sp000435975",0,24,12,15,0,13
"MGYG000325673",0,17,13,0,0,0
"CAG-41 sp910585795",0,46,10,0,0,0
"Massiliimalia timonensis",0,15,10,15,0,29
"Klebsiella quasipneumoniae",0,0,0,0,107,0
"Klebsiella oxytoca",0,0,0,0,74,0
"Proteus mirabilis",0,0,0,0,28,0
"Streptococcus thermophilus",0,0,0,0,0,0
"MGYG000392040",0,10,0,0,0,0
"MGYG000336888",0,29,0,100,0,80
"MGYG000323672",0,0,0,0,0,0
"MGYG000387283",0,0,0,0,0,0
"Eisenbergiella tayi",0,0,0,0,0,14
"Blautia sp000432195",0,0,0,0,0,0
"Lachnospira eligens_A",0,0,0,0,0,0
"Choladousia sp902363665",0,0,0,0,0,0
"MGYG000328544",0,0,0,0,0,0
"JAAWTG01 sp022801925",0,0,0,0,0,0
"MGYG000325459",315,1115,1022,1157,127,889
"MGYG000325725",290,862,692,1149,129,718
"Alistipes sp910586375",265,686,617,951,120,576
"Alistipes sp014796635",198,536,489,905,113,652
"Alistipes sp910584485",69,202,123,201,32,194
"MGYG000325702",54,122,160,253,62,172
"MGYG000329018",21,101,97,134,75,105
"MGYG000325591",20,54,51,78,24,66
"Alistipes sp902363575",17,24,23,33,0,25
"Alistipes sp017442365",12,40,47,48,0,43
"MGYG000340909",21,61,59,54,92,35
"Butyricimonas sp900184685",10,14,26,18,37,11
"CAG-273 sp910589185",12,101,27,61,0,35
"MGYG000327606",11,99,19,57,0,31
"MGYG000375485",32,65,31,57,0,55
"JAAWPK01 sp022799935",11,37,0,0,0,0
"MGYG000388007",74,261,27,84,0,112
"CAKPSH01 sp022795675",18,77,0,25,0,19
"Coproplasma sp910577055",99,262,197,913,98,541
"Coproplasma sp910578565",17,42,54,230,70,71
"Coproplasma sp910583855",11,36,40,207,78,35
"Pumilibacter sp022791915",52,68,15,227,180,180
"MGYG000327260",42,76,78,100,23,58
"Streptococcus danieliae_A",22,68,40,14,0,22
"MGYG000325460",17,31,14,15,0,10
"MGYG000330364",18,180,48,130,65,81
"MGYG000325579",42,356,79,160,15,35
"MGYG000409929",17,12,0,16,0,41
"MGBC122484 sp910577395",28,36,23,453,558,149
"MGYG000326706",0,32,29,67,16,40
"Alistipes sp904502285",0,17,12,21,156,17
"MGYG000325317",0,13,12,0,11,13
"MGYG000323691",0,25,24,42,13,26
"Tidjanibacter inops",0,19,14,60,122,18
"Prevotella sp002265625",0,21,21,0,87,0
"Prevotella sp900552515",0,11,0,0,110,0
"Phocaeicola coprophilus",0,16,0,0,110,0
"Paraprevotella sp003477995",0,10,0,0,61,0
"MGYG000326974",0,34,29,29,0,17
"Cryptobacteroides sp000432515",0,24,0,15,59,11
"Butyricimonas synergistica",0,18,36,13,27,13
"Butyricimonas sp003479425",0,13,12,0,88,0
"Faecousia sp000434635",0,13,10,0,0,14
"MGBC124762 sp910584395",0,20,12,17,0,25
"Vescimonas sp900551995",0,11,0,0,0,0
"Vescimonas sp900545585",0,10,0,15,21,12
"Ruminiclostridium_E sp910579265",0,23,0,12,0,24
"MGYG000323133",0,36,0,11,0,34
"CAG-115 sp910579125",0,30,0,14,0,22
"MGYG000327681",0,22,0,12,0,23
"RGIG8773 sp910586535",0,24,0,90,55,21
"MGYG000325664",0,21,0,55,15,36
"MGYG000325398",0,53,63,21,0,0
"Faecalibacterium sp900540455",0,13,0,0,0,0
"MGYG000323027",0,11,0,0,0,0
"MGYG000326165",0,13,11,12,11,22
"MGYG000325440",0,14,0,26,0,0
"MGYG000350587",0,10,0,0,0,11
"Lachnospira sp910585095",0,14,0,0,0,11
"MGYG000323782",0,17,0,17,0,15
"MGYG000329879",0,15,0,23,0,13
"Coprocola sp910586765",0,12,0,25,0,14
"MGYG000410417",0,27,33,59,0,21
"MGYG000327215",0,38,0,0,0,11
"MGYG000351753",0,79,0,144,0,0
"MGYG000403946",0,41,0,55,0,0
"MGYG000340871",0,37,0,70,0,16
"MGYG000330483",0,27,0,16,0,0
"MGYG000375087",0,24,0,34,0,0
"MGYG000380654",0,20,0,0,42,0
"MGYG000433109",0,19,0,0,0,0
"MGYG000329231",0,17,0,12,0,0
"MGYG000410463",0,14,0,14,0,0
"MGYG000325858",0,14,0,19,0,59
"MGYG000410524",0,11,0,17,0,0
"MGYG000329904",0,10,0,0,0,0
"MGYG000328992",0,10,0,0,0,0
"MGYG000328749",0,10,0,17,0,0
"CAG-273 sp022797215",0,35,0,15,0,0
"MGYG000329641",0,20,0,21,0,0
"MGYG000365455",0,300,102,236,0,31
"MGYG000410067",0,255,29,43,0,0
"CAG-269 sp022791675",0,210,0,167,31,0
"MGYG000328621",0,129,0,60,0,0
"MGYG000329059",0,75,0,0,0,0
"CAG-269 sp022794095",0,53,0,20,0,0
"CAG-269 sp022795075",0,33,0,24,0,50
"MGYG000342663",0,21,0,0,0,0
"CAG-269 sp022794055",0,18,0,12,0,12
"MGYG000365232",0,18,0,47,12,28
"MGYG000328829",0,18,0,12,0,17
"MGYG000332630",0,15,0,0,0,11
"MGYG000330993",0,14,0,0,0,0
"MGYG000329131",0,14,0,0,0,0
"MGYG000329360",0,12,25,13,0,0
"MGYG000329624",0,12,0,15,0,0
"MGYG000326992",0,12,0,0,0,0
"MGYG000411110",0,11,0,0,0,0
"MGYG000323120",0,10,0,0,0,0
"MGYG000329191",0,16,0,0,0,0
"JAAWPK01 sp022792975",0,13,0,10,0,21
"MGYG000328409",0,63,0,0,0,0
"MGYG000331294",0,36,0,0,0,0
"MGYG000329735",0,31,0,0,0,0
"RGIG8482 sp022799315",0,15,0,10,0,0
"MGYG000381662",0,13,0,0,0,0
"MGYG000410934",0,10,0,12,0,0
"MGYG000392056",0,19,0,0,0,0
"MGYG000331304",0,18,0,0,0,0
"MGYG000392748",0,19,0,0,0,0
"UMGS1663 sp022791325",0,15,0,0,0,0
"MGYG000331248",0,13,0,0,0,0
"MGYG000330612",0,32,28,202,36,0
"MGYG000410581",0,131,424,293,105,0
"MGYG000324615",0,11,0,19,11,0
"MGYG000324828",0,11,16,35,21,0
"Anaerocaecibacter muris",0,131,0,2356,1085,20
"MGYG000368690",0,30,18,113,122,55
"Coproplasma sp910577875",0,24,17,137,79,26
"Coproplasma sp910583545",0,16,15,99,50,14
"Coproplasma sp910579585",0,16,12,174,155,15
"MGYG000328739",0,15,0,145,54,47
"Coproplasma sp910587365",0,14,35,220,78,78
"Coproplasma sp910587015",0,12,13,157,106,48
"Coproplasma sp910588685",0,10,0,133,64,28
"Gallimonas sp910586655",0,14,0,60,38,0
"Gallimonas sp910586245",0,11,0,142,59,12
"Limiplasma sp900548145",0,28,0,0,0,13
"MGBC101980 sp910576875",0,22,14,27,214,26
"Caccovivens sp022793335",0,136,0,429,21,0
"MGYG000330827",0,32,0,110,109,32
"Caccovivens sp910584295",0,12,0,32,11,0
"MGYG000322927",0,10,0,0,0,0
"Dwaynesavagella sp000270205",0,102,58,37,0,0
"Caloranaerobacter azorensis",0,22,27,0,0,0
"MGYG000325321",0,84,15,28,0,0
"MGYG000411329",0,32,0,0,0,0
"MGYG000411579",0,18,0,0,0,0
"MGYG000382271",0,13,0,0,0,0
"Holdemanella sp900556915",0,11,0,0,0,0
"MGYG000326094",0,16,0,29,0,17
"MGYG000329498",0,13,0,0,0,0
"MGYG000410618",0,792,0,33,0,0
"MGBC162581 sp910587725",0,21,0,23,0,18
"MGYG000324636",0,20,13,0,0,0
"MGYG000393403",0,19,0,13,0,11
"MGYG000326232",0,16,0,20,0,0
"MGBC108787 sp910587325",0,14,12,20,0,0
"MGYG000332018",0,12,0,12,0,0
"MGYG000382898",0,36,0,35,25,0
"Caccenecus sp910587745",0,31,0,21,0,0
"MGBC162267 sp910588025",0,36,0,0,0,0
"MGYG000339283",0,11,0,0,0,0
"MGYG000411598",0,53,0,199,0,0
"MGYG000326177",0,33,0,26,0,24
"MGYG000411458",0,27,0,138,0,0
"MGYG000352855",0,19,0,39,0,0
"MGYG000333853",0,14,13,0,0,0
"MGYG000326629",0,14,0,0,0,0
"MGYG000388827",0,24,14,0,0,0
"MGYG000328000",0,23,18,0,0,0
"MGYG000388416",0,11,23,0,0,0
"UBA7185 sp002491065",0,13,0,12,0,0
"MGYG000358274",0,12,0,19,0,0
"MGYG000331915",0,13,0,0,0,0
"Stercorousia sp910588555",0,10,0,123,37,0
"Prevotella sp900553595",0,0,13,0,94,0
"Rikenella sp910577125",0,0,20,0,14,0
"Alistipes_A indistinctus",0,0,15,0,0,10
"MGYG000325402",0,0,13,0,0,0
"MGYG000410739",0,0,18,13,0,0
"Coproplasma sp910588645",0,0,18,189,63,54
"MGYG000325461",0,0,18,98,38,25
"MGYG000410947",0,0,11,103,83,22
"MGYG000328716",0,0,13,94,144,25
"Emergencia sp022767345",0,0,10,13,0,11
"MGYG000377252",0,0,10,0,0,0
"MGYG000413576",0,0,10,0,0,0
"Rikenella sp910579375",0,0,0,23,0,12
"MGYG000326979",0,0,0,10,134,0
"Faecousia sp900544975",0,0,0,11,0,11
"Vescimonas sp003539495",0,0,0,11,0,17
"MGYG000323103",0,0,0,10,0,0
"MGYG000325742",0,0,0,20,0,0
"MGYG000323031",0,0,0,15,0,0
"MGYG000327114",0,0,0,43,0,12
"MGYG000325704",0,0,0,14,0,11
"CAG-590 sp910584695",0,0,0,11,0,0
"SIG299 sp910583815",0,0,0,15,0,11
"MGYG000401852",0,0,0,12,0,15
"MGBC114079 sp910579745",0,0,0,10,0,11
"Coproplasma sp910585785",0,0,0,62,26,19
"MGYG000410802",0,0,0,55,28,0
"Coproplasma sp910578145",0,0,0,56,40,0
"MGYG000325961",0,0,0,50,12,14
"Coproplasma sp910587005",0,0,0,39,15,17
"MGYG000323619",0,0,0,36,32,11
"MGYG000325462",0,0,0,30,0,13
"MGYG000325588",0,0,0,29,0,0
"Coproplasma sp910586345",0,0,0,21,0,0
"MGYG000410533",0,0,0,11,0,0
"Gallimonas sp910588695",0,0,0,56,45,19
"Gallimonas sp910585235",0,0,0,47,13,0
"MGYG000324646",0,0,0,40,41,15
"Gallimonas sp910585595",0,0,0,23,0,0
"MGBC157735 sp022793815",0,0,0,31,12,0
"Anaerocaecibacter sp910587455",0,0,0,56,51,0
"Anaerocaecibacter sp910577435",0,0,0,37,11,0
"Anaerocaecibacter sp910588315",0,0,0,29,75,0
"MGYG000410645",0,0,0,22,0,0
"Anaerocaecibacter sp910577945",0,0,0,16,14,0
"MGYG000325722",0,0,0,11,0,0
"MGYG000324927",0,0,0,10,0,0
"MGYG000331340",0,0,0,84,62,26
"MGYG000325536",0,0,0,69,85,0
"RACS-045 sp910584635",0,0,0,63,47,0
"MGYG000326065",0,0,0,29,11,0
"MGYG000325675",0,0,0,28,29,0
"MGYG000325553",0,0,0,24,21,0
"MGYG000325718",0,0,0,16,0,0
"MGYG000325353",0,0,0,12,28,0
"RACS-045 sp910578245",0,0,0,12,0,0
"MGBC100798 sp910577845",0,0,0,26,0,0
"MGBC100798 sp910588545",0,0,0,13,0,0
"CAG-475 sp910584155",0,0,0,32,22,0
"MGYG000376978",0,0,0,35,22,12
"Fimimonas sp910587795",0,0,0,15,0,0
"MGYG000410634",0,0,0,10,0,0
"MGYG000368618",0,0,0,11,0,0
"MGBC116941 sp910585035",0,0,0,14,0,10
"CAG-269 sp900556945",0,0,0,28,0,0
"MGYG000331161",0,0,0,19,0,0
"CAG-41 sp900066215",0,0,0,23,0,10
"MGBC122484 sp910577515",0,0,0,182,32,0
"MGYG000410279",0,0,0,110,31,0
"MGBC122484 sp910587175",0,0,0,105,25,0
"MGYG000329677",0,0,0,95,21,0
"MGBC122484 sp910587375",0,0,0,68,15,0
"MGYG000372439",0,0,0,62,10,0
"MGYG000326479",0,0,0,23,0,0
"MGYG000342110",0,0,0,11,0,0
"Muribacter muris",0,0,0,16,0,0
"MGYG000336045",0,0,0,48,18,0
"Corynebacterium mastitidis",0,0,0,12,0,0
"Phocaeicola sp000434735",0,0,0,0,27,0
"Prevotella sp002299635",0,0,0,0,82,0
"Prevotella sp000434975",0,0,0,0,54,0
"Prevotella sp002251385",0,0,0,0,45,0
"Prevotella sp900552675",0,0,0,0,36,0
"Prevotella sp900543975",0,0,0,0,35,0
"Prevotella sp000436035",0,0,0,0,29,0
"Prevotella copri_B",0,0,0,0,28,0
"Prevotella sp003447235",0,0,0,0,27,0
"Alloprevotella sp900539625",0,0,0,0,61,0
"UBA4372 sp900543815",0,0,0,0,95,0
"UBA6398 sp003150315",0,0,0,0,25,0
"MGYG000325629",0,0,0,0,24,0
"MGYG000325649",0,0,0,0,12,0
"MGYG000325521",0,0,0,0,17,0
"MGBC100798 sp910584035",0,0,0,0,16,0
"CAG-177 sp003514385",0,0,0,0,20,0
"Enterobacter roggenkampii",0,0,0,0,32,0
"Kosakonia cowanii",0,0,0,0,24,0
"Morganella morganii",0,0,0,0,22,0
"Enterococcus_B faecium",0,0,0,0,45,0
"Enterococcus_B hirae",0,0,0,0,20,0
"Enterococcus_A avium",0,0,0,0,26,0
"Streptococcus sp000187445",0,0,0,0,14,0
"Clostridium_AQ innocuum",0,0,0,0,13,0
"Catenibacterium sp000437715",0,0,0,0,16,0
"Mammaliicoccus sciuri",0,0,0,0,114,0
"MGYG000330358",0,0,0,0,51,0
"Kosmotoga_B pacifica",0,0,0,0,13,0
"UBA3818 sp910587335",0,0,0,0,0,12
"MGYG000325420",0,0,0,0,0,12
"Massiliimalia sp910579175",0,0,0,0,0,13
"Phocea massiliensis",0,0,0,0,0,13
"MGYG000329752",0,0,0,0,0,14
"MGYG000325714",0,0,0,0,0,10
"Enterocloster lavalensis",0,0,0,0,0,11
"MGYG000331096",0,0,0,0,0,10
"MGYG000358607",0,0,0,0,0,14
"Coprovivens sp910577505",0,0,0,0,0,14
"Aneurinibacillus aneurinilyticus",0,0,0,0,0,19
"Parolsenella catena",0,0,0,0,0,0
"MGYG000330619",0,0,0,0,0,0
"Mycobacterium aubagnense",0,0,0,0,0,0
"Salinibacter ruber",0,0,0,0,0,0
"Anaerostipes hadrus",0,0,0,0,0,0
"UBA1417 sp003531055",0,0,0,0,0,0
"Flemingibacterium sp900546315",0,0,0,0,0,0
"Firm-10 sp934636425",0,0,0,0,0,0
"Faecivicinus sp900553265",0,0,0,0,0,0
"51-20 sp910587405",0,0,0,0,0,0
"MGYG000362033",0,0,0,0,0,0
"MGYG000325516",0,0,0,0,0,0
"Streptococcus salivarius",0,0,0,0,0,0
"Pseudomonas_E shahriarae",0,0,0,0,0,0
"MGYG000366009",0,0,0,0,0,0
"Parasutterella gallistercoris",0,0,0,0,0,0
