SampleID,MouseID,Genotype,Sex,Batch,Omit
322_WT_M_imputed_intensity,322,WT,Male,B2025,No
323_WT_F_imputed_intensity,323,WT,Female,B2025,Yes
343_HET_M_imputed_intensity,343,HET,Male,B2025,Yes
344_WT_M_imputed_intensity,344,WT,Male,B2025,No
345_Mut_M_imputed_intensity,345,MUT,Male,B2025,No
346_Mut_M_imputed_intensity,346,MUT,Male,B2025,No
347_WT_M_imputed_intensity,347,WT,Male,B2025,No
348_HET_M_imputed_intensity,348,HET,Male,B2025,No
350_Mut_F_imputed_intensity,350,MUT,Female,B2025,No
351_Mut_M_imputed_intensity,351,MUT,Male,B2025,No
352_HET_M_imputed_intensity,352,HET,Male,B2025,No
353_HET_F_imputed_intensity,353,HET,Female,B2025,No
356_WT_M_imputed_intensity,356,WT,Male,B2025,No
358_HET_F_imputed_intensity,358,HET,Female,B2025,No
359_HET_F_imputed_intensity,359,HET,Female,B2025,No
360_1_Mut_M_imputed_intensity,360,MUT,Male,B2025,No
362_1_WT_M_imputed_intensity,362,WT,Male,B2025,No
364_Mut_M_imputed_intensity,364,MUT,Male,B2025,No
365_Mut_F_imputed_intensity,365,MUT,Female,B2025,No
366_HET_F_imputed_intensity,366,HET,Female,B2025,No
389_Mut_F_imputed_intensity,389,MUT,Female,B2025,No
390_Mut_F_imputed_intensity,390,MUT,Female,B2025,No
392_Mut_F_imputed_intensity,392,MUT,Female,B2025,No
393_WT_F_imputed_intensity,393,WT,Female,B2025,Yes
394_1_WT_M_imputed_intensity,394,WT,Male,B2025,No
395_HET_M_imputed_intensity,395,HET,Male,B2025,No
398_1_HET_M_imputed_intensity,398,HET,Male,B2025,No
401_1_WT_F_imputed_intensity,401,WT,Female,B2025,No
499_1_WT_F_imputed_intensity,499,WT,Female,B2025,No
500_1_HET_F_imputed_intensity,500,HET,Female,B2025,No
902_HET_M_imputed_intensity,902,HET,Male,B2024,No
903_MUT_M_imputed_intensity,903,MUT,Male,B2024,No
904_HET_M_imputed_intensity,904,HET,Male,B2024,No
907_MUT_F_imputed_intensity,907,MUT,Female,B2024,No
910_WT_M_imputed_intensity,910,WT,Male,B2024,No
911_WT_M_imputed_intensity,911,WT,Male,B2024,No