feature	s__Bifidobacterium_pseudolongum	s__GGB80032_SGB42945	s__Atopobiaceae_bacterium_FL090493	s__Coriobacteriaceae_bacterium	s__Parvibacter_caecicola	s__Adlercreutzia_caecimuris	s__Adlercreutzia_mucosicola	s__Adlercreutzia_muris	s__Eggerthellaceae_bacterium	s__Enterorhabdus_sp_P55	s__Bacteria_unclassified_SGB63107	s__bacterium_D16_63	s__bacterium_D16_76	s__GGB14001_SGB21428	s__GGB30048_SGB42949	s__GGB28904_SGB41597	s__GGB28898_SGB41580	s__Bacteroides_SGB40318	s__Bacteroidales_bacterium	s__GGB27849_SGB40283	s__Barnesiella_sp_CU968	s__Duncaniella_dubosii	s__Duncaniella_muris	s__GGB27919_SGB40357	s__GGB3583_SGB21441	s__GGB46159_SGB63927	s__GGB70852_SGB95305	s__Muribaculaceae_bacterium	s__Muribaculaceae_bacterium_Isolate_013_NCI	s__Muribaculaceae_bacterium_Isolate_110_HZI	s__Muribaculum_gordoncarteri	s__Muribaculum_intestinale	s__Paramuribaculum_intestinale	s__GGB1503_SGB2082	s__GGB24146_SGB35950	s__GGB27872_SGB40306	s__GGB24149_SGB35953	s__GGB27861_SGB40295	s__GGB75879_SGB103683	s__GGB27866_SGB40300	s__GGB27885_SGB40319	s__GGB27485_SGB39778	s__GGB75725_SGB102612	s__GGB27929_SGB40368	s__GGB27860_SGB40294	s__Lactobacillus_intestinalis	s__Lactobacillus_johnsonii	s__Ligilactobacillus_murinus	s__Limosilactobacillus_reuteri	s__GGB28981_SGB41694	s__GGB28772_SGB41425	s__GGB28778_SGB41431	s__GGB30298_SGB43262	s__GGB79760_SGB63182	s__GGB28967_SGB41417	s__GGB3171_SGB4185	s__GGB28330_SGB40904	s__Clostridiaceae_bacterium	s__Clostridium_SGB40327	s__GGB24132_SGB35935	s__Clostridiales_bacterium	s__Dorea_sp_5_2	s__GGB25041_SGB36960	s__GGB27873_SGB41457	s__GGB27876_SGB40310	s__GGB28766_SGB41418	s__GGB28988_SGB41701	s__GGB30861_SGB44083	s__GGB42598_SGB59794	s__GGB42646_SGB59844	s__Lachnospiraceae_bacterium	s__Lachnospiraceae_bacterium_MD308	s__Lachnospiraceae_unclassified_SGB41402	s__GGB28849_SGB41516	s__GGB28879_SGB43526	s__GGB30461_SGB63209	s__GGB30466_SGB63211	s__GGB45650_SGB63364	s__GGB75074_SGB102167	s__Neglectibacter_sp_X4	s__Hungateiclostridiaceae_bacterium_KB18	s__Faecalibaculum_rodentium	s__Turicibacter_sp_TS3	s__GGB24148_SGB35952	s__Parasutterella_sp_NM82_D38	s__Turicimonas_muris	s__GGB28310_SGB40880	s__GGB28317_SGB40889	s__Akkermansia_muciniphila
X82_SLC_SMT_NEG_16I	0.116819633006924	0.00521180876600565	0.011806117055831	0.245602427951718	0	0	0	0.0232473728094131	0	0	0	0	0	0.021032976902419	0.00524807415041242	0.000836311299536938	0	0	0	0	0	0	0	0	0	0.00872387473242453	0	0	0	0.00861003296050416	0	0	0	0	0	0	0	0	0	0	0	0	0	0.0057617812043135	0	0	0.00235756533760865	6.49623407634273e-05	0	0	0.00048406404403816	0	0	0	0.00221124239530657	0	0.00580813782612041	0	0	0	0	0	0.000475234211313034	0	0	0	0.000595698357777254	0.00234368988618346	0	0	0	0.00168523664582406	0.0261208526591041	8.95597319262785e-05	0.000169028226452413	0	0.00096465922522002	0.000880775814331323	0	0	0	0.37566964820685	0	0.00304660764133724	0.00473468244768009	0	0.0583689785271082	0	0.0610289656355524
X81_SLC_SMT_NEG_89I	0.0074450855666219	0.00537419666487931	0.00163660722520897	0.139661579203254	0.00176190483634709	0.0168759389504391	0.00251931834347647	0.0174886700631725	0.00143752237457342	0.00291740988029896	0.00277499425491303	0	0.000218469633893356	0.00589742948394268	0.00903143305136811	0	0	0.00233320879131187	7.32400883570927e-05	0.000416616511145469	0	0	0	0.197197022872481	2.18860456136456e-05	0.00142587587172901	0.000480007878976421	0.00109273899170988	0	0.000453510130894186	0.0223165753966455	0.0201837020871471	0.00422838401255634	0.0140276264427203	0.00223222032369461	0	0.000328759670896406	0	0.0016107347927157	1.14120094985438e-05	0.000154687443819303	0	0	0.000154374786024822	0.000539178366581884	5.58094163147964e-05	0.000517683143211339	4.51790513024542e-05	0.000545275193574257	0.000293429340120092	0.00164504898565995	0	0.000269198361047841	4.05673488338646e-05	0	0	0	0	8.67625379683809e-05	0.0195003884773096	0.000456011393250031	0	0	0	0.0024000393948821	0.000346346671835942	0	0.00890863670258584	0.0198241456234944	0.000320630568239909	0.000861997539383157	0.0001918937213625	0	0	1.79778231826375e-05	0	0	0	5.94049809513239e-06	0	0	0.238111109200425	0	0.000523545476857852	0.000102786249935514	3.42360284956314e-05	0.184548920783458	0	0.0360241184222662
X80_SLC_SMT_NEG_194I	0	0	0	0.00610983660283721	0	0	0	0	0	0	0	0	0	0	0	0	0	0	0	0	0	0	0	0	0	0	0.0190317898778033	0	0	0	0	0	0	0	0	0	0	0	0	0	0	0	0	0	0	0	0.00358162835338733	0.600987873964137	0.0936139332365747	0	0	0	0	0	0	0	0	0	0	0	0	0	0	0	0	0	0	0	0	0	0	0	0	0	0	0	0	0	0	0	0	0.276674937965261	0	0	0	0	0	0	0
X79_SLC_SMT_NEG_141J	0	0	0.23218872765857	0.142370702039353	0	0	0.00207092932953663	0.00345913470428096	0	0	0	0	0	0.0401925281552514	0	0	0	0	0	0	0	0	0.00327423029985805	0	0	0	0	0	0	0	0.0533207408692783	0.0237843957750766	0	0	0	0	0	0	0	0	0	0	0	0	0	0	0	0	0	0	0	0	0	0	0	0	0	0	0	0.000201972503292721	0	0	0	0	0	0	0	0.00425564598487198	0	0	0	0.0097117482569204	0	0	0	0	0	0	0	0	0	0.159441645592306	0	0	0	0	0.0619571988974008	0	0.263770399934003
X78_SLC_SMT_NEG_18J	0.0192903777709822	0.00531156032435738	0.000747589647565411	0.437287531391703	0	0	0	0.0111479264748958	0	0	0	0	0	0.0292773626360555	0.00120814997241842	0.00210213510661656	0	0	0	0	0	0	0	0	0	0.00905334966255314	0	0	0	0.00430736039087037	0	0	0	0	0	0	0	0	0	0	0	0	0	0.000455604066312757	0	0	0	0.000115356917524389	0	0	0.000342725278058495	0	0	0	0.000471649953336826	0	0.00398427428727763	0	0	0	7.52731765800924e-05	0.000997880703848188	0	0	0	0	5.681111351765e-05	0.00449006047131045	0	0	0	0.00206130792689122	0.033788487206162	0.000102718458246743	0	0	0.000252273559698878	0.000451453199785295	0	0	0.000102408692087978	0.250938653414292	0	0.00269192987290666	0.00691701637200884	0	0.0434152759818224	0	0.128555495970314
X77_SLC_SMT_NEG_88J	0	0	0	0	0	0	0	0	0	0	0	0	0	0	0	0	0	0	0	0	0	0	0	0	0	0	0	0	0	0	0	0	0	0	0	0	0	0	0	0	0	0	0	0	0	0	0	0	0	0	0	0	0	0	0	0	0	0	0	0	0	0	0	0	0	0	0	0	0	0	0	0	0	0	0	0	0	0	0	0	0	0	0	0	0	0	0	0	0
X76_SLC_SMT_NEG_142I	0.00804010781533267	0.00201242498169505	0.068032370178765	0.232437323545117	0.00132243243156828	0.0160399287625856	0.000542913507931078	0.0124524790812036	0.000885671623656705	0.00402037364471459	0.0017483221798393	0	0	0.010425346195289	0.00198748549193144	0	0.000497510847079362	0.011907647150983	0.000822363688102904	0.0060865144505159	0	0	0	0	0.00300041246079224	0.00708984930792916	0	0	0	0	0.0177198272140991	0.00377865243623644	0	0	0.00255022269685411	0	0.00161659051595967	0	0	0	0	0	0.0010749559562216	0.00076672944170714	0.000203992236784468	0	0	0	0.000174576428345329	0	0	0	0	0	0	0	0	0	0	0.0439753546683208	0	0.000264742275952257	0	0	9.40026921859463e-05	0.00105449278513351	0	0.00290129397583427	0	0	0	0.00199835655157199	0	0	0	0	0	0	0	0	0	0.314221584169179	0	0.0012431376436019	0	0.00616325134209626	0.028445086760648	0	0.182401672864236
X75_SLC_SMT_NEG_15I	0.0245459580794683	0.00214304348053583	0	0.232463034929292	0	0	0	0.0103788485271154	0	0	0	0	0	0.104282573775038	0	0	0	0	0	0	0	0	0	0	0	0.0957642188729849	0	0	0	0.046512340626558	0	0	0	0	0	0	0	0	0	0	0	0	0	0.0252157058850351	0	0	0	0	0	0	0.00172295612927628	0	0	0	0	0	0	0	0	0	0	0	0	0	0	0	0	0.00022648837621289	0	0	0	0.000785608196038771	0.0533712757424969	0	0	0	0	0	0	0	0	0.167564024078032	0	0.0125375892218442	0.00776638359357072	0	0.00932040779867501	0	0.205399542687827
X74_SLC_SMT_NEG_91I	0.0916850763453217	0.00672681605271699	0.00247615412923913	0.138254150002109	0.000603045391877334	0.00383930935717048	0.000283857162086656	0.0115647550872592	0.00142650942570769	0.00174257772827868	0.00217383037090622	0	0.000154394236195861	0.00450885698149627	0.00626978887621149	0	0	0.0316684980077297	0.0319909748094547	0.0287316065182644	0.000971477878324694	0.0185935576088799	0.00224825890493984	0.0756151463528346	0.00422544953864849	0.0228367148425591	0.0405092474502254	0.0027737839430163	0.00213138811773751	0.0133052247566056	0.014206546433666	0.0279615747515027	0.01350414119745	0.0232814871698052	0.00284621684792741	0.000320677924769448	0.00459798571315057	0.000326074555635934	0.0154889770582195	0.000527492559746536	0.000599110348537188	0.000240993297131497	0.000248048267691329	0.00166828973150721	0.00755359676593404	0.00163166572099143	0.00225298095694801	0.000499553752031501	0.00274238791865242	0.000645740612117915	0.000519650580518674	3.80293831372656e-05	0.000218844624616962	8.38164231451042e-05	8.45753243607037e-05	0	0	0.000148013844494339	0.00108365472097128	0.022383707031751	0.00011526866241384	0	0	3.96315079257535e-06	0.00128847372682586	0.000236327460028181	0.000109394204856051	0.00436199554255155	0.00354668266992578	0.000762077357724081	0.000133988225731962	0.000153354260455965	0.000362136417103126	0	4.86258927032295e-06	0.000915262973465469	7.42879967714656e-05	3.69050850400811e-05	0.000581936695102695	0.000172945154799405	3.56964645856078e-05	0.168300988541913	4.01936569743457e-06	0.00886261704048595	0.000916752668444238	0.00147817092327332	0.0694234399794726	0.000418941578463373	0.0446852278725978
X73_SLC_SMT_NEG_197I	0.0258312742657168	0.00159324683290193	5.97541030497711e-05	0.177261624230152	0	0.00353300215846187	0.000595059439332802	0.000919037696414675	0.000643646382140485	0.00106238223870347	0.000343177936094587	0.000112977703033993	0	0.00394324836103965	0.00304863474609012	0	0.000330704675239389	0.0044681048924178	0.00311909887416739	0.00478052415907365	0.000374263130686599	0.00286728267595983	0.00051708523273015	0.0104402499458621	0.00455345856748452	0.00971320903957459	0.0250739971302357	0.000138838495173566	0.000728542921992618	0.00131504740230955	0.00710786484157391	0.0203401660680808	0.0030001131083131	0.0182210178233102	0.000680804944583457	0.000109516536409253	0.00145682462386262	0	0.00535226970246244	0	0	0	0	7.06600431692375e-05	0.00276344767721761	0	0.000374524350809221	0.000109908366593185	0.000228763522386173	0	0.000214200500549999	0	0	0	0	0	0	0	0.000380271193506904	0.0170157481775325	2.93872637949694e-06	0	0	2.8930128580381e-05	0.000627058904353991	0	0	0.00161871579485757	0.000251032537839694	0	0	0.000404172834726812	0.00780786946517008	0	0	8.43087945762344e-05	0	0	1.51507671120731e-05	0	0	0.553275713398685	2.35098110359755e-06	0.00110437337341495	0	0.00687159124066236	0.047093743281745	1.69793079704267e-05	0.0160014957464221
X72_SLC_SMT_NEG_137J	0	0	0	0	0	0	0	0	0	0	0	0	0	0	0	0	0	0	0	0	0	0	0	0	0	0	0	0	0	0	0	0	0	0	0	0	0	0	0	0	0	0	0	0	0	0	0	0	0	0	0	0	0	0	0	0	0	0	0	0	0	0	0	0	0	0	0	0	0	0	0	0	0	0	0	0	0	0	0	0	0	0	0	0	0	0	0	0	0
X71_SLC_SMT_NEG_101J	0.00722227931650205	0.0123016779380402	0.00561045565005929	0.139229121323847	0.000948152804830706	0.00815960159049955	0.000566316423344752	0.0110187413912322	0.000872098410535363	0.00189534289580957	0.00250534246018155	0	0.000436470392577861	0.0114574982292082	0.00298657904686996	0	0	0.00766717345528351	0.0116256121355857	0.0176738619097692	0.000814576257887936	0.00842145975819998	0.00236201843548891	0.286355986070493	0.00767367177378342	0.00201917196500246	0.031170628755637	0.00336456457294856	0.00163348472810915	0.00185165975478234	0.0184157532718432	0.0113653183778945	0.0104588029471559	0.0175851718961684	0.00765814801292251	0.000667882734713849	0.00225226905637917	0.00116921597305942	0.000888584885248119	0.00170929844394153	0.00127427212214143	0.000153191841674005	0.000283639568598296	0.00161170332721128	0.00183541395853254	7.90628750823421e-05	0.000417577133235506	5.3189940314148e-05	0	0.00236189809625743	0.00837296304791355	0.000295553152514813	9.98815621283774e-06	0.000291822636338934	0.00161964571648895	0	7.28052350453835e-05	7.77391435360624e-05	0.000823481361017454	0.0465031705777318	0.000304097237949891	0.000362341425986198	0	0	0.00453173477907281	0.00112420910048591	0.000228163182886028	0.00338321715382795	0.00290498904792654	0	0.00162289487573891	0.00125441614894724	0.0290258226329694	0	3.88695717680312e-05	0	0	0.000427805967911303	0.000120459570711453	0.000301209096394372	0	0.0651233802038595	0	0.0101756447354835	0.000375819419911955	0.00236262013164631	0.130250972280821	0.000125634157665092	0.0198045883423536
X70_SLC_SMT_NEG_17J	0.0364623522346805	0.00136968271073782	0	0.140780760276734	2.59129161490939e-05	5.51163613329933e-05	0	0.00520191508789826	0.000407202968057189	0.000207303329192751	0	0	0	0.00332137774450687	0.00264640797624238	0	0	0.0248040078643644	0.0106115448211186	0.0194836337312131	0	0.00579503294642196	0.00335181513807882	0.134641044413916	0.00522947326856475	0.0154379282829197	0.125259746135685	0.00791043179967259	0.00187272233693372	0.00333371722838739	0.0138638214558946	0.0212132180551328	0.00183693783368021	0.02965918345522	0.00213925518875297	0	0.00300754353781229	0.000727206916692031	0.0102364245111508	0.00113276462023182	0.000464787226166287	0.000334811329291467	0	0.00113523251700792	0.00541785605580737	0	0	0	0	0	0.00054951834881253	0	0	0	0	0	0	0	0.000577899161737728	0.0148879986179778	0	0	0	0	0.00117842071058975	0	0	0.000920936813616209	0.00612079532086771	0	0.00104803349758557	0.000250080206645223	0	0	0	0	0	0	0	0	0	0.245758096758006	0	0.00421557900971529	0.000552397561717985	0.00113564383313727	0.0114572107830636	0	0.0719692171008794
X69_SLC_SMT_NEG_141I	0	0	0.154390940227399	0.148970278842282	2.85945679369834e-05	0.00412096588107012	0.00987897077653255	0.00869935435999294	0.000262508992358192	0.00154428764687518	0.00017572990801779	0	0	0.0321107949018419	0	0	0	0.00430022486551052	0.00038304052556092	4.48826129643789e-05	3.61956556164346e-05	0	0.00484840806982142	0	0	0.00311563154632365	0	6.30709299116374e-05	0	0	0.0909939779477968	0.0335786192262274	0	0	0.00313300546101954	0.000126684794657521	0.00121472620248755	0.00142312268969917	0	0.000575148967745146	0.00217635428307717	0	0	0	0.000993751724949213	0	5.44744617027341e-05	0.000609263373163636	8.91318019554703e-05	0	0	0	0	0	0	9.91760963890309e-05	0	0	0.000137091045647246	0.00304604539840106	0.000142339415711629	0	0	0.000322050845847227	0.000307844051017777	0	0	0.00652969627320481	0	0	0	0.00746770668850471	0	0	0	0	0	0	0	0	0	0.198754236022821	0	0	0.00105926586161496	0.011168350518729	0.0336207871650205	0.000893399269752648	0.228509870102841
X68_SLC_SMT_NEG_18I	0.0291596180624211	0.00335006167201785	0.000486889857646964	0.341412315363185	0	0	0	0.00625047731735615	0	0	0	0	0	0.0202187970451833	0.000460107776951299	0.0027121041404469	0	0	0	0	0	0	0	0	0	0.00601257711617669	0	0	0	0.00436819920846397	0	0	0	0	0	0	0	0	0	0	0	0	0	0.00287112274457741	0	0	0	0.0001127776679294	0	0	0.000483123627549136	0	0	0	0.00077103099502753	0	0.00498460553447513	0	0	0	9.62481025000445e-06	0.000841752426864519	0	0	0	0	0	0.00187411794368021	0	0	0	0.00267758036455015	0.0419587325798781	3.70345959619736e-05	0	0	2.92929007608831e-05	0.000473289582293697	0	0	0	0.390776920960431	0	0.000817062696223204	0.00328875581542543	0	0.0301323516026878	0	0.103429675591586
X67_SLC_SMT_NEG_88I	0.0465312888461605	0.00209477568818783	0.000235135135775438	0.167447015228939	0.000352761931657055	0.000687873921132477	0.00016323235118315	0.00846131120828187	0.00106598543417792	0.00160472326667499	0.000479983662550163	8.2800735469537e-05	4.19334196798514e-05	0.00345476888407589	0.00385124107522974	0	0	0.0200400286473961	0.00712536457791644	0.0223489727615194	9.47647902369523e-06	0.00436474778232622	0.00283986385142587	0.154701743222008	0.00309335966530971	0.0186039867073429	0.0870228622425566	0.00529628567035547	0.00109832391884628	0.00405107632664191	0.0127153026420187	0.00652526654374094	0.00168136429077913	0.0168447968325817	0.00299504119543888	0	0.00322306897194654	0.000263919940809912	0.00589081627310454	0.00083795765767025	0.00101765539115707	0.000398722854921977	8.90789028227351e-05	0.000435325755150999	0.00530978965296423	0.000199124515485396	1.59915583524857e-05	8.29191914573332e-06	0	0.000555913950727521	0.000476903806867462	0	0	0	0	4.92776909232152e-05	0	0	0.0014987051575974	0.0164286609474536	0	0	0	0	0.00126475458169992	0	0	0.00170316019253362	0.00465330656859774	0	0.0017381047089335	0.000294836953624718	0.00123952345629934	0	0	0	0	0	3.07985568270095e-06	0	0	0.265647266023956	0	0.00233381987156054	0.000853949216022736	0.000529379809461174	0.00564111105083018	0	0.0694858086172941
X66_SLC_SMT_NEG_193J	0.00433384827736811	0.0105624736454573	0.00657666944377047	0.146298801414977	0.000324802274239418	0.00803743060440368	9.00524760337615e-05	0.0100944440866508	0.00118028812382218	0.00318922123820102	0.00167764239829741	0.000267774953362423	0.000420430754981153	0.00759631794105114	0.0041756671619933	5.96125594234188e-05	0	0.0152437070161321	0.00618743896967802	0.0146534362268413	0.000802412422953238	0.00737837219339724	0.00212215135542663	0.173557075084426	0.00337289990237683	0.00254970418914842	0.0448613150049045	0.00736597825565997	0.000678397009152733	0.00726634518971887	0.0354844266877419	0.0248241955415635	0.0292456377837987	0.0166800097924781	0.0045611211601699	0.00147371269884128	0.00224611607827524	2.35712926291579e-05	0.00119965206744441	0.00171614217625837	0.00223318988554313	0.000397670517582245	0.000541252638812546	0.00134254986082419	0.00250527356981626	0.000676597480360614	0.00261560242660628	0.00036322601577254	8.58958179787272e-05	0	0.00189974480400635	0.000515957853819106	0.000446207104017555	0.00037240107806475	0.00165374161448097	0.000231074704193584	0.00585161141340238	0.000418352425953636	0.000897153812036886	0.0284164605382472	0.000721611045639522	1.61957591290666e-05	0.000276721906371125	7.9838249227793e-06	0.00277342870531786	0.000356103937031902	0.00035671222845459	0.00337974318088207	0.000210443486774084	0.000291853155510488	0.0100037072827665	0.00201314046338576	0.0170776296191084	5.13245887892955e-05	0.000101559322112942	0.000100798957834582	0.000199595623069483	0.000604996510815054	0.000628111584877196	0.000520367966633593	0.000372274350685024	0.223753359321064	4.91448778579971e-05	0.00147024036863677	0.00195005557375783	0.000861746182141258	0.0620429624572926	0.000510052357923844	0.00945487634664632
X65_SLC_SMT_NEG_159J	0	0	0.0416371219225813	0	0	0	0	0	0	0	0	0	0	0.0656236418948283	0	0	0	0	0	0	0	0	0	0	0	0.154135882949442	0	0	0	0.0658142531469918	0	0	0	0	0	0	0	0	0	0	0	0	0	0	0	0	0	0	0	0	0	0	0	0	0	0	0	0	0	0	0	0	0	0	0	0.000838689509519126	0	0.00630542022156652	0.0205021462826994	0	0	0	0	0	0	0	0	0	0	0.00165450566877864	0	0.42540619257836	0	0.00166975456895171	0.00134952766531714	0	0.105164040043612	0	0.109898823547352
X64_SLC_SMT_NEG_103J	0.00697168861326961	0.00936887664919341	0.0148109586818693	0.151702170683568	0.00130813199158644	0.00557611522667964	0.000759715262324912	0.0103057279710558	0.000843885782203619	0.00216284800475891	0.000891858617367649	0	0	0.0132351237328448	0.00375111227925772	0.00111674945372751	0	0.00655643284464521	0.00209008920476013	0.00690103771057349	0.00157641643793558	0.0174346366486584	0.00121807389648305	0.255605226015291	0.00284609747527691	0.00108673008869305	0.00769447932974099	0.00458903780012278	0.000165578967429788	0.0010061211883947	0.0227429035456722	0.0249503081382426	0.00739973713793775	0.0283279591643597	0.0038945946680665	0.00134941770427306	0.0012712801318468	0.000245388320475402	7.54481862125199e-05	0.000377749733859794	0.000365683838954902	0	1.35923032964752e-05	0.000535623973217784	0.00118689155362643	1.13390337660435e-05	0.000399700940253032	0.00136104748249464	0.000332175540453965	0.000411912207385694	0.000853189604780885	0	0	0	0.000525375231160014	0	0	0.000493102596595121	0.000180188876320652	0.0354107848457593	7.14504499488508e-05	0	0.00348980569984153	0.000331666737656771	0.00883870413451699	0.000582361144445771	0.00135843078239478	0.00271439023691748	8.06815864122323e-06	0	0.000818518328457791	0	0.0163920270310935	0	0	0	0	0	0.000146389833364176	0	0	0.160522921347955	0.019520655431041	0.00333338518276124	0.00206443100655876	0.0104958021588648	0.0833344841968032	0	0.0216861928220137
X63_SLC_SMT_NEG_155J	0.0124113475177305	0	0	0.114827503305686	0	0	0	0	0	0	0	0	0	0	0	0	0	0	0	0	0	0	0	0	0	0	0	0	0	0	0	0	0	0	0	0	0	0	0	0	0	0	0	0	0	0	0	0	0	0	0	0	0	0	0	0	0	0	0	0	0	0	0	0	0	0	0	0	0	0	0	0	0	0	0	0	0	0	0	0	0	0.872761149176584	0	0	0	0	0	0	0
X61_SLC_SMT_NEG_137I	0	0	0.0499436169125691	0	0	0	0	0	0	0	0	0	0	0.140326088124946	0	0.00820912368624557	0.000289070980006312	0	0	0	0	0	0	0	0	0.0887320986773319	0	0	0	0.0569434862348725	0	0	0	0	0	0	0	0	0	0	0	0	0	0.00978269555321542	0	0	0	0.000565838311670062	3.53567999738904e-05	0	0	0	0	0	0	0	0	0	0	0	0.00072164135331325	0.0093645010216561	0	0	0	0	0	0.0142135631015917	0	0	0	0.0058078400660408	0	0.00116237098815262	0	0	0.00035007117336786	0	0	0.00167769958557427	0.00706074000357712	0.376099476680507	0.0022220388906668	0.00922398040637526	0.00613990905920218	0	0.042840526456276	0	0.168288265932868
X60_SLC_SMT_NEG_101I	0.014045444439919	0.0184423311048407	0.0156097388873482	0.279173637461921	0.0015207121145655	0.0124863383654498	0.000974376441881273	0.0249672289392916	0.0018244913513714	0.002462401806799	0.00474995544484721	0	0.000399504717917242	0.00997672236471512	0.00428378013439442	0	0	0.00398648636378848	0.00374003864819018	0.0105155348966074	0	0.00367103328782266	0.000933647714145554	0.112005817203763	0.00423656594045875	0.00154250328099735	0.0103297911446407	0.00230104340774411	0	0.00496916420240569	0.0279860837460468	0.00908587872748927	0.00914087548086489	0.0226931650709393	0.00752469730383605	1.97158172478639e-05	0.00519174540238816	0.000120370252671169	0.000338281916989664	0.000420517628405097	0.000287176443334017	0.000202865382734599	0.000259418647998209	5.00677990636543e-05	0.00279160407110873	9.20936200393642e-05	0.000957773648409388	0.000197417591126637	8.30139673594269e-05	0.00277603895222883	0.00649999364424312	0	0	0	0.00134093499150274	0	0	7.73067571034663e-05	0.000408324951949181	0.0402420583520742	0.000199752358958621	0	0	0	0.00183460867864333	0.0015360178147974	6.92647790155218e-05	0.00477408137911104	0.00148050222412578	0	0.00195108765159453	0.000806532576626432	0.0352422827492047	0	0	0	0	0.000229066666182419	0.000249041902078281	0.000154094676910936	0	0.178983561418532	0	0.00859064852846069	0	0	0.0335008053651927	0	0.0424629413975868
X59_SLC_SMT_NEG_17I	0.0338836299094343	0.00106153005961862	0	0.153709097528785	0	0	0	0.00433258999681427	0	0	0	0	0	0.00207072316024212	0.00247121467255268	0	0	0.0163507486460656	0.00273403722750649	0.0102705593228053	0	0.00176239020616211	0.000798707504664816	0.143768488599645	0.00128566877531516	0.0170880171119101	0.0824022664178765	0.00148363901151413	0	0.00242684203340463	0.00819642288262868	0.0128828562326492	0	0.0143187093250808	0.00117985709734674	0	0.000417557911982888	0	0.00696309106630865	0	0	0	0	0	0.00249738315205024	0	0	0	0	0	0	0	0	0	0	0	0	0	0	0.0140831930096027	0	0	0	0	0	0	0	0.000184317116461111	0.00241318891366677	0	0	0	0.00489919446593547	0	0	0	0	0	0	0	0	0.388904564693032	0	0.00116506621763073	0	0.000587084148727984	0.00972898557320348	0	0.0536783780093751
X58_SLC_SMT_NEG_192J	0	0	0	0	0	0	0	0	0	0	0	0	0	0	0	0	0	0	0	0	0	0	0	0	0	0	0	0	0	0	0	0	0	0	0	0	0	0	0	0	0	0	0	0	0	0	0	0	0	0	0	0	0	0	0	0	0	0	0	0	0	0	0	0	0	0	0	0	0	0	0	0	0	0	0	0	0	0	0	0	0	0	0	0	0	0	0	0	0
X57_SLC_SMT_NEG_158J	0	0	0	0	0	0	0	0	0	0	0	0	0	0	0	0	0	0	0	0	0	0	0	0	0	0	0	0	0	0	0	0	0	0	0	0	0	0	0	0	0	0	0	0	0	0	0	0	0	0	0	0	0	0	0	0	0	0	0	0	0	0	0	0	0	0	0	0	0	0	0	0	0	0	0	0	0	0	0	0	0	1	0	0	0	0	0	0	0
X56_SLC_SMT_NEG_110J	0.00973466284185044	0.0093916201225072	0.0105884384827524	0.158875193308315	0.000844968382382277	0.00613337483313548	0.000507386163321274	0.0116531479652018	0.00111138795260391	0.00162009520470315	0.00202426029817326	0	0	0.00962510054586508	0.00258484230295366	0	0	0.0207212774822796	0.00443172441453969	0.0187697651394792	0.000849548156812533	0.0092164437505499	0.00163867852017976	0.26839653554156	0.0065085640460757	0.00297077637128795	0.0247744659256415	0.00301287506701223	0.00126437003309151	0.00203324370186338	0.0262216746456025	0.015985966866565	0.00700749524121804	0.0139381911881441	0.00514749031443762	0.00044538306334242	0.00101873559297642	0.000375981866206998	0.000786047822885327	0.000529404309620582	0.000985708373527459	5.25793333627496e-05	6.3588406512404e-05	0.000425919022013831	0.00274663164196099	0.000219300737141116	0.0011085696298776	0.000166192968267183	0	0.000304290781856449	0.000900542183641733	0	0	0	0.000643458307451002	0	0	4.94087202956491e-05	0.000297949555722248	0.0407716180105266	0	0	7.26598827877193e-05	0	0.00794960768507287	0.000503863259913384	0.000127352958195203	0.00268594963076009	0	0	0.000394477109098418	8.87771658788134e-05	0.00841242912028434	0	0	0	0	0	2.23704366400978e-05	0	0	0.187066170958928	0.00146103611583694	0.00388426522495368	0.001758457236048	0.00537885699575076	0.0395946159819508	0	0.0311242351006066
X55_SLC_SMT_NEG_153J	0.0292303962640382	0.00176795327252582	0.000236745860191856	0.161038097192968	0.000163948235974574	0.000389636229196716	2.76446674242841e-05	0.0044031811947457	0.000537765572145172	0.000798930888561811	0.000205108074139619	0.000127242260894552	4.929965690664e-05	0.00302094782353149	0.0032020971859034	0	0	0.0195946938518183	0.006542033755214	0.0223683754833881	0.000581997040024026	0.0041026990179923	0.00220136022514431	0.215060461575333	0.00413072763913081	0.00885481734822674	0.105536973475633	0.00468561754693047	0.00227984036433214	0.0023787468411168	0.0146492932218424	0.0174421725391235	0.00171673384704804	0.0391803263959808	0.00225695672296426	0.000105510480669351	0.00215697517577977	0.000587449182766038	0.00545728772178222	0.00146424588457292	0.000913656258372591	0.00075723351519685	0.000156345952432896	0.000584531134537919	0.00473860315949368	4.4999375307307e-05	6.32755721044726e-05	2.28068506250344e-05	5.03747273064733e-05	0	0.000526170169975541	0	0	0	0	0	0	0	0.000884706148319938	0.0228222855643463	0.000142753990949289	0	7.90944651305907e-05	0	0.00277475670196967	0	0	0.00186133081582562	0.00457173687529099	0	0.00069987083029146	0.000210483426138786	0.000280055839156567	0	0	0	0	0	0	0	0	0.18134917188479	0	0.00186340416588244	0.00128378763888662	0.0018222443277174	0.010465272807177	0	0.0724967580868139
X54_SLC_SMT_NEG_193I	0.00345621430783011	0.00745303409774355	0.00603676669352332	0.114849237417983	0.00030222774413229	0.00763235961690522	0.000107555877628029	0.0105110977751608	0.00115038454265946	0.00291554310263184	0.00152763522251579	0.000269859110015697	0.000593611174296584	0.00683934451182743	0.00400082889992584	0.00033091588381126	0	0.0197573870645211	0.00816895598897613	0.00594399851676074	0.000184024721881138	0.00564436683566928	0.00154229147715133	0.179146949458333	0.00399294212613094	0.00388581344875013	0.0307595350930873	0.00917474967872898	9.54299629183613e-05	0.0107327818419126	0.0425668570029984	0.0298330034799732	0.0265471434861131	0.0236115219718617	0.00256530462302306	0.000682928887523893	0.00273763063044175	3.19742954268476e-05	0.00217004580966836	0.00107289699012451	0.00296283088384379	0.000957552923374012	0.00102478766997558	0.000787461501863875	0.00193955484551223	0.000339295580968347	0.00178066921510236	0.000512377404209053	0.000126977058097985	0	0.00361641440053914	0.000838659808415805	0.000567091897411213	0.000385203176766195	0.00337898964775499	3.41431582204468e-05	0.0113163373796207	0.000783090914719198	0.00101519209519178	0.0278888151548565	0.000372255723119558	4.08469159461168e-05	0.000136211155749521	6.32913597041198e-05	0.00223803637209194	0.000799455970343627	0.000677473868982416	0.00296992898025921	0.000410999499387033	0.00100250753400498	0.0164253237208458	0.0023909083374832	0.0395285759831833	0.000183170321386689	0.000126779888753112	0.000156125259581658	0.000294735309027129	0.00058003935105785	0.00083208749692005	0.000728277836844602	0.000297429956740389	0.232116263927467	0.000296542694688462	0.00133207609395961	0.000969350222508892	0.000404098572316491	0.0465231913540979	0.000675535037091169	0.00834788716944806
X53_SLC_SMT_NEG_159I	0	0	0.12460343372492	0	0	0	0	0	0	0	0	0	0	0.000486659972525272	0	0.000862435394348584	0	0	0	0	0	0	0	0	0	0.0181419445454041	0	0	0	0.000227929354220697	0	0	0	0	0	0	0	0	0	0	0	0	0	0	0	0	0.000400416433090414	0	0	0	0	0	0	0	0	0	0	0	0	0	0	0	0	0	0	0	0	0.00082547387744793	0	0	0	0	0	0	0	0	0	0	0	0	0	0.655777393104213	0.000443538202807843	0	0.00258114593022898	0	0.0183329123827242	0	0.177316717078069
X52_SLC_SMT_NEG_103I	0.0196861563527792	0.0219223593004898	0.016217664027298	0.192314363165544	0.00198164907649048	0.0167329372595712	0.000779833390271463	0.0154579442841866	0.00205042966388984	0.00231175546656586	0.00371773983250082	0	7.04483018623822e-05	0.0025378571183107	0.00559705188512378	1.86480799047482e-05	0	7.18633323158591e-05	0	0	0	0	0	0.025593352591224	0	8.91974553709502e-05	0	0.000209070749501202	0	4.00756839145402e-05	0.0195852343593652	0.000955802534521689	0.00274465371172595	0.00453785105389447	0.00219991752393928	0	0.000112141163438039	0	0.000131041927352337	0	0.000281035155420881	8.10104934615486e-05	2.36006864919171e-05	0	4.85153298334913e-06	0.000327781697187526	0.00184631152097581	0.000441034670267582	0.000157219990741658	0.000314490518285226	0.000612910333563107	0	0	3.96713894992612e-05	0.000645304423587345	0	0	8.3486796755133e-05	0	0.00908965026511606	0.000180567993224026	0	0.000597344998574862	0	0.00131764603619648	0.000536498689075358	0.000126038783963258	0.00174003262655931	1.6525534224533e-05	0	0.00012492697432124	0	0.0184490154420252	0	5.10421699289857e-06	3.82058222438744e-05	0	0	0.000248539991792823	1.12191700239949e-05	0	0.210295104601073	5.66012181390732e-06	0.000130486022531328	0.00111271930445189	7.43396356094435e-05	0.369990590047484	0	0.0233840352221295
X51_SLC_SMT_NEG_155I	0	0	0	0.00148285819254215	0	0	0	0	0	0	0	0	0	0	0	0	0.0112128682832924	0	0	0	0	0	0	0	0	0	0	0	0	0	0	0	0	0	0	0	0	0	0	0	0	0	0	0	0	0	0	0.00276789113294023	0	0	0	0	0	0	0	0	0	0	0	0	0	0	0	0	0	0	0	0	0	0	0	0	0.0557551355601696	0	0	0	0	0	0	0	0	0.927220255975902	0.00156099085515368	0	0	0	0	0	0
X50_SLC_SMT_NEG_191J	0.0350449439179958	0.00636213448493188	0.0178147224117934	0.244877412682253	0.00022164294229452	0.00578596228216402	1.95165125856644e-05	0.00792830354268212	0.000970728960391424	0.00172851660830359	0.00220996535508244	0.00124967835046933	0	0.0043342818109832	0.0040451390831217	0	0	0.00230903962597909	0.000373424228072204	0.00456823134401645	0.000137361442083817	0.00768639823381777	0.00105724802255462	0.0448929513069226	0.00137523043780386	0.000465288577121924	0.0328455448276891	0.00186736975835574	0.000248120758732396	0.00348525135900811	0.01487941405711	0.0153979068851024	0.00786590042600693	0.0125748495550359	0.000565357319997464	0.000280814025038318	0.000412332944246172	0	0	0	0	3.35634292874484e-05	1.23065907387311e-05	6.31489706593474e-05	0.000326684045064498	0.00144409762234181	0.00367183916404685	0.00121275857825314	0.00127988543682803	0	0.000270869305249445	1.31767537202575e-05	0	0	0	2.31214735091311e-05	3.18231033243955e-05	0	6.66296225854531e-05	0.0119458460283897	0.000145565835909637	0	0.00261658008545	0	0.00125999599725029	0	0.000756544557938559	0.00249811361096505	0.000853256957885355	0	0.00188017358508391	0.000205607081634962	0.00490684905282759	0	0	0	0	4.0400424142299e-05	0	0.000185220406067771	0	0.432657589623679	0.000465537195116645	0.000161477387571835	0.00223482715455462	0.000443658811581123	0.042270280080602	0	0.000141587947994088
X49_SLC_SMT_NEG_156J	0	0	0	0	0	0	0	0	0	0	0	0	0	0	0	0	0	0	0	0	0	0	0	0	0	0	0	0	0	0	0	0	0	0	0	0	0	0	0	0	0	0	0	0	0	0	0	0	0	0	0	0	0	0	0	0	0	0	0	0	0	0	0	0	0	0	0	0	0	0	0	0	0	0	0	0	0	0	0	0	0	0	0	0	0	0	0	0	0
X48_SLC_SMT_NEG_144J	0	0	0	0	0	0	0	0	0	0	0	0	0	0	0	0	0	0	0	0	0	0	0	0	0	0	0	0	0	0	0	0	0	0	0	0	0	0	0	0	0	0	0	0	0	0	0	0	0	0	0	0	0	0	0	0	0	0	0	0	0	0	0	0	0	0	0	0	0	0	0	0	0	0	0	0	0	0	0	0	0	0	0	0	0	0	0	0	0
X47_SLC_SMT_NEG_160J	0.0201896298361736	0.000899465604997431	0	0.055321632035367	0	0.00303682074887258	0.000645366571585657	0	0.0004902087547236	0.000140541500780849	0	0	0	0.00285692762787309	0.00651325531218765	0	0	0.037809036706067	0.0183153683817602	0.024250717042737	0	0.00595558663708924	0.00634010818322564	0.0732468572109595	0.0246071302887172	0.0412337519970947	0.157672947560031	0.0014537612840771	0.00130310079524003	0.000876978964872495	0.00865061045606279	0.0227002632061227	0.00663018584083731	0.0379304645627417	0.00284455997580438	0	0.00900140204201179	0.000991660829509668	0.0547043737639375	0	0.0010861047180344	0	0	0.00279846236354826	0.0139282248933852	0	0	0	0	0	0.00030806696971162	0	0	0	0	0	0	0	0	0.0232219532570212	0	0	0	4.04759522248844e-05	0.000400262194223857	0	0	0	0	0	0	0	0.0127892765710572	0	0	0	0	0	0	0	0	0.0572060124778366	0	0.00106024508189072	0	0.00257809329032389	0.0368735924768697	0	0.221096516032412
X46_SLC_SMT_NEG_192I	0.0243680694597099	0.00518301694069694	0.00530804053434841	0.0832669271931778	0	0.00703105986627331	0	0.00784674777825184	0.000935856220439658	0.000949208254713116	0.00144384043347986	0.000680346837297572	0	0.0136130058524394	0.0028142446784557	0	0	0.0495281573160955	0.0031444040713994	0.00995879683605341	0	0.00550407267390873	0	0.125516405098292	0.00276022963071308	0.00255266618882568	0.0372327544821869	0.00650183378052533	0	0.0129423695855225	0.0730210616202451	0.0369074503744335	0.0283148094088144	0.0414762737385514	0.00408268793443423	0.000353221997597848	0.00485649901164601	0	0.00980706917385502	0.000583848044139398	0.000980767608450381	0.000155976036739943	0	0.00304001543980691	0.00141895709687933	0.00107423184836459	0.00293926827210718	0.000421802900911519	0	0	0	0	0	0	0.000109850827431633	0	0	0	0.000233053689136724	0.0337308800386481	0	0	0	0	0.00427629243139937	0	0	0.00284701785349056	0.00678465414286313	0	0.000388422815227874	0	0	0	0	0	0	0	0	0	0	0.297213248373935	0	0.00267465522923319	0.00391335986342083	0.00179099332458977	0.0204170811360639	0	0.00710449605477733
X45_SLC_SMT_NEG_158I	0	0	0.0315801458095249	0	0	0	0	0	0	0	0	0	0	0.0215288844424585	0	0.0054573122909969	0.000115060173999542	0	0	0	0	0	0	0	0	0.00780075026922433	0	0	0	0.000361437233933645	0	0	0	0	0	0	0	0	0	0	0	0	0	0	0	0	0	0.000291851916292872	8.83684104846126e-05	0	0	0	0	0	0	0	0	0	0	0	0.000151802539825649	0.00426436621011668	0	0	0	0	0	0.00957498364442968	0	0	0	0.00186540277321931	0	0.000224079002347557	0	0	0.000266368421908248	0	0	2.48793598194714e-05	0.00197370762435396	0.655981393534134	0.000388897895986042	0.00154812228386592	0.0040148037133845	0	0.0816886044403671	0	0.170808778009326
X44_SLC_SMT_NEG_110I	0.0393397117492412	0.0152366173079341	0.0130434001939752	0.10684005510245	0.00140286346917876	0.0172865713443634	0.000680246279490494	0.0128567528511458	0.00222482112619916	0.00281497380366226	0.00365476017700654	0	0.000212456230580593	0.00159761765282321	0.00530969572778039	6.17513265214126e-06	0	0.00192198628746877	0.000172650375484483	0.000167963608138242	0	0.000107098967330983	0	0.0531129809553526	0.000420289028508814	0.00139288825489453	0.000431942612180547	0.000428807544834076	0	0.00118803218757811	0.00554932254203041	0.00106433953045368	0.00434365164221003	0.0190676696053226	0.00365488684639427	0	0.000273352538734786	0	0.000480900330540601	0	0.00147462167733133	0.000262933981593481	0.000195197526501532	0.000577897414199619	0.000147443167324973	0.00124370338348818	0.00559425850732983	0.000702603426425939	0.000894602550887131	0.000378646467290528	0.000880447246807607	3.36623897909034e-05	3.08756632607063e-05	5.82679183586662e-06	0.000582299175423453	0	0	0.000348720824437844	1.97920918337861e-05	0.0518081595922816	0.000108238991820609	0	0.000258753891798186	4.59493204013178e-05	0.00253544613227533	0.000435331018302491	0.000231076630577819	0.00253389443227556	0.000154156644874993	0	0.000220056393844767	0.000313506734647171	0.0117406688758019	0	0.000121412608145177	0.00118084369982408	7.29298999891349e-05	2.81522714243773e-05	0.00100106817127943	9.31970020269319e-05	1.73853734667977e-05	0.208797131977057	0.000222083104048547	0.000416425612182859	0.00265717541388985	0.000354927624436919	0.31466480952455	0.000264834022409525	0.070063371744664
X43_SLC_SMT_NEG_153I	0.0302974138556819	0.00114307273411874	0.000210419657117775	0.231526860465182	0.00014414500704887	0.000277825595665808	0	0.00361248693597492	0.000648134024500315	0.000707432395614598	0.000187605339455364	1.2444173270406e-05	0	0.000181571800900015	0.00192658427995468	0	0	0.00194543908794014	0	0.000515207628202796	0	0	0	0.0572443283323469	0	0.00190706955368973	0.00438242302006133	1.58380387077895e-05	0	2.1023110903792e-05	0.00195448939577317	0.00705490350392095	9.88934678837571e-05	0.00500444313550177	0.000836493556275097	0	0.000203443378163153	0	0.000223335200587818	0	0	4.79854863230051e-05	0	0	7.88130973792383e-05	0.000157437646678622	0.000301488379687565	1.77235195063359e-05	5.89212749545741e-05	0	1.83834377858271e-05	0	0	0	0	0	0	0	0	0.00316534516459965	0	0	1.98918224246642e-05	0	0	0	0	0.0011080970653057	0.000103512895840196	0	0.000129343982780281	0.00010511555451896	0.00247742749525	0	0	0	0	0	0	0	0	0.615621076432301	0	0	0.00179233804709818	0.00319966091513319	0.00365368469142316	0	0.0156604264165664
X42_SLC_SMT_NEG_109J	0.0282726672693925	0.00525007922559203	0.0158493199020898	0.176421601591103	0.000267726602912564	0.00991147412357351	0.000290780026280172	0.0108134438796741	0.00118734264029141	0.00212690664781084	0.00288748694522265	0.00114229530112776	0.000129552201682308	0.00223618206665793	0.00424975793905464	0	0	0.00050593313279656	0.000773732805196819	0.000608011207105745	0	0.00541086863326373	0.000927288333586763	0.0406165150340836	0.000475682364891046	0.000486496649069829	0.0139978486881433	0.00103857316334545	0	0.00263682206768675	0.0183538861970496	0.004624677480415	0.00980680208245117	0.00373772350403559	0.000340211534705486	8.24954516070647e-05	3.64616743595441e-05	0	9.45519170766535e-05	5.85651943871235e-05	0	0.000271818494223455	6.08668832494995e-05	0	0.000237841182445523	0.00470256955429731	0.0101834387567724	0.00100229416270514	0.00123622612755901	0	0.000757876726367117	0.000117970687882733	0.000308608981277624	0	0.0015816986653785	0.000142047084078064	0.000101749261614559	0	0	0.0153296497056067	0.000404804961827404	0	0.00303337017740468	5.2975378578496e-06	0.000419163116159368	0.00049270755552386	0.00173404854722149	0.00385901885360842	0.00579598136815747	8.79025936964561e-05	0.00337599300520408	0.00160062366269137	0.000139489652008757	0.000169996163121201	0.000186436797852459	0	4.14669342666158e-05	2.29072843922186e-05	0.000253733796019072	0.00027572771181511	9.46615213081952e-05	0.513758363442225	4.02247529758097e-05	2.79125442992903e-05	0.000218258559743403	0	0.0605002570949925	0.000197762568445102	0.00157947004600382
X41_SLC_SMT_NEG_75J	0	0	0	0	0	0	0	0	0	0	0	0	0	0	0	0	0	0	0	0	0	0	0	0	0	0	0	0	0	0	0	0	0	0	0	0	0	0	0	0	0	0	0	0	0	0	0	0	0	0	0	0	0	0	0	0	0	0	0	0	0	0	0	0	0	0	0	0	0	0	0	0	0	0	0	0	0	0	0	0	0	0	0	0	0	0	0	0	0
X40_SLC_SMT_NEG_90J	0	0	0	0	0	0	0	0	0	0	0	0	0	0	0	0	0	0	0	0	0	0	0	0	0	0	0	0	0	0	0	0	0	0	0	0	0	0	0	0	0	0	0	0	0	0	0	0	0	0	0	0	0	0	0	0	0	0	0	0	0	0	0	0	0	0	0	0	0	0	0	0	0	0	0	0	0	0	0	0	0	0	0	0	0	0	0	0	0
X39_SLC_SMT_NEG_152J	0.000180852531024666	0	0	0.0333085257439458	0	0	0	0	0	0	0	0	0	0	0	0	0	0	0	0	0	0	0	0	0	0	0	0	0	0	0	0.00921610619730014	0	0.000751600566584524	0	0	0	0	0	0	0	0	0	0	0	0	0	0	0	0	0	0	0	0	0	0	0	0	0	0	0	0	0	0	0	0	0	0	0	0	0	0	0	0	0	0	0	0	0	0	0	0.956542914961145	0	0	0	0	0	0	0
X38_SLC_SMT_NEG_191I	0.037096251856445	0.00854016485125348	0.0157916565574174	0.211266233950123	0.000393149836088567	0.0110201216001668	0.000243727112018832	0.0134292579639894	0.00163126330443588	0.00285164865297832	0.00333947125353141	0.0016817769341137	0.000202054518711248	0.00564481753413273	0.00468151294629333	0	0	0.00363361990109919	0.00157826313327895	0.00643318932420914	0.000100750976969054	0.00362500910005111	0.000205415954414511	0.0846366225841235	0.00168384905201297	0.000908784863556332	0.0322574421380647	0.00294475581725228	0.000108717119115145	0.00361022799236963	0.022088132147339	0.00917764041119844	0.0105503494488696	0.0131861755108726	0.00104987306896455	0.000220749626869125	0.000971823294758633	0	0.000580285105925055	0.000273335374446209	0.000386841388261894	0.000137220251996244	0.00010406636560789	7.05901497685375e-05	0.000441453206673822	0.00151177117224452	0.00279961547017437	0.000841049631782347	0.000423356710353512	0	0.00103329612577037	0.000194042329500729	0.000144035217531628	1.7589978611599e-05	0.000113920437395539	9.35676349182441e-05	0.000450662619559476	6.87482671914067e-05	3.55943808030525e-05	0.0254646712877352	0.000566655174854288	0	0.0013980349231067	0	0.00193287157644105	1.15117661070674e-05	0.000575542258288944	0.00412922445554066	0.00103559847899179	4.64614880081242e-05	0.00275485772355009	0.000710966674772485	0.00584360271126957	1.16959543647805e-05	1.47811076814746e-05	2.08132731215779e-05	6.04597955943182e-05	0.000200811247971684	0.000220335203289271	0.000774880000198923	0.000243681064954403	0.371634943846296	4.78889470054005e-06	0.000404615555131206	0.00115426176402344	2.01225671551539e-05	0.052840019466857	0.00043537499416929	0.000982874590221418
X37_SLC_SMT_NEG_156I	0	0	0.0342620332418516	0	0	0	0	0	0	0	0	0	0	0.0137607102247579	0	0.015052460922612	0.0015005231514469	0	0	0	0	0	0	0	0	0.0239977504026043	0	0	0	0.00270190473036823	0	0	0	0	0	0	0	0	0	0	0	0	0	0.00107809699258168	0	0	0.00947701609876382	0.00376891996238006	0.0014833068448473	0	0	0	0	0	0.00113693586417878	0	0	0	0	0	5.98283145051143e-05	0.000340500286080926	0	0	0	0.000600393956588258	0.000105474613995235	0.0034643034724301	0.00021068537654833	0	0	0.000216490108275397	0	0.000611541680018649	0	0	0.000652900393574004	0	0	0.000147888733319147	0.00166886037153185	0.810681115347539	0.00293501747949841	0.000359365664193895	0.0157721816939078	0	0.00454286220503553	0	0.0494109318665656
X36_SLC_SMT_NEG_144I	0.130826581647466	0.00716746919971295	0.00473412326688469	0.250758434814048	0.000345116600108465	0.00500583411395421	0	0.0172196749330309	0.000883060252975946	0.000662842993859116	0.00184829112502534	0	0	0.00162150021638263	0.00732414118007965	0	0	0.003890504911064	0	0	0	0.00438024180074173	0	0.0507639128553194	0	0.00757393986206292	0.00932910428547169	0	0	0.00198962458983166	0.0232060784345949	0.0130541723501345	0.00363194136304623	0.0292023424104477	0	0	0	0	0.00426848975880184	0	0	0	0	0	0	0.00114600623401097	0.00256043649032852	0	0	0	0.000628879137975426	0	0	0	0	0	0	0	0	0.00337885585630002	0	0	0	0	0	0	0	0.00255495844905696	0.011510460319808	0.000413044311875846	0	0	0	0	0	0	0	0	0	0	0	0.304011569623166	0	0	0	0	0.0873835231474634	0	0.00672484346497066
X35_SLC_SMT_NEG_160I	0.0721305534554233	0.00291596599461388	0.000101623591006319	0.128180932643434	0	0.00901911183592773	0.00286961519186367	0.00394736202639036	0.00232167471615936	0.003684634941005	0.000197371728142895	1.66833875313729e-05	0	0.00350496211093887	0.00915468249373702	0	0.000666972818917279	0.0174835373046711	0.00617981688749064	0.017609025393494	0.000144710252717778	0.00409577163895205	0.00361884436495737	0.0825928508492823	0.0095009715897143	0.0216329859295936	0.0754770233848142	0.00224369801356708	0.00062388615720582	0.000944714953080874	0.0130435075908325	0.013862806991558	0.00533201065502679	0.0341019321611392	0.00327139468549965	0.000475186398774018	0.00355167559602671	0.000236251274737746	0.0360652041912441	0.000430576471244477	0.00142824304562058	0	0	0.00202304207934779	0.00500675713463254	0	0.000266716591099384	0.000168574750534394	0	0	0.00060742037907703	0.000158564718015571	0	0	7.79767025922865e-05	2.05278203103415e-05	0	0	0.000604011165103228	0.0308084863895111	3.5325259685994e-05	1.68284604664283e-05	0	0.000159580228560958	0.00236577688841621	0	0	0.000696132478863417	0	0	0.0001044525132399	0.000233857571309332	0.00599194743659388	0	0	0.000138181970640284	0	0	0	0	0	0.151833116219597	0	0.00156279819288448	0	0.00111292702127763	0.039390783617987	0.000331346583666572	0.163626095110251
X34_SLC_SMT_NEG_143J	0	0	0	0	0	0	0	0	0	0	0	0	0	0	0	0	0	0	0	0	0	0	0	0	0	0	0	0	0	0	0	0	0	0	0	0	0	0	0	0	0	0	0	0	0	0	0	0	0	0	0	0	0	0	0	0	0	0	0	0	0	0	0	0	0	0	0	0	0	0	0	0	0	0	0	0	0	0	0	0	0	0	0	0	0	0	0	0	0
X33_SLC_SMT_NEG_16J	0	0	0	0	0	0	0	0	0	0	0	0	0	0	0	0	0	0	0	0	0	0	0	0	0	0	0	0	0	0	0	0	0	0	0	0	0	0	0	0	0	0	0	0	0	0	0	0	0	0	0	0	0	0	0	0	0	0	0	0	0	0	0	0	0	0	0	0	0	0	0	0	0	0	0	0	0	0	0	0	0	0	0	0	0	0	0	0	0
X32_SLC_SMT_NEG_89J	0	0	0	0.248213889992839	0	0	0	0.00219589428206711	0	0	0	0	0	0.00220413575351773	0	0	0	0	0	0	0	0	0	0.171599339949709	0	0	0.00130856252254958	0	0	0	0.0187411060787262	0.0326206597206324	0	0.012693697472066	0.00052653845379007	0	0	0	0	0	0	0	0	0	0	0	0.000158419395662056	0.00404198388700759	0.00281583607896429	0	0.000396506348680174	0	0	0	0	0	0	0	0	0	0	0	0	6.50160525549477e-05	0	0	0	0	0.00899693966693467	0	0.000937696307271359	0	0	0	6.22688954047387e-05	0	0	0	0	0	0	0.465378494154965	0.00909675304339226	0	0	0	0.0179462619432657	0	0
X31_SLC_SMT_NEG_194J	0	0	0	0	0	0	0	0	0	0	0	0	0	0	0	0	0	0	0	0	0	0	0	0	0	0	0	0	0	0	0	0	0	0	0	0	0	0	0	0	0	0	0	0	0	0	0	0	0	0	0	0	0	0	0	0	0	0	0	0	0	0	0	0	0	0	0	0	0	0	0	0	0	0	0	0	0	0	0	0	0	0	0	0	0	0	0	0	0
X30_SLC_SMT_NEG_109I	0.0337311999847067	0.0112724082800652	0.012373648451395	0.190721070303762	0.00066755694596307	0.0166089998471686	0.000659930628987102	0.0211669952931388	0.00197704641284996	0.00349763233363164	0.00419081370463396	0.00202321105161115	0.000172354763656878	0.00279041853939354	0.00657327512792638	0	0	0.00482237443447046	0.000172151395204185	0.00133165662823037	0	0.00154519350355747	9.98539102720084e-05	0.0559340524916347	0.000216078980985761	0.000412736274739391	0.00645837195215513	0.00271079979016443	0	0.00462622556184857	0.0443911641694885	0.0038854559729162	0.0143378826517253	0.023901487508042	0.000596886408652433	0	0.000140832653489543	0	0.000828523076269169	0.000174591816636495	0.00022370529796173	0.000308306574281802	3.40642158259906e-05	0	8.4092855188341e-05	0.00153309308062227	0.00379394016920459	0.000511268290068898	0.000856486238514385	0	0.000428700698275751	9.96505418193159e-06	0.000204792031861329	4.34191646498448e-05	0.00120302608190237	0	0.000159339182684559	0	0	0.0283935915753398	6.75183262939038e-05	0	0.000596377987520702	0	0.00144106885577892	0.000442936489964224	0.000552653770191818	0.00487118286311666	0.00597852408802722	0	0.00210771064370488	0.00134446884074999	0	0	0.000361385740434539	0.000380095638082248	0.000217807612833648	0	0.000777680963096049	0.000457375650105391	7.42294852327557e-06	0.387487877969167	0	5.9586956638897e-05	0.000867163082280741	0	0.0750034038794769	0.00151824718357572	0.0026588391505015
X29_SLC_SMT_NEG_75I	0.0487516869095816	0	0	0.507085020242915	0	0	0	0	0	0	0	0	0	0	0	0	0	0	0	0	0	0	0	0	0	0	0	0	0	0	0	0	0	0	0	0	0	0	0	0	0	0	0	0	0	0	0	0	0	0	0	0	0	0	0	0	0	0	0	0	0	0	0	0	0	0	0	0	0	0	0	0	0	0	0	0	0	0	0	0	0	0.444163292847503	0	0	0	0	0	0	0
X28_SLC_SMT_NEG_90I	0.100967263629296	0.00708549893852197	0.00418452240379514	0.340021887307304	0.000611391297320966	0.00341464545255798	0	0.0197085993814675	0.000862587926650584	0.000863840777669685	0.00134681484553287	0	0	4.82347642353631e-05	0.00750019262584419	0	0	0.000377108156749202	0	0	0	0	0	0.0229835519453957	0	0.000557518703499651	0.00139880816282553	0	0	0	0.0131906419545979	0.0169498214374085	0.00236225059651369	0.0176558029866715	9.9601656018477e-05	0	0	0	0.000726027165568647	0	0	0	0	0	0	0.000984740901012867	0.00349044293921355	0	0.000914581243943248	0	4.94876152544634e-05	0	0	0	0	0	0	0	0	0.00138001539753902	0	0	0	0	0	0	0	0.000973465241840964	0.00218747787934919	0	0	0	0	0	0	0	0	0	0	0	0	0.390511783377047	0.000400912326112109	0	0	0	0.0317691697168369	0	0.0044213112464051
X27_SLC_SMT_NEG_152I	0.0100056757742114	0.000457989452047651	0	0.1170301689795	0	0.000770131291535403	0.000270660218971472	0.000549557922868163	0.00011429510333741	9.46575276674686e-05	0	4.70713424298212e-06	0	8.5316808154051e-06	0.00112750574913931	0	0.000159159976590833	0	0	0	0	0	0	2.78750605951598e-05	0	0	1.05910520467098e-05	0	0	0	0.00158564229913206	0.00506362611291547	0	0.00498375192872987	0	0	0	0	4.31732468848517e-05	0	0	0	0	0	4.92778116062191e-06	0	0.000166367775900399	0.000152687667006733	0.000126062938944865	0	0	0	0	0	0	0	0	0	0	4.83216749631133e-05	0	0	0	0	0	0	0	0.000257862697748364	0	0	0	8.35516328129327e-05	0.00185166893283309	0	0	0	0	0	0	0	0	0.849808658670471	0	0	0	0.000107234401972936	0.00309773562571752	0	0.00198721968923647
X26_SLC_SMT_NEG_142J	0.0074098475711696	0.00208202249951662	0.0591392936079025	0.111585109212709	0.000720989756534762	0.00910729947046765	0.00109864342720773	0.00577769255503366	0.000722031301910355	0.00229909123830665	0.00225510597590665	0	5.94482052837864e-05	0.00957762397327662	0.0022256222298899	0	0.000953948738875494	0.0179312184798992	0.00507187197217418	0.0139887021703669	0.000436754694164889	0	0.00527809795654139	0	0.00421390564560324	0.0124606482792068	0	0.00067809945209372	0.000325095688643096	0	0.0144602017500099	0.0486899495678388	0	0	0.00343862199807928	0.000505202919745457	0.00130737980299303	0.000418006877404234	0	0.000385318376385656	0.000389404439012978	2.83620817661191e-05	0.00019674525082015	0.00165042211964632	0.00168687620779204	0	0.000359386567162585	0.000704805743775565	0.000248181568599383	0	0	0	0	0	0.000128724325906492	0.000239902618178011	0.00112118353738721	6.02761003259236e-05	0.000591517654461179	0.0462263208664803	0.000389778327096524	0.00160430035391178	0	0.000678740403094084	0.00339984446255725	0.00124579509437469	0	0.0023265185998639	0	0.000482449159232525	0.000251573267642977	0.00204578206170435	1.73857958848809e-05	4.15282835652686e-05	0.000182297147020272	0.000245537645722881	0.000594348521379455	0.000458493615593911	0.000446769553545581	0.000496336430907085	0.000108667900853426	0.423388969660584	0	0.000406122577605813	0.00053767777043058	0.00461327153141354	0.0335559747849876	0.000129685752407038	0.124117196822165
X25_SLC_SMT_NEG_15J	0.0182192810669835	0	0	0.317932487493387	0	0	0	0.012863944757432	0	0	0	0	0	0.0814159620578599	0	0	0	0	0	0	0	0	0	0	0	0.0786129957398625	0	0	0	0.0530800144788989	0	0	0	0	0	0	0	0	0	0	0	0	0	0.0203075837873458	0	0	0	0	0	0	0	0	0	0	0	0	0	0	0	0	0	0	0	0	0	0	0	0	0	0	0	0	0.140027658409363	0	0	0	0	0	0	0	0	0.152390410513908	0	0.00593077972582906	0	0	0	0	0.11921888196913
X24_SLC_SMT_NEG_91J	0.123019068443619	0.00816009674700414	0.00401732162271112	0.209632190366832	0.000811966333997044	0.00473302957380013	0.000153060601248427	0.0120090883549345	0.00151509228833539	0.00190476772168135	0.00290143288176588	0	0.000161000696285257	0.00453293917887202	0.00991192602274532	0	0	0.0217692974848222	0.00739711469161892	0.0170802438219953	0.000302823009173864	0.013645969485604	0.00178420043242979	0.0677655351013278	0.00231618679989739	0.0138240719250455	0.047145230445989	0.00171848087658649	0.00136154306585393	0.00902654434848466	0.0124605743742594	0.00925216520283889	0.0135659577586944	0.020050938763544	0.00169881387195681	0.000267520125087036	0.00153524791419811	0	0.00505258786020546	9.68691594493239e-05	9.22272577354849e-05	0.000146952835835481	5.93674798138353e-05	6.20548965955316e-05	0.00506419261449006	0.000886725382651503	0.00166815288958382	0.000437193848258676	0.000424734006816266	0.0015665196731124	0.00295591414924936	0	0.000525634291438134	4.87399679953092e-05	0.000131316956378339	0	0	0	0.000458448871895728	0.0182679598841968	7.13387000232095e-05	0	0	0	0.00201470749911437	1.33149286002223e-05	0.000256770457960251	0.00351367528675959	0.00356058292513101	0.000420825036951981	0	8.48979392399497e-05	0	0	0	0.000590254449507103	0	8.92955303372708e-05	0.000610165764753307	0.000142066623505124	0	0.199990716196572	0.000323222945653103	0.00118466217949501	0.000328353468599978	0.000145731282752892	0.0821576292097773	0.000171628208103783	0.0189531290082211
X23_SLC_SMT_NEG_197J	0	0	0	0	0	0	0	0	0	0	0	0	0	0	0	0	0	0	0	0	0	0	0	0	0	0	0	0	0	0	0	0	0	0	0	0	0	0	0	0	0	0	0	0	0	0	0	0	0	0	0	0	0	0	0	0	0	0	0	0	0	0	0	0	0	0	0	0	0	0	0	0	0	0	0	0	0	0	0	0	0	0	0	0	0	0	0	0	0
