feature	Acetatifactor_aquisgranensis	Acutalibacter_caecimuris	Acutalibacter_intestini	Acutalibacter_muris	Acutalibacter_sp_1XD8_33	Adlercreutzia_SGB42953	Adlercreutzia_aquisgranensis	Adlercreutzia_caecimuris	Adlercreutzia_mucosicola	Adlercreutzia_muris	Akkermansia_muciniphila	Alistipes_finegoldii	Alistipes_muris	Alistipes_timonensis	Anaerostipes_hominis	Anaerostipes_hominis_ex_Lee_et_al_2021	Atopobiaceae_bacterium_FL090493	Bacillota_unclassified_SGB43543	Bacillota_unclassified_SGB43546	Bacillota_unclassified_SGB43549	Bacillota_unclassified_SGB43550	Bacillota_unclassified_SGB63211	Bacteroidales_bacterium	Bacteroides_caecimuris	Bacteroides_intestinalis	Bifidobacterium_pseudolongum	Blautia_pseudococcoides	Caniella_muris	Clostridia_bacterium	Clostridiaceae_bacterium	Clostridiales_bacterium	Coriobacteriaceae_bacterium	Cutibacterium_acnes	Duncaniella_dubosii	Duncaniella_freteri	Duncaniella_muricolitica	Duncaniella_muris	Enterococcus_gallinarum	Escherichia_coli	Eubacteriaceae_bacterium	Faecalibaculum_rodentium	Flintibacter_SGB43538	GGB115370_SGB161393	GGB14001_SGB21428	GGB141797_SGB41693	GGB143828_SGB43507	GGB1503_SGB2082	GGB1690_SGB40190	GGB18828_SGB27767	GGB22635_SGB33556	GGB22635_SGB63107	GGB24132_SGB35935	GGB24146_SGB35950	GGB24148_SGB35952	GGB25041_SGB36960	GGB27478_SGB39772	GGB27480_SGB39776	GGB27482_SGB39778	GGB27770_SGB40184	GGB27849_SGB40283	GGB27860_SGB40294	GGB27861_SGB40295	GGB27866_SGB40300	GGB27873_SGB41457	GGB27876_SGB40310	GGB27884_SGB40318	GGB27885_SGB40319	GGB27894_SGB40329	GGB27919_SGB40357	GGB27929_SGB40368	GGB28310_SGB40880	GGB28317_SGB40889	GGB28380_SGB40960	GGB28382_SGB40962	GGB28394_SGB40975	GGB28419_SGB41002	GGB28421_SGB41004	GGB28439_SGB41022	GGB28456_SGB41039	GGB28765_SGB41414	GGB28769_SGB41421	GGB28772_SGB41425	GGB28778_SGB41431	GGB28793_SGB41446	GGB28796_SGB41449	GGB28803_SGB41457	GGB28814_SGB41469	GGB28845_SGB41512	GGB28865_SGB41537	GGB28869_SGB41543	GGB28870_SGB41545	GGB28870_SGB41546	GGB28879_SGB43526	GGB28898_SGB41580	GGB28901_SGB41592	GGB28904_SGB41597	GGB28925_SGB41622	GGB28927_SGB41625	GGB28928_SGB41627	GGB28934_SGB41635	GGB28942_SGB41646	GGB28946_SGB41652	GGB28948_SGB41654	GGB28949_SGB41655	GGB28949_SGB41656	GGB28956_SGB41665	GGB28957_SGB41666	GGB28961_SGB41670	GGB28988_SGB41701	GGB28990_SGB41704	GGB29003_SGB41719	GGB29531_SGB42317	GGB30045_SGB42945	GGB30046_SGB42947	GGB30147_SGB43074	GGB30294_SGB43258	GGB30296_SGB43260	GGB30298_SGB43262	GGB30414_SGB43453	GGB30454_SGB43514	GGB30454_SGB43516	GGB30455_SGB43519	GGB30460_SGB43527	GGB30461_SGB102216	GGB30461_SGB43529	GGB30461_SGB63204	GGB30461_SGB63208	GGB30461_SGB63209	GGB30468_SGB43552	GGB30472_SGB43556	GGB30475_SGB63182	GGB30667_SGB43809	GGB30861_SGB44083	GGB31108_SGB44379	GGB3171_SGB4185	GGB32371_SGB41694	GGB42322_SGB59489	GGB42570_SGB59765	GGB42598_SGB59794	GGB42646_SGB59844	GGB45514_SGB63186	GGB45515_SGB63187	GGB45656_SGB63370	GGB46159_SGB63927	GGB46162_SGB63930	GGB70518_SGB94950	GGB70852_SGB95305	GGB73359_SGB46611	GGB74395_SGB43523	GGB74408_SGB43542	GGB75057_SGB102223	GGB75074_SGB102167	GGB75094_SGB102310	GGB75104_SGB102231	GGB75725_SGB102612	GGB75726_SGB102611	GGB75879_SGB103683	GGB79741_SGB1950	GGB80032_SGB42945	GGB9439_SGB42949	Hominisplanchenecus_murintestinalis	Lachnospiraceae_bacterium	Lachnospiraceae_bacterium_A2	Lachnospiraceae_bacterium_MD308	Lachnospiraceae_unclassified_SGB41405	Lachnospiraceae_unclassified_SGB7275	Lactobacillus_intestinalis	Lactobacillus_johnsonii	Lepagella_muris	Ligilactobacillus_murinus	Limosilactobacillus_reuteri	Muribaculaceae_bacterium	Muribaculum_gordoncarteri	Muribaculum_intestinale	Muricaecibacterium_torontonense	Neglectibacter_caecimuris	Neglectibacter_sp_X4	Oscillibacter_SGB43496	Oscillibacter_SGB43499	Oscillibacter_SGB43502	Oscillibacter_SGB94990	Oscillibacter_sp_CU971	Oscillospiraceae_bacterium	Oscillospiraceae_unclassified_SGB102175	Oscillospiraceae_unclassified_SGB43526	Parabacteroides_SGB1950	Parabacteroides_distasonis	Parabacteroides_goldsteinii	Paramuribaculum_intestinale	Parasutterella_muris	Parasutterella_sp_NM82_D38	Parvibacter_caecicola	Pseudoflavonifractor_sp_524_17	Pseudomonas_aeruginosa	Sangeribacter_muris	Schaedlerella_arabinosiphila	Thomasclavelia_cocleata	Turicibacter_sp_1E2	Turicimonas_muris	bacterium_1xD42_67
SLC_SMT_NEG_143I	NA	NA	NA	NA	NA	NA	NA	-6.52602561923822	NA	-6.54267855822462	-3.85978523002504	NA	NA	NA	NA	-6.19240140320894	NA	NA	NA	NA	NA	NA	-6.43411155909294	NA	NA	-6.75852422703779	-5.27748733476548	-4.61309378751622	NA	NA	NA	NA	NA	NA	NA	NA	-5.62355704592373	NA	NA	NA	-2.88419184839411	NA	NA	-5.25496258705105	NA	NA	NA	NA	NA	NA	-6.94379679065832	-4.65205314749623	-6.49045166922335	NA	NA	NA	NA	NA	NA	-6.06293650557453	-6.63023853212359	-6.61345645595476	NA	NA	-6.40211723019447	-4.63129392206396	NA	-6.55882732631705	NA	-6.67818044754257	-5.35655587025816	NA	NA	NA	NA	NA	NA	NA	NA	NA	NA	NA	NA	NA	NA	NA	NA	NA	NA	NA	NA	NA	NA	NA	NA	NA	NA	NA	NA	NA	NA	NA	NA	NA	NA	NA	NA	NA	NA	NA	NA	NA	NA	NA	NA	NA	NA	NA	NA	NA	NA	NA	NA	NA	NA	NA	NA	NA	NA	NA	NA	NA	-6.49579066471272	NA	NA	NA	NA	NA	NA	-5.9551282630143	NA	NA	NA	-4.61649738853705	NA	NA	NA	NA	NA	NA	NA	NA	NA	NA	NA	NA	NA	NA	NA	NA	NA	-4.87304918700963	-5.97153846043666	NA	NA	-6.12738207051659	NA	NA	-4.95076827786408	NA	NA	-6.61073866229533	-4.06709064677508	-4.59695699839738	-2.94730689515081	NA	NA	NA	NA	NA	NA	NA	NA	NA	NA	NA	NA	NA	NA	NA	NA	NA	NA	NA	NA	-5.96261681467785	NA	NA	-6.18928937518485	NA
SLC_SMT_NEG_16I	NA	NA	-8.52491674723053	NA	NA	NA	NA	NA	NA	-5.65840038856264	-4.1525895062362	NA	NA	NA	NA	NA	NA	-8.5854196295341	NA	NA	NA	-8.32307854139085	NA	NA	NA	-3.31623734208753	NA	-6.46309193590369	NA	NA	NA	NA	NA	NA	NA	-6.89347119692374	NA	NA	NA	-8.70813115296529	-1.60041669031627	NA	NA	-5.82650537305494	NA	NA	NA	NA	NA	NA	NA	NA	NA	-8.15748053967559	-7.75271985359563	NA	NA	NA	NA	NA	NA	NA	NA	NA	NA	NA	NA	NA	NA	-7.43639024638829	-4.24833203799642	NA	NA	NA	NA	NA	NA	NA	NA	NA	NA	NA	NA	NA	NA	NA	NA	NA	NA	NA	NA	NA	NA	NA	NA	-7.9660642685395	NA	NA	NA	NA	NA	NA	NA	NA	NA	NA	NA	NA	NA	NA	NA	NA	-7.43860219823978	NA	NA	NA	NA	NA	NA	NA	NA	-8.51540521779766	NA	NA	NA	-8.44122070304679	NA	NA	NA	NA	NA	NA	-8.13981354562874	NA	NA	NA	NA	NA	NA	NA	-8.40629848846806	NA	NA	-6.66739258953071	NA	NA	NA	NA	NA	NA	NA	NA	NA	NA	NA	NA	NA	NA	NA	-7.5915969295077	NA	-4.1792002853934	NA	NA	NA	NA	NA	-8.31616031248968	NA	-8.97956701739008	-9.46507192514923	NA	NA	NA	-1.88066180260504	NA	NA	NA	NA	NA	NA	-8.64733044087335	NA	NA	NA	NA	NA	NA	NA	-7.9197288879764	NA	NA	NA	NA	NA	NA	-8.7874100124727	NA	NA	NA
SLC_SMT_NEG_89I	NA	NA	NA	NA	NA	-8.90606364474367	-9.35069063453457	-5.98327603602517	-8.45234881492441	-6.05843604413416	-4.85272429124787	NA	NA	NA	NA	NA	NA	NA	NA	NA	NA	NA	-10.3828583983514	NA	NA	-7.12812047779959	NA	-9.13032690803815	-9.51582325217035	NA	NA	-8.44737797420223	NA	NA	NA	-10.0859310393297	NA	NA	NA	NA	-2.14641156776417	NA	NA	-7.55581253727794	NA	NA	-6.19485319979318	NA	NA	NA	-8.44457592618022	-5.77338751966557	-8.70464895617389	-9.83943022666766	NA	NA	NA	NA	NA	-10.0074925449792	-10.1275009769312	NA	NA	NA	-8.61617521543232	-8.65140506627707	-10.6924944674444	NA	-2.51356032994265	-10.7650333289456	-2.51141548114585	NA	NA	NA	NA	NA	NA	NA	NA	NA	NA	NA	NA	NA	NA	NA	NA	NA	NA	NA	NA	NA	NA	NA	NA	NA	NA	NA	NA	NA	NA	NA	NA	NA	NA	NA	NA	NA	NA	NA	NA	NA	-7.42592712024329	-9.96857758739363	NA	-10.727172573895	NA	-10.2427189473705	NA	NA	NA	NA	NA	NA	NA	NA	NA	NA	NA	NA	-10.5800495708981	NA	-6.65393396525632	NA	NA	-9.90576717009642	NA	-10.8650428423417	-5.77107924313936	-9.95001616262161	NA	NA	NA	-9.10163438041792	NA	-7.71067849822775	-9.69616425479147	NA	NA	NA	NA	NA	NA	NA	NA	NA	-9.38816357007604	NA	NA	-6.91722565507462	NA	-7.05653560788983	NA	NA	-9.72507867651602	NA	-11.3535855181097	-10.4194936080642	-10.0490133623561	-10.7357543360133	-10.5895420607261	-8.34020337798277	-5.66613267894589	-5.6641515829424	-2.5898124227273	NA	NA	NA	NA	NA	NA	NA	NA	NA	NA	NA	NA	NA	-7.89884208259484	-10.6412513042239	NA	-9.0441652444203	NA	NA	NA	NA	NA	NA	-10.6407578220776	NA
SLC_SMT_NEG_194I	NA	NA	NA	NA	NA	NA	NA	NA	NA	NA	NA	NA	NA	NA	NA	NA	NA	NA	NA	NA	NA	NA	NA	NA	NA	NA	NA	NA	NA	NA	NA	NA	-4.75207870402702	NA	NA	NA	NA	NA	-1.24278761539109	NA	-3.16028818035098	NA	NA	NA	NA	NA	NA	NA	NA	NA	NA	NA	NA	NA	NA	NA	NA	NA	NA	NA	NA	NA	NA	NA	NA	NA	NA	NA	NA	NA	NA	NA	NA	NA	NA	NA	NA	NA	NA	NA	NA	NA	NA	NA	NA	NA	NA	NA	NA	NA	NA	NA	NA	NA	NA	NA	NA	NA	NA	NA	NA	NA	NA	NA	NA	NA	NA	NA	NA	NA	NA	NA	NA	NA	NA	NA	NA	NA	NA	NA	NA	NA	NA	NA	NA	NA	NA	NA	NA	NA	NA	NA	NA	NA	NA	NA	NA	NA	NA	NA	NA	NA	NA	NA	NA	NA	-4.79373972091065	NA	NA	NA	NA	NA	NA	NA	NA	NA	NA	NA	NA	NA	NA	NA	NA	NA	NA	NA	NA	-5.67914493977786	NA	-2.0324225516172	-3.28209389783241	NA	NA	NA	-5.28399123541182	NA	NA	NA	NA	NA	NA	NA	NA	NA	NA	NA	NA	NA	NA	NA	NA	NA	NA	NA	NA	NA	NA	NA	NA	NA
SLC_SMT_NEG_18J	NA	NA	-10.5228502811648	-10.7207896587767	NA	NA	NA	NA	NA	-6.76453749475961	-3.13675231065585	NA	NA	NA	NA	-10.5261047772115	NA	-10.6839745012533	NA	NA	NA	-10.8494098247838	NA	NA	NA	-5.88259916414025	NA	-10.1598567844129	-10.9454554936143	-10.5168096790075	NA	NA	NA	NA	NA	-8.02633648246124	NA	NA	NA	-10.9810493537717	-2.17029423110953	NA	NA	-5.30698526962211	NA	NA	NA	NA	NA	NA	NA	NA	NA	-8.4150505787553	NA	NA	NA	NA	NA	NA	NA	NA	NA	NA	NA	NA	NA	NA	NA	-10.4261721858747	-4.67467628697147	NA	NA	-11.093424193001	NA	NA	NA	NA	NA	NA	NA	NA	NA	NA	-11.2469819148733	NA	NA	NA	NA	NA	-10.034863497611	NA	NA	NA	NA	-8.86208169094048	NA	-10.381987745325	NA	NA	NA	NA	NA	NA	-10.4054600519602	-10.180221277414	NA	NA	NA	NA	NA	-11.1009352039897	-7.49321275176238	NA	NA	NA	NA	NA	NA	NA	NA	-10.8217036595949	NA	NA	NA	-10.3315369757342	NA	NA	NA	NA	NA	NA	-7.79279520861472	NA	NA	NA	NA	NA	NA	NA	-10.5189321932916	NA	NA	-6.94269729859927	NA	NA	NA	NA	NA	NA	NA	NA	NA	NA	NA	NA	NA	NA	NA	-9.83166668048131	NA	-4.56210932506894	NA	NA	NA	-9.55883014441957	NA	NA	NA	-11.0043366619362	NA	NA	NA	NA	-1.05279159728662	NA	NA	NA	NA	NA	NA	NA	NA	NA	NA	NA	NA	NA	NA	-7.57652221411128	NA	NA	NA	NA	NA	NA	-10.0605070671076	NA	NA	NA
SLC_SMT_NEG_142I	NA	NA	NA	NA	NA	NA	-8.38242465153979	-5.97059787073521	-7.97767434052161	-6.46730796906159	-2.71099618974036	NA	NA	NA	NA	NA	NA	NA	NA	NA	NA	NA	-7.23449070222735	NA	NA	-7.02844613969443	NA	-4.07965121134825	NA	NA	NA	-7.3019689931544	NA	NA	NA	NA	NA	NA	NA	NA	-1.93935134460237	NA	NA	-6.59954795530569	NA	NA	NA	NA	NA	NA	-7.93707872182398	-4.82462146062309	-7.58393575627108	-7.87134212935576	NA	NA	NA	NA	NA	-6.8763469978461	-7.84759141700104	-7.83914272196717	NA	NA	-7.88188983589349	-6.27647871340143	NA	NA	NA	-7.99277537628523	-5.30086643670724	NA	NA	NA	NA	NA	NA	NA	NA	NA	NA	NA	NA	NA	NA	NA	NA	NA	NA	NA	NA	NA	NA	-7.58041096819746	NA	NA	NA	NA	NA	NA	NA	NA	NA	NA	NA	NA	NA	NA	NA	NA	NA	NA	-7.75679288621008	NA	NA	NA	NA	NA	NA	NA	NA	NA	NA	NA	NA	NA	NA	NA	NA	NA	NA	NA	-7.39116716520495	NA	NA	NA	NA	NA	NA	NA	NA	NA	NA	-6.613240559906	NA	NA	NA	NA	NA	NA	NA	NA	NA	NA	-8.99615273648755	-8.67934325610976	NA	NA	NA	-7.89776967553213	NA	-6.25524765663328	NA	NA	NA	-7.12465814283338	NA	NA	-7.40981331965391	NA	NA	-7.93942471465209	-6.05466490381769	-7.21621455910182	-2.05113267475564	NA	NA	NA	NA	NA	NA	NA	NA	NA	NA	NA	NA	NA	NA	NA	NA	-8.224003145703	NA	NA	NA	-6.58831848748403	NA	NA	-6.94630418703699	NA
SLC_SMT_NEG_15I	NA	NA	NA	NA	NA	NA	NA	NA	NA	-6.53370591236546	-2.42302572994621	NA	NA	NA	NA	NA	NA	NA	NA	NA	NA	NA	NA	-6.90711974316081	NA	-5.50638604450975	NA	NA	NA	NA	NA	NA	NA	NA	NA	-4.58824305356822	NA	NA	NA	NA	-2.75231829728218	NA	NA	-3.49392295598601	NA	NA	NA	NA	NA	NA	NA	NA	NA	-5.8817764829519	NA	NA	NA	NA	NA	NA	NA	NA	NA	NA	NA	NA	NA	NA	NA	-5.39350772997006	-6.34445373054156	NA	NA	NA	NA	NA	NA	NA	NA	NA	NA	NA	NA	NA	NA	NA	NA	NA	NA	NA	NA	NA	NA	NA	NA	NA	NA	NA	NA	NA	NA	NA	NA	NA	NA	NA	NA	NA	NA	NA	NA	NA	-7.24046837873897	NA	NA	NA	NA	NA	NA	NA	NA	NA	NA	NA	NA	NA	NA	NA	NA	NA	NA	NA	-7.73639733033456	NA	NA	NA	NA	NA	NA	NA	NA	NA	NA	-3.55095565674083	NA	NA	NA	NA	NA	NA	NA	NA	NA	NA	NA	NA	NA	NA	NA	NA	NA	-3.88350023855075	NA	NA	NA	NA	NA	NA	NA	NA	NA	NA	NA	NA	-1.96345010700142	NA	NA	NA	NA	NA	NA	NA	NA	NA	NA	-6.68910427571776	NA	NA	NA	-6.62612207123672	NA	NA	NA	NA	NA	NA	NA	NA	NA	NA
SLC_SMT_NEG_91I	NA	-12.4833295099019	-12.2122941118333	-12.0096443408173	NA	-6.63851269974765	-9.49975182014728	-8.02177877360853	-11.1667128673025	-6.69472374879388	-4.53153977716573	NA	-11.9976300503098	NA	NA	NA	NA	NA	-11.3935109017033	-12.3672488420421	NA	-11.6614156404778	-7.69392215244743	NA	NA	-3.5384475681733	NA	-8.72545259933504	-11.0703080596238	-11.5819490399493	NA	-9.30797168540425	NA	-5.84591544709802	-11.7260641001522	-6.37656105656861	-8.77806924100946	NA	NA	-11.7995431153838	-2.65457142165977	-11.5176656845952	-12.1567857354891	-7.94175333171947	NA	-11.3833838974774	-5.40840962725318	-11.9358193918799	-8.87780235230803	NA	-8.86759431612062	-5.59032169228775	-8.47339661093861	-6.88508137365646	NA	-13.4708714731162	-13.3580814121657	-11.82794065411	NA	-5.2260442394388	-7.31045625063038	-11.121207198002	-10.7847016590278	NA	-9.63508521250365	-5.07352323079501	-10.6183380976818	NA	-3.92385784234844	-9.3074084076847	-3.91301970221859	-10.8833182892503	-12.7568782704373	NA	NA	NA	NA	NA	NA	NA	NA	NA	-11.5817219869049	NA	NA	NA	NA	-12.1686724144157	NA	NA	NA	NA	NA	NA	NA	NA	-11.9135029216228	NA	NA	NA	NA	NA	NA	-11.8780811339593	-12.0502208776752	NA	NA	NA	NA	NA	NA	-11.8555353233515	-7.28115636052379	-10.6197942770662	NA	-11.8073532924994	-11.657701520894	-10.7271309270433	NA	NA	-11.3901273289728	-12.1192286444929	-10.7676850253939	-10.4430218649559	-11.6641774696071	NA	-12.1823782060456	-10.0607040795061	-12.4170156087242	NA	-11.6743093048646	NA	-7.72695045235482	NA	NA	-10.0506136080548	NA	-12.2098357701269	-8.17114694740068	-10.0231847496763	-11.8443250903765	-12.6128179818433	NA	-5.55379554861515	-10.7808521210989	-9.93212416614049	-4.60742814153615	-13.6061061455319	-12.3507118019002	NA	-12.6561468280315	-10.6067412743297	NA	NA	-11.6658611752477	-13.6354975541469	-6.15292247412133	NA	NA	-7.40181054825213	NA	-7.94590248201929	NA	NA	-10.3189051728585	NA	-8.69641661824373	-8.86557171281665	-5.02836786532212	-10.6635165510586	-9.48563758899882	-7.09424215552114	-6.2617875025242	-5.18858449752246	-2.68194469411805	-11.2793832014063	-11.4987869142764	NA	NA	-11.9460120718284	-12.0302546204926	-11.3665641499863	-10.6287382608674	-11.7777928735485	NA	NA	NA	NA	-6.22086514801484	-10.2903332379509	NA	-10.5977026318068	NA	NA	-10.1910542147567	NA	-12.090032869745	-12.4631133385114	-9.41668651816324	-11.7919063071554
SLC_SMT_NEG_197I	NA	NA	NA	NA	NA	NA	-10.3369406205873	-8.17317089706598	-10.0917969660588	-9.84907867768625	-5.97523088552713	NA	NA	NA	NA	NA	NA	NA	NA	NA	NA	NA	-7.72416508008175	NA	NA	-5.37651831757893	NA	-11.2792837724471	-12.0205844550944	NA	NA	-9.71310560579701	NA	-8.47281105594755	NA	-9.3482847195983	-10.2517668868615	NA	NA	NA	-0.939887198653325	NA	NA	-8.04686762315838	NA	NA	-5.81116475319134	NA	-9.97971018558237	-10.9040673785305	-10.5902371208633	-6.04848239336206	-10.1489975221937	-9.75031736793771	NA	NA	NA	NA	NA	-7.81776356127577	-8.60770602957238	NA	NA	NA	-10.1098555790424	-7.88341257515101	-11.2824805276679	NA	-6.74406979410028	-11.1120340901704	-4.47690973237663	NA	NA	-11.3533179670836	NA	NA	NA	-11.4193441334473	NA	NA	NA	NA	NA	NA	NA	NA	NA	NA	NA	NA	NA	NA	NA	-9.9095762085072	NA	NA	-10.5337856409196	NA	NA	NA	NA	NA	NA	NA	NA	NA	NA	NA	NA	NA	NA	NA	-9.10272741470658	-11.0095944655283	NA	NA	NA	NA	NA	-10.2627738778947	NA	NA	NA	NA	NA	NA	NA	NA	NA	NA	NA	NA	-8.95871876016453	-10.8248732629946	NA	NA	NA	NA	-9.98542932771666	NA	NA	NA	NA	-6.7360767497212	-11.2253801204374	NA	-5.35895222726596	NA	NA	NA	NA	NA	NA	NA	NA	NA	-7.66669996031123	NA	NA	-8.46147482211965	NA	-6.40348717783673	NA	NA	NA	NA	NA	-11.0175627308708	-8.29337591519697	-11.2794966692291	-10.3023519345971	-8.57274889869867	-7.18604714396079	-5.64163148427605	-2.29441167299099	NA	NA	NA	NA	NA	NA	NA	NA	NA	NA	NA	NA	NA	-8.34641570850421	NA	NA	NA	NA	NA	-10.4683750758722	NA	NA	NA	-7.28489610805679	-10.6829416521067
SLC_SMT_NEG_101J	NA	-10.4157236538204	-9.90576241953046	NA	NA	NA	-9.74479682121703	-7.02787016164341	-9.37656170167014	-6.61854814888188	-5.71946920664543	NA	NA	NA	NA	NA	NA	NA	NA	NA	NA	NA	-6.72549907147088	NA	NA	-7.15610008834558	NA	-7.46939890537532	-10.9415601037919	-8.87075778082408	-10.1130736565536	-8.94644757587014	NA	-6.83077908379781	-9.94264477870324	-8.86237597992304	-8.660158932893	NA	NA	-9.75306443720063	-4.01858839506012	NA	NA	-6.56214917650962	NA	NA	-5.83317483503277	NA	-8.99408489346495	NA	-8.56772674726546	-4.56063919024984	-7.07540885874086	-6.72621601314946	NA	NA	-11.4494660793001	-11.2247470849437	NA	-5.9484208281194	-9.0056165157923	-9.35422449429749	-9.00149325668339	NA	-7.89002097142798	-7.08630570478538	-9.17173113162865	NA	-1.9823496612919	-9.02575448651948	-3.0122937518269	-9.84989388369456	NA	NA	NA	NA	NA	NA	NA	NA	-9.52834377354351	NA	-9.10559177440967	NA	NA	NA	NA	NA	NA	NA	NA	NA	NA	NA	NA	NA	NA	NA	NA	NA	NA	NA	NA	NA	NA	NA	NA	NA	NA	NA	NA	NA	-6.33849850060637	-10.0828635629235	NA	-9.81386231532788	NA	-10.1389483415697	NA	NA	NA	NA	NA	NA	NA	NA	NA	NA	NA	NA	-9.97906334284177	NA	-7.8974758083455	NA	NA	-8.36992836919448	NA	NA	-8.37081452952784	NA	NA	NA	NA	-8.55760169406718	-9.68185979702933	NA	-5.10213582653862	NA	NA	NA	-10.4319521156123	-9.76302115249315	NA	NA	-11.0211640893348	NA	-9.92202130659266	NA	NA	-8.37933898807955	NA	-4.17636593955093	NA	NA	NA	-9.67373191614593	-10.6209337166926	-10.1823992364744	-6.49468726651299	-10.5286927704506	-10.7566027911168	-7.13413879955157	-5.92076116076674	-6.49121135275677	-2.69710458581212	NA	-9.74128726942427	NA	NA	NA	NA	NA	NA	NA	NA	NA	NA	NA	-6.63181157974608	-9.71655894988715	NA	-9.59633893351317	NA	NA	-9.40169860549049	NA	NA	NA	-8.63001629923154	NA
SLC_SMT_NEG_17J	NA	NA	NA	NA	NA	-8.3029681979883	-8.8623448173171	-8.78865238502024	NA	-7.31467615539777	-3.9079726696681	NA	NA	NA	NA	NA	NA	NA	NA	NA	NA	NA	-7.35287643374739	NA	NA	-4.95929894254534	NA	NA	NA	NA	NA	-8.39597038265241	NA	-7.07548398746668	NA	-7.65578333825956	-7.74298945850261	NA	NA	NA	-2.17461832905427	NA	NA	-7.54892681984516	NA	NA	-5.21216007404225	NA	-7.89919282320252	NA	NA	-6.20823878254333	-8.09053593155878	-7.4432246347919	NA	NA	NA	-9.63174804920885	NA	-5.7903142653335	-7.55743944829142	-8.53563699657936	-8.26550174057103	NA	-8.18519162807178	-5.52497533556204	-8.47512652065198	NA	-3.16504436978065	-8.22638851239043	-6.3454448740603	NA	NA	NA	NA	NA	NA	NA	NA	NA	NA	NA	NA	NA	NA	NA	NA	NA	NA	NA	NA	NA	NA	NA	NA	NA	NA	NA	NA	NA	NA	NA	NA	NA	NA	NA	NA	NA	NA	NA	NA	NA	-8.43826995542862	NA	NA	NA	NA	NA	NA	NA	NA	NA	NA	NA	NA	NA	NA	NA	NA	NA	NA	NA	-8.29654907709402	NA	NA	NA	NA	-8.90687226236291	-6.94476515238142	NA	NA	NA	NA	-6.06419496859841	-8.71425773995929	NA	-3.18990088625028	NA	NA	NA	NA	NA	NA	NA	NA	NA	-6.76469858000565	NA	NA	-8.05164174956398	-8.1499039801298	-6.53875858822107	NA	NA	NA	NA	NA	NA	-6.39365637935809	NA	NA	-5.93357874939466	-6.26518834966269	-5.68025196225057	-2.7266900977873	NA	NA	NA	NA	NA	NA	NA	NA	NA	NA	NA	NA	NA	-8.24018111305319	-8.7057273674887	NA	NA	NA	NA	-8.41740036281571	NA	NA	NA	-8.05299360033839	NA
SLC_SMT_NEG_141I	NA	NA	NA	NA	NA	NA	-10.7956287880645	-7.91706176606365	-6.80195429952596	-7.12464966567204	-2.26519145202098	NA	NA	NA	NA	-7.07536166280119	NA	NA	NA	NA	NA	NA	-10.6807576177196	NA	NA	NA	-4.73742298194922	-2.82447313930333	-10.3231282796052	NA	NA	-9.36889910006919	NA	NA	NA	NA	-7.73448283633413	-10.1013390394804	-8.29494735306002	NA	-2.48481023099695	NA	NA	-5.17866602279688	NA	NA	NA	NA	NA	NA	-10.5773104323983	-8.48298085226308	-8.40445633468342	NA	NA	NA	NA	NA	NA	-10.4289577530773	-9.72469135115389	-9.16624972668543	-10.0770790110673	NA	-10.2703905499748	-7.89363424393587	-8.862492943453	-7.82511316940149	NA	NA	-5.01670582717246	-9.5856678491999	-10.8135128265714	NA	NA	NA	NA	NA	NA	NA	NA	NA	NA	NA	NA	-9.98968837207811	NA	NA	NA	NA	NA	NA	NA	NA	NA	NA	NA	NA	NA	NA	NA	NA	NA	NA	NA	NA	NA	NA	NA	NA	NA	NA	NA	-9.99396919774699	NA	NA	NA	NA	NA	NA	NA	NA	NA	NA	NA	NA	NA	NA	NA	NA	NA	-10.7986615725341	-7.24464127063363	NA	-10.904020705975	NA	NA	NA	NA	NA	NA	NA	-10.6417485649652	-8.32914536760264	-10.9945486631686	NA	NA	NA	NA	NA	NA	NA	NA	NA	NA	NA	NA	NA	NA	NA	NA	-6.8044414865965	NA	NA	NA	NA	NA	-11.1106055788488	-9.89133925849911	-9.86069585102828	-10.283218349444	-8.61361374929414	-3.69635149511943	-5.01956313119344	-2.63936215966926	NA	NA	NA	NA	NA	NA	NA	NA	NA	NA	NA	NA	NA	NA	-9.79250159414929	NA	NA	NA	NA	-10.3149995809409	NA	NA	NA	-6.64305397110809	NA
SLC_SMT_NEG_18I	NA	NA	-9.32588572207561	NA	NA	NA	NA	NA	NA	-7.5528864364686	-3.45577133180875	NA	NA	NA	NA	NA	NA	NA	NA	NA	NA	-9.33455347536336	NA	NA	NA	-5.33701077271688	NA	-9.53049124876587	-10.6826377848707	-9.10713291697644	NA	NA	NA	NA	NA	-7.6121020870668	NA	NA	NA	NA	-1.59238098260245	NA	NA	-5.87592706690542	NA	NA	NA	NA	NA	NA	NA	NA	NA	-8.70223851952656	NA	NA	NA	NA	NA	NA	NA	NA	NA	NA	NA	NA	NA	NA	NA	-8.36761176394266	-5.21828696886545	NA	NA	-9.66047176148388	NA	NA	NA	NA	NA	NA	NA	NA	NA	NA	NA	NA	NA	NA	NA	NA	NA	NA	NA	NA	NA	-8.08855073702614	NA	-8.69147672208056	NA	NA	NA	NA	NA	NA	-9.00777144264837	-8.53621953631297	NA	NA	NA	NA	NA	NA	-8.10534629750242	NA	NA	NA	NA	NA	NA	NA	NA	-9.35335107081749	NA	NA	NA	-8.9463281102615	NA	NA	NA	NA	NA	NA	-8.476467003231	NA	NA	NA	NA	NA	NA	NA	NA	NA	NA	-7.32081360949194	NA	NA	NA	NA	NA	NA	NA	NA	NA	NA	NA	NA	NA	NA	NA	-9.58345736406158	NA	-4.06666128744059	NA	NA	NA	-8.62115612504555	NA	NA	NA	-9.75793323106034	NA	NA	NA	NA	-1.36735697154358	NA	NA	NA	NA	NA	NA	NA	NA	NA	NA	NA	NA	NA	NA	-8.3190206743452	NA	NA	NA	NA	NA	NA	-8.80366727471957	NA	NA	NA
SLC_SMT_NEG_88I	NA	NA	NA	NA	NA	-8.92175830181949	-9.55306063280553	-9.41955433382367	-9.85268362982358	-7.20791027851708	-3.92054400391569	NA	NA	NA	NA	NA	NA	NA	NA	NA	NA	NA	-8.19877058978731	NA	NA	-4.54742656676349	NA	-10.3390282019617	NA	NA	NA	-8.9760788446759	NA	-7.72766651739278	-10.1742892186461	-7.92540969563479	-8.30244459117534	NA	NA	NA	-2.01049257525966	NA	NA	-8.1847626314558	NA	NA	-5.90056973848834	NA	-9.24158257564006	NA	-9.94839482940334	-6.00347869174894	-8.28256246739763	-8.16576006735337	NA	-11.6647769424407	-11.8192431197449	-10.6582477631394	NA	-5.57392026245656	-7.88061930505303	-9.82865829636831	-9.6223672102553	NA	-9.3762545454116	-5.74726223621788	-9.42764622390148	NA	-2.86951668322442	-9.81826298040638	-7.41706139521105	NA	NA	NA	NA	NA	NA	NA	NA	NA	NA	NA	NA	NA	NA	NA	NA	NA	NA	NA	NA	NA	NA	NA	NA	NA	NA	NA	NA	NA	NA	NA	NA	NA	NA	NA	NA	NA	NA	NA	NA	NA	-8.6264054618719	-10.3968010782674	NA	-10.5469009716849	NA	NA	NA	NA	NA	NA	NA	NA	NA	NA	NA	NA	NA	NA	NA	NA	-8.66345616741294	NA	-10.4736428037611	-9.48459709261664	NA	NA	-7.65436938017087	NA	NA	NA	NA	-5.83624733054671	-9.91418390110034	-10.678686810428	-3.53093652825334	-11.0851938748118	NA	NA	NA	NA	NA	NA	-11.3410378067453	-11.4009876599659	-7.51845120764718	NA	NA	-8.10047451731316	-9.17473716320865	-6.86259094247433	NA	NA	NA	NA	-10.4016166964009	-10.7975564109074	-7.01565492298467	NA	NA	-6.53985837714763	-6.43664301500532	-7.20411027668844	-2.42404468616136	-9.82992771575587	NA	NA	NA	NA	NA	NA	NA	NA	NA	NA	NA	NA	-8.95284404398784	-9.56981250717588	NA	-10.1011129627105	NA	NA	-9.79424874027805	NA	NA	NA	-9.57228903501323	NA
SLC_SMT_NEG_193J	-11.3172725059282	-12.3059678591431	-10.7083051993126	-11.0735232850221	-10.7175664088444	NA	-9.83384625393633	-7.03279172090491	-11.8351285681959	-6.8452014570285	-6.78720666848416	NA	-12.28746073019	-11.5592816552148	NA	NA	NA	-11.2183456569028	-10.9022776728934	-12.9537451382315	-12.2465865809312	-11.5489245736737	-6.88350425898967	NA	NA	-7.932087684621	NA	-7.29768917625053	-10.3788993815969	-9.50464887040003	-10.2213765299521	-8.46340208746606	NA	-7.09555374902862	-11.5490247712666	-7.25418321398016	-8.92965595091527	NA	NA	-11.156888676109	-2.2421772003072	-11.7633900792386	-11.7736567539416	-7.17598350102503	-10.3359956832815	NA	-5.94064144601319	-12.3195782906617	-10.3205187419943	-11.5451222125079	-9.24076855953263	-5.28133150066768	-7.81516875913292	-9.15465706980476	-10.8012579556465	-12.8582831259644	-12.3146296600854	-11.4593827298227	NA	-6.12462776131096	-8.96571653630986	-12.0946484898534	-9.32154538857092	NA	-8.54572191947552	-6.16307700004007	-8.90487201680097	NA	-2.70361727965504	-9.51704201830399	-4.0814028041522	-10.7361550296537	NA	NA	NA	NA	NA	NA	NA	NA	-11.1316094571228	NA	-10.159410536875	-11.2326786407459	NA	NA	NA	NA	-10.8361674675607	-11.7510043675598	-10.7367255354508	-10.5977858053935	NA	NA	-11.3517278512492	-11.4834052563089	NA	NA	-11.9878377601635	-11.5990819575667	-11.9573311254499	-10.7683392952103	-10.9392926598474	-11.7810518954401	NA	-11.4110476474637	-11.7436465954067	-11.9834980086951	NA	-10.9494404607209	NA	-11.8089762803399	-6.48862684657843	-10.4105013789828	-12.0108381302964	-11.1292854915255	-10.7958974279006	-10.7612990481344	NA	NA	-10.6413461424818	-11.9496388556754	NA	-9.79120843489209	-12.2632577638531	NA	NA	-11.7404393323832	-12.0746046845487	-12.3613733290119	-11.058539511129	NA	-8.11805591342858	NA	-11.6050072184324	NA	NA	-9.12717093938878	-11.0593956253115	-10.8209644201023	-11.194403568019	NA	NA	-8.69481487878478	-10.3039373239157	NA	-4.49485627837652	NA	-12.0130478876358	-12.1578816102367	-11.3116516090482	-10.6069877256454	NA	NA	-10.7551018700803	-12.8336631591914	-9.83699300915099	NA	NA	-8.01545138567393	-6.69998934830097	-4.77989206555299	-10.7102087127786	NA	-11.5442231192151	-11.8567940203367	-10.0838657477062	-8.64519689705501	-7.39156728554122	-10.9270655263295	-10.1085365621988	-7.38381133867997	-5.00653730938829	-5.41755044730842	-2.62441453956017	-12.1780401218101	-10.8320163513053	-11.8703768250041	-11.693942151081	NA	-11.5735814454632	-11.8892803323645	-10.5851961332119	-11.8600223607029	-11.6931668360812	NA	NA	NA	-5.18422033863772	-9.23848426242709	NA	-11.3148852078748	NA	NA	-10.2378380384338	-10.6050072184324	NA	-12.0733071023528	-10.2120252723054	-11.6606493959881
SLC_SMT_NEG_159J	NA	NA	NA	NA	NA	NA	NA	NA	NA	NA	-3.38814185223314	NA	NA	NA	NA	NA	NA	NA	NA	NA	NA	NA	NA	NA	NA	NA	NA	-4.44601748947792	NA	NA	NA	NA	NA	NA	NA	-3.91026370704677	NA	NA	NA	NA	-1.85576421921664	NA	NA	-3.83507698968615	NA	NA	NA	NA	NA	NA	NA	NA	NA	-4.90588284917403	NA	NA	NA	NA	NA	NA	NA	NA	NA	NA	NA	NA	NA	NA	NA	NA	-3.53693127441588	NA	NA	NA	NA	NA	NA	NA	NA	NA	NA	NA	NA	NA	NA	NA	NA	NA	NA	NA	NA	NA	NA	NA	NA	NA	NA	NA	NA	NA	NA	NA	NA	NA	NA	NA	NA	NA	NA	NA	NA	NA	NA	NA	NA	NA	NA	NA	NA	NA	NA	NA	NA	NA	NA	NA	NA	NA	NA	NA	NA	NA	-4.97825187206156	NA	NA	NA	NA	NA	-3.96514110205145	NA	NA	NA	NA	-3.12322230348509	NA	NA	NA	NA	NA	NA	NA	NA	NA	NA	NA	NA	NA	NA	NA	NA	NA	-3.11142399365421	NA	NA	NA	NA	NA	NA	NA	NA	NA	NA	NA	NA	NA	NA	NA	NA	NA	NA	NA	NA	NA	NA	NA	NA	NA	NA	NA	NA	NA	NA	NA	NA	NA	NA	NA	NA	NA	NA
SLC_SMT_NEG_103J	NA	NA	NA	NA	NA	NA	-10.078590068671	-7.51063233318313	-9.71771264270936	-6.82490460696644	-5.5705416055207	NA	NA	NA	NA	NA	NA	NA	NA	NA	NA	NA	-7.75933143278092	NA	NA	-7.20163174433929	NA	-6.10651283041737	-11.7402082149226	-9.10561655125348	NA	-8.85655769102018	NA	-5.89607933481861	-10.2209422143074	-9.63100509763472	-9.49994134188203	NA	NA	-9.39025168980145	-2.69896262485927	NA	-10.6960456395239	-6.34756654924638	NA	NA	-5.21254307095369	NA	-10.5206183892492	NA	-9.86767312638252	-4.93108073244873	-8.00850077094411	-8.18082826260172	-7.67628731594509	NA	NA	NA	NA	-7.28466239134023	-9.5840421666572	-10.6976574093718	-10.3583530302937	NA	-6.93614333571266	-7.2854498969194	-10.2211740097836	NA	-2.09570938338076	-10.2337465951549	-3.65963394471035	NA	NA	-11.0063019973353	NA	NA	NA	NA	NA	NA	NA	NA	NA	NA	-10.7710979087373	-10.1744180234762	NA	NA	NA	NA	NA	NA	NA	NA	NA	-9.2094571526268	NA	NA	NA	NA	NA	-9.23614548029351	NA	NA	NA	NA	NA	NA	NA	NA	NA	NA	-6.58801620158766	-10.6607203609642	NA	NA	NA	NA	NA	NA	-9.99724250175968	NA	NA	NA	-10.297329630948	NA	NA	NA	NA	NA	NA	NA	-8.31290091933678	-10.7380506033002	NA	-10.0539173365468	NA	NA	NA	NA	NA	NA	NA	-9.52927422778173	-10.2739376669932	NA	-7.10309123803278	NA	NA	NA	NA	-10.3335829554599	NA	NA	-12.5294894964958	NA	-11.3921425519882	NA	NA	-8.07261746927536	NA	-5.40370037054757	NA	NA	NA	NA	-11.4561779908688	-10.6881738915828	-8.79876629412857	-9.17677637809464	-10.3282051254056	-7.29159811020884	-5.5848994826519	-5.38252658155712	-2.57820188207348	NA	NA	NA	-10.3008774941891	NA	NA	NA	NA	NA	NA	NA	NA	NA	-7.15897380740208	-8.93746383690806	NA	-9.36884354325005	NA	NA	-9.15907094970547	NA	NA	-5.43145741353527	-6.71339592782985	NA
SLC_SMT_NEG_155J	NA	NA	NA	NA	NA	NA	NA	NA	NA	NA	NA	NA	NA	NA	NA	NA	NA	NA	NA	NA	NA	NA	NA	NA	NA	-3.13223133847275	NA	NA	NA	NA	NA	NA	NA	NA	NA	NA	NA	NA	NA	NA	-0.561340792621145	NA	NA	NA	NA	NA	NA	NA	NA	NA	NA	NA	NA	NA	NA	NA	NA	NA	NA	NA	NA	NA	NA	NA	NA	NA	NA	NA	NA	NA	NA	NA	NA	NA	NA	NA	NA	NA	NA	NA	NA	NA	NA	NA	NA	NA	NA	NA	NA	NA	NA	NA	NA	NA	NA	NA	NA	NA	NA	NA	NA	NA	NA	NA	NA	NA	NA	NA	NA	NA	NA	NA	NA	NA	NA	NA	NA	NA	NA	NA	NA	NA	NA	NA	NA	NA	NA	NA	NA	NA	NA	NA	NA	NA	NA	NA	NA	NA	NA	NA	NA	NA	NA	NA	NA	NA	NA	NA	NA	NA	NA	NA	NA	NA	NA	NA	NA	NA	NA	NA	NA	NA	NA	NA	NA	NA	NA	NA	NA	NA	NA	NA	NA	NA	-2.26343468543012	NA	NA	NA	NA	NA	NA	NA	NA	NA	NA	NA	NA	NA	NA	NA	NA	NA	NA	NA	NA	NA	NA	NA	NA	NA
SLC_SMT_NEG_137I	NA	NA	NA	-7.17815464708534	NA	NA	NA	NA	NA	NA	-2.65312861426477	-9.7828326809776	NA	-9.45798215771527	NA	NA	NA	-9.43493069980171	-8.98098937210556	NA	NA	-9.77405342564441	NA	-6.48015192396344	-8.38033090295922	NA	-8.20035990413547	-4.38682770024604	-9.05467006001779	NA	NA	NA	NA	NA	NA	-4.30618724050982	NA	-9.01872094479827	NA	NA	-1.50824015209902	NA	NA	-3.01324549744453	NA	NA	NA	NA	NA	NA	NA	NA	NA	-6.79450295827637	NA	NA	NA	NA	NA	NA	NA	NA	NA	NA	NA	NA	NA	NA	NA	-6.82814535834973	-4.6081270237766	NA	NA	-10.0933877442363	NA	NA	NA	NA	-10.6481270001766	NA	NA	NA	NA	NA	NA	NA	NA	NA	NA	NA	NA	-8.05841409990207	NA	-9.23251183161222	NA	-6.82243878403366	NA	NA	NA	NA	NA	NA	NA	-9.58352387275419	-7.41475485385877	NA	NA	NA	NA	NA	NA	NA	NA	NA	NA	NA	NA	NA	NA	NA	NA	NA	NA	NA	NA	-9.27523159270402	NA	NA	NA	NA	NA	NA	-6.03697286550309	NA	NA	NA	-10.9757762990226	NA	NA	NA	-9.26227191521654	NA	NA	-3.60123234420795	NA	NA	NA	NA	NA	NA	NA	NA	NA	NA	NA	NA	NA	NA	NA	NA	NA	-6.88296416334265	NA	NA	NA	-6.6223748823682	NA	NA	NA	-9.59855140137963	-10.4597706967776	NA	NA	NA	NA	NA	-8.85043736820368	NA	NA	NA	NA	-9.28693217556382	NA	-9.71704203062247	NA	-7.90868924623704	-9.33142883035526	-7.87910975808635	NA	-7.47506347337294	NA	NA	-10.7981375456937	NA	NA	NA	-10.090429127376	-8.25464476717159	NA	NA
SLC_SMT_NEG_101I	NA	NA	-9.15388461953835	NA	NA	NA	-8.86343578979583	-6.46708044573229	-8.69314365179066	-5.71247295830266	-4.74625199567301	NA	NA	NA	NA	NA	NA	NA	NA	NA	NA	NA	-7.72470497376892	NA	NA	-6.36385426714257	NA	-6.18236766948479	-10.2006749689538	-8.85056216147489	NA	-8.41621630005826	NA	-7.71910403799106	NA	-7.68030492226405	-8.68499496870116	NA	NA	-9.17691154856436	-2.70926766592889	NA	NA	-6.83083232839023	NA	NA	-5.54552195808758	NA	NA	NA	-7.66444682181683	-4.91744327435837	-7.15947467642141	-6.93463354648151	NA	NA	NA	-10.3855616567029	NA	-6.46740797738495	-8.34236853224495	-9.12156467491136	-9.2635599791186	NA	-8.65086753591081	-7.80618098799375	-9.10024409062291	NA	-3.47582644293806	-8.87700536490313	-5.08747548929222	NA	NA	NA	NA	NA	NA	NA	NA	NA	NA	NA	NA	NA	NA	NA	NA	NA	NA	NA	NA	NA	NA	NA	NA	NA	NA	NA	NA	NA	NA	NA	NA	NA	NA	NA	NA	NA	NA	NA	NA	NA	-5.86676223134362	-9.15969520118314	NA	-9.39363125201143	NA	NA	NA	NA	NA	NA	NA	NA	NA	NA	NA	NA	NA	NA	NA	NA	-7.44151806267694	NA	NA	-8.00619320366467	NA	NA	-8.16428977526039	NA	NA	NA	NA	-8.32752657712517	NA	NA	-6.41035312086822	NA	NA	NA	NA	-9.06627707156277	NA	NA	-10.3472829974931	NA	-9.89907406763954	NA	NA	-7.9368995601006	NA	-3.87549685000964	NA	NA	NA	NA	-9.782554980512	-9.31391521509217	-7.37492313625657	-9.4657437960124	NA	-6.53439869027698	-5.40473582057959	-6.74752759551208	-1.73726064118871	NA	-9.10092149175797	NA	NA	NA	NA	NA	NA	NA	NA	NA	NA	NA	-6.87725920409458	NA	NA	-8.78418606609093	NA	NA	NA	NA	NA	NA	NA	NA
SLC_SMT_NEG_17I	NA	NA	NA	NA	NA	NA	NA	NA	NA	-7.00691893500105	-4.5400229557494	NA	NA	NA	NA	NA	NA	NA	NA	NA	NA	NA	-6.83343926995368	NA	NA	-5.24106391001741	NA	NA	NA	NA	NA	NA	NA	-6.92868042133336	NA	-6.79545850967416	-7.14232592499593	NA	NA	NA	-1.71521047396701	NA	NA	-6.78979843862045	NA	NA	-5.79504360432473	NA	NA	NA	NA	-6.09423163679489	-7.26873666015389	-7.02707877118257	NA	NA	NA	NA	NA	-6.00331989347825	-7.07866222542375	NA	NA	NA	NA	-5.80573079718117	NA	NA	-3.21018481875495	NA	-6.08068351477841	NA	NA	NA	NA	NA	NA	NA	NA	NA	NA	NA	NA	NA	NA	NA	NA	NA	NA	NA	NA	NA	NA	NA	NA	NA	NA	NA	NA	NA	NA	NA	NA	NA	NA	NA	NA	NA	NA	NA	NA	NA	-7.56837080024675	NA	NA	NA	NA	NA	NA	NA	NA	NA	NA	NA	NA	NA	NA	NA	NA	NA	NA	NA	-7.16519958797493	NA	NA	NA	NA	NA	-6.33705838488886	NA	NA	NA	NA	-5.69895988590545	NA	NA	-3.86640468974932	NA	NA	NA	NA	NA	NA	NA	NA	NA	-7.02740362933321	NA	NA	-7.24493084245877	NA	-5.58226409826495	NA	NA	NA	NA	NA	NA	-6.50355212225091	NA	NA	-6.29147807308874	-6.4365509150004	-5.91388961137565	-2.65835586009537	NA	NA	NA	NA	NA	NA	NA	NA	NA	NA	NA	NA	NA	NA	NA	NA	NA	NA	NA	NA	NA	NA	NA	-7.00547824080444	NA
SLC_SMT_NEG_158J	NA	NA	NA	NA	NA	NA	NA	NA	NA	NA	NA	NA	NA	NA	NA	NA	NA	NA	NA	NA	NA	NA	NA	NA	NA	NA	NA	NA	NA	NA	NA	NA	NA	NA	NA	NA	NA	NA	NA	NA	0	NA	NA	NA	NA	NA	NA	NA	NA	NA	NA	NA	NA	NA	NA	NA	NA	NA	NA	NA	NA	NA	NA	NA	NA	NA	NA	NA	NA	NA	NA	NA	NA	NA	NA	NA	NA	NA	NA	NA	NA	NA	NA	NA	NA	NA	NA	NA	NA	NA	NA	NA	NA	NA	NA	NA	NA	NA	NA	NA	NA	NA	NA	NA	NA	NA	NA	NA	NA	NA	NA	NA	NA	NA	NA	NA	NA	NA	NA	NA	NA	NA	NA	NA	NA	NA	NA	NA	NA	NA	NA	NA	NA	NA	NA	NA	NA	NA	NA	NA	NA	NA	NA	NA	NA	NA	NA	NA	NA	NA	NA	NA	NA	NA	NA	NA	NA	NA	NA	NA	NA	NA	NA	NA	NA	NA	NA	NA	NA	NA	NA	NA	NA	NA	NA	NA	NA	NA	NA	NA	NA	NA	NA	NA	NA	NA	NA	NA	NA	NA	NA	NA	NA	NA	NA	NA	NA	NA	NA	NA
SLC_SMT_NEG_110J	NA	NA	NA	NA	NA	NA	-9.65273357401714	-7.38621972368839	-9.64139420401975	-6.63446725955989	-5.09190237975973	NA	NA	NA	NA	NA	NA	NA	NA	NA	NA	NA	-6.93009224696014	NA	NA	-6.73662218987681	NA	-6.57838836296695	NA	-10.3617601612735	NA	-9.112725172623	NA	-6.84218292940708	-9.96163367804869	-8.7747144927926	-9.06190436922468	NA	NA	-10.3587126420987	-2.49613381743297	NA	NA	-6.78911662398115	NA	NA	-6.0901835989618	NA	-9.28418321000654	NA	-8.81294028935836	-4.74652742789311	-7.61234044267221	-7.82327398193305	-9.51914597622234	NA	NA	-11.6983295843852	NA	-5.78382509502847	-8.71406515067631	-9.90529913704815	-10.0641364919612	NA	-7.05276397623337	-5.70109507130851	-9.42984801701193	NA	-2.07141191099466	-10.1591583464816	-4.72378863165866	NA	NA	NA	NA	NA	NA	NA	NA	NA	NA	NA	NA	NA	NA	NA	NA	NA	NA	NA	NA	NA	NA	NA	NA	NA	NA	NA	NA	NA	NA	NA	NA	NA	NA	NA	NA	NA	NA	NA	NA	NA	-6.68941258536377	-9.3873837820401	NA	NA	NA	NA	NA	NA	NA	NA	NA	NA	NA	NA	NA	NA	NA	NA	NA	NA	-8.33074949308561	NA	NA	-9.79759011823069	NA	NA	NA	NA	NA	NA	NA	-8.24539146451671	-10.6179770427299	NA	-5.32316948290016	NA	NA	NA	NA	NA	NA	NA	-11.6346515471045	NA	-10.2591769685478	NA	NA	-8.66247079601875	NA	-5.75544242273938	NA	NA	NA	NA	-10.4530605944062	-9.57578734624274	-7.72018773179116	-10.5137971522301	-10.6797657653469	-7.59397052751634	-5.36217016274187	-5.99897188572269	-2.40366037555372	NA	NA	NA	NA	NA	NA	NA	NA	NA	NA	NA	NA	NA	-7.23170159317179	-9.31597077207592	NA	-9.83659414265939	NA	NA	-9.44003811361261	NA	NA	-9.01803227218533	-7.63947441907801	NA
SLC_SMT_NEG_153J	NA	NA	NA	NA	NA	-9.89076622328524	-10.3513969981963	-10.1917121190283	NA	-7.96734925508276	-3.84578808947096	NA	NA	NA	NA	NA	NA	NA	NA	NA	NA	NA	-7.71340211758852	NA	NA	-5.17955817156679	NA	-10.7026047259961	NA	NA	-10.8937047028962	-9.86497022240791	NA	-7.90653246387323	NA	-8.68884309653938	-8.69904489696158	NA	NA	NA	-2.52112331810681	NA	NA	-8.44434482548265	NA	NA	-4.66573602196653	NA	-8.65342461335087	-10.5218607207207	-10.8270273375138	-5.56343229162287	-8.7438112075948	-8.78459207119341	-9.411896220569	-11.7695798767652	-12.2086880507956	-10.478128034112	NA	-5.54802952599917	-7.96443724359778	-10.0713841328134	-9.37920016609682	NA	-8.51520816420433	-5.75933770187959	-9.65388122153036	NA	-2.34480556153492	-10.1114147138942	-6.57605789671603	NA	NA	NA	NA	NA	NA	NA	NA	NA	NA	NA	NA	NA	NA	NA	NA	NA	NA	NA	NA	NA	NA	NA	-10.1067474516332	NA	NA	NA	NA	NA	NA	NA	NA	NA	NA	NA	NA	NA	NA	NA	NA	NA	-8.86795288686471	-10.8609390048481	NA	-11.0575878390139	NA	NA	NA	NA	NA	NA	NA	NA	NA	NA	NA	NA	NA	NA	NA	NA	-8.69335884433771	NA	NA	NA	NA	NA	-7.82817464721233	NA	NA	NA	NA	-6.90154538932239	-9.86074732278563	-10.8835434605483	-3.26711195082669	-12.2033312022952	NA	NA	NA	NA	NA	NA	-11.6099677660634	NA	-7.61268867312954	NA	NA	-8.2829582816642	-10.2209371907821	-7.88529702351228	NA	NA	-10.1326641392906	NA	-11.153174527323	-11.4560972726751	-7.19584674004734	NA	NA	-6.98682718056551	-6.18371050379864	-5.85881395653207	-2.46915169274298	NA	NA	NA	NA	NA	NA	NA	NA	NA	NA	NA	NA	NA	-9.16058776394159	-9.58141756540111	NA	-10.8854919954757	NA	NA	-10.0311395938809	NA	NA	NA	-8.96887202471136	NA
SLC_SMT_NEG_193I	-10.7520123765198	-12.0378408891658	-10.5793035214968	-11.0922233458071	-10.2629550467923	NA	-9.8807065818219	-7.16030707290401	-11.5909303203911	-6.7918343453247	-7.0112569353977	NA	-12.2607101753716	-11.0613643467925	NA	NA	NA	-10.5834079198295	-10.1726828274164	-12.2350652648843	-11.7592166775546	-11.1469032273607	-6.61667037396126	NA	NA	-8.24987441812563	NA	-7.4486382496125	-9.94576830821505	-9.30316568524618	-10.550639976545	-8.56067178778486	NA	-7.44444756760506	-11.5219095155729	-6.69926508566219	-9.28514694526798	NA	NA	-10.3570226300619	-2.21106951635553	-11.2583125458635	-11.1088427191639	-7.39210500342179	-9.49135092549646	NA	-5.48279751386869	NA	-11.4939239947469	-11.3181787056716	-9.30911439658103	-5.30917677256781	-8.61032511360042	-9.3827927598332	-10.293954683392	-12.3509012532987	-11.5664794811392	-10.3983180343261	-11.3573572715079	-7.24628050942939	-9.3695407306568	-11.7314801096256	-9.86535543606362	NA	-8.88568582816597	-5.83988575248512	-8.49446062894992	NA	-2.73117091733357	-10.1622669176286	-4.5188025291049	-10.4162765266412	NA	NA	NA	NA	NA	NA	NA	NA	-10.0967792776056	NA	-9.42630540536607	-11.0181299358049	NA	-11.2064478813743	-11.1495088514078	NA	-9.93453162554032	-11.1836194787009	-10.3566323131219	-10.333953180093	NA	NA	-9.64747449948849	-10.2924607682753	NA	NA	-10.7880231540328	-10.6546195304681	-11.2591460520849	-10.4971775262055	-10.0224574501147	-11.0292841654583	NA	-10.4794642824443	-10.9470688839852	-10.7340850366785	NA	-10.2038377581195	NA	-10.4673737441277	-6.99214161668631	-10.6450552703366	-11.436699126054	-10.5639025490601	-10.976838962919	-10.3636742258847	NA	NA	-9.74058163039945	NA	NA	-9.26790085145514	NA	NA	-11.8886655225749	-11.2557109383476	-11.5837341664198	-11.9027612569827	-10.9463974726684	-12.1198719028595	-8.23614184563747	NA	-12.1157142773858	NA	NA	-8.97053267338795	-10.6323107711599	-9.61237053457954	-10.4056822617229	NA	-12.3595902003562	-8.15632256389681	-11.9957295627893	NA	-5.01837108488542	NA	-11.8843188400362	-11.8420256894675	-11.5227850511918	-10.1515387064114	-11.638533375451	-12.2957708053464	-9.92846934935948	-12.2542560847652	-8.99102694382405	NA	NA	-8.06544777597454	-6.20439577697764	-3.87528263253648	-9.89784452054346	NA	-11.2835296185621	-11.2599800401367	-10.7143759780416	-9.12789019076629	-6.93993018294668	-10.5058690434786	-10.5001304657876	-7.26236086010901	-4.76321567814232	-5.15113220467859	-2.94190464105265	NA	-10.5407882858917	-11.3686690710365	-11.1736647202202	NA	-11.2061464721931	-11.2695007424955	-10.5937531496201	-11.2344504363897	-11.2412280040328	NA	NA	NA	-5.33348504012776	-10.2434427413257	NA	-11.3453588145155	NA	NA	-11.2118840424507	-8.79012982773938	NA	-10.6744962403887	-10.7994965387439	-11.2833176445622
SLC_SMT_NEG_159I	NA	NA	NA	NA	NA	NA	NA	NA	NA	NA	-2.71393507283556	NA	NA	NA	NA	NA	NA	NA	NA	NA	NA	NA	NA	NA	NA	NA	NA	-3.34174887641636	NA	NA	NA	NA	NA	NA	NA	NA	NA	NA	NA	NA	-1.02032200011775	NA	NA	-4.70714057813779	NA	NA	NA	NA	NA	NA	NA	NA	NA	NA	NA	NA	NA	NA	NA	NA	NA	NA	NA	NA	NA	NA	NA	NA	NA	NA	-4.2505434616506	NA	NA	NA	NA	NA	NA	NA	NA	NA	NA	NA	NA	NA	NA	NA	NA	NA	NA	NA	NA	NA	NA	NA	NA	NA	NA	NA	NA	NA	NA	NA	NA	NA	NA	NA	NA	NA	NA	NA	NA	NA	NA	NA	NA	NA	NA	NA	NA	NA	NA	NA	NA	NA	NA	NA	NA	NA	NA	NA	NA	NA	NA	NA	NA	NA	NA	NA	NA	NA	NA	NA	NA	-4.21304764729174	NA	NA	NA	NA	NA	NA	NA	NA	NA	NA	NA	NA	NA	NA	NA	NA	NA	-4.14020489489735	NA	NA	NA	NA	NA	-5.63766610249538	NA	NA	NA	NA	NA	NA	NA	NA	NA	NA	NA	NA	NA	NA	NA	NA	NA	NA	NA	NA	NA	-4.86113556385265	NA	NA	NA	NA	NA	NA	NA	NA	NA	NA
SLC_SMT_NEG_103I	NA	NA	NA	NA	NA	-11.1195250955545	-8.99701226395789	-6.00145791434182	-9.91076713852491	-6.19524080456672	-5.4721637924423	NA	NA	NA	NA	NA	NA	NA	NA	NA	NA	NA	-11.1979268545684	NA	NA	-5.79834807586809	NA	-6.03501130165662	-10.9591965751908	-11.0890945628045	NA	-8.91515710685994	NA	NA	NA	-11.0648165298103	NA	NA	NA	-10.9342098033988	-2.38455068367813	NA	-11.2292176610376	-8.78497721965027	NA	NA	-7.66703430918999	NA	NA	NA	-8.12546530586926	-6.90640598448833	-8.8147423703349	-10.8524007848439	-9.6653943088305	NA	NA	-12.4167326794778	NA	NA	NA	NA	NA	NA	-9.14936375695694	-10.7743039981505	-10.9915771372203	NA	-5.51040432060916	NA	-1.5695923161536	NA	NA	NA	NA	NA	NA	NA	NA	NA	NA	NA	NA	NA	NA	NA	NA	NA	NA	NA	NA	NA	NA	NA	NA	-10.6438417214138	NA	NA	NA	NA	NA	-9.82396276481553	NA	NA	NA	NA	NA	NA	NA	NA	NA	NA	-5.47487584989847	-10.0720293265018	NA	-11.5208795234853	NA	NA	NA	NA	NA	NA	NA	NA	-10.832594475011	NA	NA	-10.8459665544723	NA	NA	-11.3962188356741	NA	-8.93594865699771	NA	NA	-10.4676835783879	NA	NA	NA	NA	NA	NA	NA	-10.8161973748362	NA	NA	-11.1470915072167	NA	NA	NA	NA	-10.7119798873706	NA	NA	-12.908034054878	-12.5697171313995	-11.7846353622874	NA	NA	-7.58137259860074	NA	-5.04528045393498	NA	NA	NA	NA	-10.8428787963737	-9.12517673078824	NA	-10.5951698338248	-11.1122144885171	-10.0930398197943	-5.86240309211094	-9.6792021256721	-2.09944905009702	NA	NA	NA	-11.130488534287	NA	NA	NA	NA	NA	NA	NA	NA	NA	-8.60265799550185	-9.948881727797	NA	-8.99615445952668	NA	NA	NA	NA	NA	-11.6567137441379	-11.035913720891	NA
SLC_SMT_NEG_155I	NA	NA	NA	NA	NA	NA	NA	NA	NA	NA	NA	NA	NA	NA	NA	NA	NA	NA	NA	NA	NA	NA	NA	NA	NA	NA	NA	NA	NA	NA	NA	NA	-5.80176816233422	NA	NA	NA	NA	NA	NA	NA	-0.221500079612649	NA	NA	NA	NA	NA	NA	NA	NA	NA	NA	NA	NA	NA	NA	NA	NA	NA	NA	NA	NA	NA	NA	NA	NA	NA	NA	NA	NA	NA	NA	NA	NA	NA	NA	NA	NA	NA	NA	NA	NA	NA	NA	NA	NA	NA	NA	NA	NA	NA	NA	NA	NA	-5.17413736539082	NA	NA	NA	NA	NA	NA	NA	NA	NA	NA	NA	NA	NA	NA	NA	NA	NA	NA	NA	NA	NA	NA	NA	NA	NA	NA	NA	NA	NA	NA	NA	NA	NA	NA	NA	NA	NA	NA	NA	NA	NA	NA	NA	NA	NA	NA	NA	NA	NA	NA	NA	NA	NA	NA	NA	NA	NA	NA	NA	NA	NA	NA	NA	NA	NA	NA	NA	-4.00557839388856	NA	NA	NA	NA	NA	NA	NA	-6.49544730589418	NA	NA	NA	NA	-6.38702921551405	NA	NA	NA	NA	NA	NA	NA	NA	NA	NA	NA	NA	NA	NA	NA	NA	NA	NA	NA	NA	NA	NA	-6.45319678623088	NA	NA
SLC_SMT_NEG_191J	NA	NA	NA	NA	-10.0984128353286	NA	-9.80504838749212	-7.53607756919583	NA	-7.197429421792	-9.72956754666833	NA	NA	NA	NA	NA	NA	NA	NA	NA	NA	NA	-7.9897138596925	NA	NA	-4.99650573000118	NA	-5.93727884884719	-10.1131105208439	NA	-10.4211583333831	-8.99206915033897	NA	-7.11957723345947	NA	-8.25705457066954	-9.27926036505097	NA	NA	-9.60189554985837	-1.35008316348615	NA	NA	-7.89878496310411	NA	NA	-6.31479652227774	NA	-9.93927073106295	-9.21676735719789	-8.74537439140641	-6.56441693604962	-9.80856218688339	-10.052861845921	-8.18815426577552	NA	NA	-11.4213735164756	NA	-7.76746390114714	-9.9358852051467	NA	NA	NA	-9.04620963798102	-8.46656644750399	NA	NA	-4.69237340993029	-10.3666866421093	-4.69223952446136	NA	NA	NA	NA	NA	NA	NA	NA	-8.76094782180535	NA	NA	-9.64208119529073	NA	NA	NA	NA	NA	NA	NA	NA	NA	NA	NA	NA	NA	NA	NA	NA	NA	NA	NA	NA	NA	NA	NA	NA	NA	NA	NA	NA	NA	-7.17884740655914	-9.83168438592723	NA	NA	NA	NA	NA	NA	NA	NA	NA	NA	NA	NA	NA	NA	NA	NA	NA	NA	-8.40676043369945	NA	NA	NA	NA	-10.3084146703853	-8.87258378768655	NA	NA	NA	NA	-9.38262473274145	-10.4681771872885	NA	-4.96766579664725	NA	NA	NA	NA	NA	NA	NA	-11.7768288537502	NA	-10.9042632259735	NA	NA	-8.07410364411668	-8.75795552405124	-6.50727028928472	NA	NA	NA	NA	-8.81469667321899	-8.24129821325105	-9.49555532963132	-9.18062202338237	-8.6896899588447	-8.01701434605152	-6.2197232815512	-6.12691726038101	-1.89132283287985	NA	-10.1429628708606	-9.92837314768716	NA	NA	NA	NA	NA	NA	NA	NA	NA	NA	-7.14014889286469	-8.82640318126516	NA	-10.1707302557768	NA	NA	-9.87848016880079	NA	NA	-9.70473614838177	-9.6937779273782	NA
SLC_SMT_NEG_160J	NA	NA	NA	NA	NA	NA	-7.84742989877181	-6.92552157685469	-7.29691969119506	NA	-2.44092559080487	NA	NA	NA	NA	NA	NA	NA	NA	NA	NA	NA	-5.49987661270327	NA	NA	-5.84969317932847	NA	NA	NA	NA	NA	NA	NA	-6.32905365835104	NA	-7.01478563795761	-6.5277212452984	NA	NA	NA	-4.36418806890933	NA	NA	-6.99251109613354	NA	NA	-4.77490917405165	NA	-6.77820827231275	NA	NA	-5.59815148968155	-7.0558349630527	-7.30090999948053	NA	NA	NA	NA	NA	-5.47582592656567	-6.26997662635682	-7.41174952469528	NA	NA	NA	-4.9412787376564	-7.22881869049588	NA	-4.13795009154664	-7.0457555435658	-4.91807093237195	NA	NA	NA	NA	NA	NA	NA	NA	NA	NA	NA	NA	NA	NA	NA	NA	NA	NA	NA	NA	NA	NA	NA	NA	NA	NA	NA	NA	NA	NA	NA	NA	NA	NA	NA	NA	NA	NA	NA	NA	NA	-7.31900423801259	NA	NA	NA	NA	NA	NA	NA	NA	NA	NA	NA	NA	NA	NA	NA	NA	NA	NA	NA	NA	NA	NA	NA	NA	-7.57368709925058	NA	NA	NA	NA	NA	-4.84929137037423	-7.51596213576095	NA	-2.94264184670894	NA	NA	NA	NA	NA	NA	NA	NA	NA	-4.50406807637965	NA	NA	-6.85005855733242	NA	-4.91535373950286	NA	NA	NA	NA	NA	NA	-5.70183157991589	NA	NA	-6.00027623732468	-6.2692923518387	-5.60116203341411	-4.14786586808758	NA	NA	NA	NA	NA	NA	NA	NA	NA	NA	NA	NA	NA	-6.59901100417876	NA	NA	NA	NA	NA	NA	NA	NA	NA	-6.76285368569223	NA
SLC_SMT_NEG_192I	NA	NA	NA	NA	NA	NA	-8.4994436337261	-6.93295773612124	NA	-6.85356938896919	-6.83045214934453	NA	NA	NA	NA	NA	NA	NA	NA	NA	NA	NA	-5.93783003530593	NA	NA	-5.56264126593796	NA	-7.32764996608791	NA	NA	NA	-7.90128256415099	NA	-6.9242031792929	-8.41117107305891	-6.34730668030247	NA	NA	NA	NA	-1.99039143777029	NA	NA	-6.31536588144725	NA	NA	-4.77222575680651	NA	NA	-8.0438650843373	-8.05787829145682	-5.16550496628367	-7.23155148568333	-7.48687685601028	NA	NA	NA	-9.21984577112021	NA	-6.53997634384044	-7.91601184406725	NA	-7.86092134155798	NA	-7.33093590162865	-4.65471208005128	-7.87905210165828	NA	-3.34222441890277	-7.45240937823216	-5.70968009000421	NA	NA	NA	NA	NA	NA	NA	NA	NA	NA	NA	NA	NA	NA	NA	NA	NA	NA	NA	NA	NA	NA	NA	NA	NA	NA	NA	NA	NA	NA	NA	NA	NA	NA	NA	NA	NA	NA	NA	NA	NA	-7.17506977425063	-8.7113772482666	NA	NA	NA	NA	NA	NA	NA	NA	NA	NA	NA	NA	NA	NA	NA	NA	NA	NA	-7.5193414204481	NA	NA	NA	NA	NA	-6.55559885387267	NA	NA	NA	NA	-7.29807586653809	NA	NA	-4.72612667822841	NA	NA	NA	NA	NA	NA	NA	-9.42297183278714	NA	-6.92061374602626	NA	NA	-7.82916975366819	NA	-5.86905199860871	NA	NA	NA	NA	-8.05281784247443	-7.82181801826442	-7.0993036873849	-8.18477529744456	-7.50672901951422	-5.71289161742411	-4.15731003398373	-4.98564836939612	-3.48378371968777	NA	NA	NA	NA	NA	NA	NA	NA	NA	NA	NA	NA	NA	-5.29569385563897	-7.55745577520768	NA	NA	NA	NA	NA	NA	NA	NA	-7.53206505529529	NA
SLC_SMT_NEG_158I	NA	NA	NA	-8.91764189932092	NA	NA	NA	NA	NA	NA	-2.55246024485519	NA	NA	NA	NA	NA	NA	-10.6900058813372	-10.4559844883459	-11.5908072006103	-11.2431469706847	-10.7308909154635	NA	NA	NA	NA	-10.0520741399661	-5.00193235285865	-10.3854154861233	NA	NA	NA	NA	NA	NA	-10.3182332376488	NA	NA	NA	NA	-0.640338302600589	NA	NA	-5.64863705320439	NA	NA	NA	NA	NA	NA	NA	NA	NA	-9.32128514870354	NA	NA	NA	NA	NA	NA	NA	NA	NA	NA	NA	NA	NA	NA	NA	NA	-3.64896838814627	NA	NA	-10.7719242808126	-11.5938024960297	-11.6678637752475	-11.7817434691386	-11.8756413033015	-11.8578059433322	NA	NA	NA	NA	NA	NA	NA	NA	NA	NA	NA	NA	-9.03533712242229	NA	-10.4153687082249	NA	-7.42348032440875	NA	NA	NA	NA	NA	NA	NA	NA	-8.43058180217139	NA	NA	NA	NA	NA	NA	NA	NA	NA	NA	NA	NA	NA	NA	NA	NA	NA	NA	NA	NA	-10.7651553301901	NA	NA	NA	NA	NA	NA	-6.54075368562995	NA	NA	NA	-10.3441886059582	NA	NA	NA	NA	NA	NA	-7.05600092248653	NA	NA	NA	NA	NA	NA	NA	NA	NA	NA	NA	NA	NA	NA	NA	NA	NA	-8.24314697068468	NA	NA	NA	-7.6320148524374	NA	NA	NA	-10.8971112164934	-11.4022822590914	NA	NA	NA	NA	NA	NA	NA	NA	NA	NA	-10.798391659664	NA	-10.9526705075865	NA	NA	NA	NA	NA	-8.26782071976282	NA	NA	-11.8764827702492	NA	NA	NA	-10.1893558617502	-10.4476234389174	NA	NA
SLC_SMT_NEG_110I	NA	NA	NA	-11.8177627518071	NA	-11.318410928595	-8.85391234204961	-5.9421733774244	-10.3359991387274	-6.44117056057355	-3.89965039607252	NA	NA	-11.5586775820793	NA	NA	NA	NA	-11.2251823375339	-12.0571787653952	NA	-11.4273079071918	-10.8923704070276	NA	NA	-4.7493473601514	NA	-6.31865926578602	-11.7583479714945	-10.987378894117	NA	-8.62194565815941	NA	-11.6417435190088	-11.7480368254636	-9.86039585681583	NA	NA	NA	-11.3039685719989	-2.35764713741874	-11.2159751943405	-11.8414697190138	-9.36525054710958	NA	-11.236349072246	-5.61020294084198	NA	NA	NA	-8.11665500197248	-4.40067240513677	-7.99199761432359	-10.5362019540939	-10.6186641142859	-13.8580068417528	-13.4684494347511	-11.9185505837247	NA	-11.3288313832441	-11.6082001016781	NA	NA	NA	-8.65936573900253	-8.72471653129377	-9.48988625343768	NA	-4.31692759054348	-10.3536958442916	-1.78441549265285	-10.9811596468634	NA	NA	NA	NA	NA	NA	NA	NA	-12.1470857377483	NA	-11.799162434328	NA	NA	-11.8030115973156	NA	NA	NA	NA	NA	NA	NA	NA	NA	-11.4073379204477	NA	NA	NA	NA	NA	-10.5640689659887	NA	-11.3481693082898	NA	NA	NA	NA	NA	NA	NA	-11.7690228960132	-6.0057938675285	-9.7257348753876	NA	-11.2754076467088	NA	-11.8134260648219	NA	-11.4136620732196	-11.1415453913414	-11.7745354629569	-11.1422016092472	NA	-10.5025297274452	NA	-11.84665543465	-9.57026883642168	NA	NA	-12.0601875152675	NA	-8.45486197726822	NA	NA	-10.514071107621	NA	NA	-11.1854124089509	NA	NA	-12.0931607413042	NA	-9.42999539600613	NA	NA	-10.569669717113	-13.1068201412105	NA	NA	NA	-9.8888261837716	NA	NA	-12.0794498936916	-13.1746316112137	-10.9452964406383	NA	NA	-7.66201849340952	NA	-5.5895792085742	NA	NA	NA	NA	-9.2029826111188	-7.597040116584	-11.2537693671034	-10.3501715860925	-10.6551281066322	-9.55833346877033	-7.62628351080357	-9.42902274757068	-2.87886115096477	NA	-11.5550528752832	NA	-11.1968585803901	-11.7150256424438	NA	NA	NA	NA	-11.2051603382924	NA	NA	NA	-7.8686238561566	-9.03339723834776	NA	-9.44437529977223	NA	NA	NA	-10.9672220686563	NA	-11.454527199647	-11.0167332396767	NA
SLC_SMT_NEG_153I	NA	NA	NA	NA	NA	-9.80348076139979	-10.0976860591945	-10.388717439708	NA	-8.22415851655641	-5.98061422224818	NA	NA	NA	NA	NA	NA	NA	NA	NA	NA	NA	NA	NA	NA	-5.15504802454043	NA	-10.5634008579268	NA	NA	NA	-9.73108760310211	NA	NA	NA	NA	NA	NA	NA	-10.5180672953389	-0.802291690903511	NA	NA	-10.1855607640164	NA	NA	-7.56746875180214	NA	NA	NA	-10.4716732509025	-8.33554069229626	-9.82680670944772	NA	-9.63331209028256	NA	NA	-11.8921229361459	NA	-9.85221642794347	-10.4295991764525	NA	NA	NA	NA	-8.76982673767697	NA	NA	-4.33008783292983	NA	-8.17088006493284	NA	NA	NA	NA	NA	NA	NA	NA	NA	NA	NA	NA	NA	NA	NA	NA	NA	NA	NA	NA	NA	NA	NA	-9.86703798673121	NA	NA	NA	NA	NA	NA	NA	NA	NA	NA	NA	NA	NA	NA	NA	NA	NA	-9.64054219027359	-10.7293156984113	NA	NA	NA	NA	NA	NA	NA	NA	NA	NA	NA	NA	NA	NA	NA	NA	NA	NA	-9.26057712921953	NA	NA	NA	NA	NA	NA	NA	NA	NA	NA	-8.9064199254579	NA	NA	-7.73599775425712	NA	NA	NA	NA	NA	NA	NA	NA	NA	-10.7769686740027	NA	NA	-8.97652074319117	-10.3579531033795	-7.58706152607155	NA	NA	NA	NA	-10.8209120215903	-10.6967692272854	NA	-10.8598362137178	NA	-9.48172813416539	-8.93010866660767	-7.08596792686131	-1.91335145760211	NA	NA	NA	NA	NA	NA	NA	NA	NA	NA	NA	NA	NA	-10.6755393607253	-9.21669174049329	NA	-10.4338366671359	NA	NA	NA	NA	NA	NA	-8.22122576148662	NA
SLC_SMT_NEG_109J	NA	NA	NA	-11.3966807706293	-11.7399060253999	NA	-9.91285640396027	-6.75549719380998	-10.899768473361	-6.7903100758437	-9.24688312357635	NA	NA	NA	NA	NA	NA	NA	NA	NA	NA	-11.699042824397	-9.52678482622835	NA	NA	-5.23232752450847	NA	-6.04587580353104	-10.1276795230337	-9.64067378965449	-10.7330146088583	-8.95381385767325	NA	-7.60917481759426	NA	-8.58826462628426	-10.0975329522254	NA	NA	-9.40764504205675	-1.06143758945886	NA	-11.546265740196	-8.97599279812951	NA	-11.1503995995338	-7.85230168385974	NA	NA	-9.74075960694984	-8.48059449561031	-6.15056838830816	-11.1751305637651	-11.9571875359127	-8.08648531528423	-13.5882280463316	NA	-11.8896353673248	NA	-10.4619413861421	-11.325559481768	NA	-11.7058528580922	NA	-10.6328050747288	-10.1404959683608	NA	NA	-4.82708008746793	NA	-4.15169387019428	-11.0976891584918	NA	NA	NA	NA	NA	NA	NA	-10.0905729324088	NA	NA	-11.2328617597258	-11.1645107913604	NA	NA	NA	NA	NA	NA	NA	NA	NA	NA	-11.0200429696835	NA	NA	NA	NA	NA	NA	NA	NA	-11.5211870113059	NA	NA	NA	NA	NA	-10.9770700347345	-11.1189866469023	-11.7049006888524	-7.44398968855299	-10.0741890329137	NA	-11.8124017686967	-11.0784474221216	-10.9014945656785	NA	NA	-11.0937371367332	-11.5214663867988	NA	NA	-11.2754592051608	NA	NA	NA	NA	NA	NA	NA	-7.89617529333166	NA	-11.6701050533861	NA	NA	-9.8329287449965	-7.6407306913488	-11.3501605560144	NA	NA	NA	-10.6168966981692	-11.8916201897816	NA	-6.14408759446453	NA	NA	NA	-12.1523452438488	-10.9250474232608	NA	-12.7470755208188	-13.0470379476394	-13.2085913391553	-12.2559195470158	NA	NA	-7.96380441015897	-8.85819994492743	-6.82780734379263	-10.9151028431387	NA	-10.7715390356469	NA	-7.27869496513137	-6.72308016605026	-9.87867790974584	-9.84376124414167	-8.63803980242958	-9.49791052763592	-5.89075713313263	-7.76051206620793	-2.30443340649381	NA	-11.0711696101123	-10.8262264676203	NA	NA	NA	NA	-11.60752416842	NA	-11.160045419836	NA	NA	NA	-6.74333866019549	-11.5188145013932	NA	-11.2412352070431	NA	NA	-12.138780516267	NA	NA	-11.996453482171	NA	NA
SLC_SMT_NEG_152J	NA	NA	NA	NA	NA	NA	NA	NA	NA	NA	NA	NA	NA	NA	NA	NA	NA	NA	NA	NA	NA	NA	NA	NA	NA	-8.76609053928461	NA	NA	NA	NA	NA	NA	NA	NA	NA	NA	NA	NA	NA	NA	-0.106968024667939	NA	NA	NA	NA	NA	-8.11767784689729	NA	NA	NA	NA	NA	NA	NA	NA	NA	NA	NA	NA	NA	NA	NA	NA	NA	NA	NA	NA	NA	NA	NA	NA	NA	NA	NA	NA	NA	NA	NA	NA	NA	NA	NA	NA	NA	NA	NA	NA	NA	NA	NA	NA	NA	NA	NA	NA	NA	NA	NA	NA	NA	NA	NA	NA	NA	NA	NA	NA	NA	NA	NA	NA	NA	NA	NA	NA	NA	NA	NA	NA	-7.67193192830184	NA	NA	NA	NA	NA	NA	NA	NA	NA	NA	NA	NA	NA	NA	NA	NA	NA	NA	NA	NA	NA	NA	NA	NA	NA	NA	NA	NA	NA	NA	NA	NA	NA	NA	NA	NA	NA	NA	NA	NA	NA	-7.16405150887875	NA	NA	NA	NA	NA	NA	NA	NA	NA	NA	NA	-6.63945440760529	-4.51759638480547	NA	NA	NA	NA	NA	NA	NA	NA	NA	NA	NA	NA	NA	NA	NA	NA	NA	NA	NA	NA	NA	NA	NA	NA	NA
SLC_SMT_NEG_191I	NA	-11.8626641547811	-11.1498861020768	-10.9226415628005	-10.6895955976004	NA	-9.32048208031786	-6.58520416905659	-10.8976022835685	-6.45040214138583	-9.88434497735923	NA	NA	NA	NA	NA	NA	-10.8367874898213	-10.9582539393209	NA	NA	-11.2493639162344	-8.44925946194952	NA	NA	-4.89444615913269	NA	-6.08019046395494	-10.1290436465468	-9.96459234157433	-10.9480057256981	-8.57309216317662	NA	-8.11242264736517	NA	-8.19486256076871	-11.009146020512	NA	NA	-10.4763440677213	-1.53604597820048	NA	NA	-7.68010833118391	-10.8043370339115	NA	-6.2872803578986	-11.2608364119647	-11.2235598591699	-9.14268119716385	-8.24712364998582	-5.466894803264	-9.70940588751433	-10.5139034209554	-9.21647322029708	-13.0940089420807	-12.812648617074	-12.1088916398618	NA	-7.24032482237744	-10.8703183158147	NA	-11.142345397744	NA	-9.01012602906859	-8.16365490470305	-10.7358615179845	NA	-3.79144693992572	-11.2601075940452	-4.35248126587209	-10.4687460307504	NA	NA	NA	NA	NA	NA	NA	-8.64919759374931	NA	NA	-10.7237532216399	NA	NA	NA	NA	NA	NA	NA	NA	NA	NA	NA	NA	NA	NA	NA	NA	NA	NA	NA	NA	NA	NA	NA	NA	NA	NA	-10.856702140311	NA	NA	-6.75928623103269	-10.0479313151303	NA	-11.3045017134037	-10.6814737808919	-11.1600473994775	NA	NA	-10.6159483244227	NA	NA	-10.5669952100113	NA	NA	NA	-11.1369832096685	NA	NA	-11.3489099216497	NA	-7.84272216219439	NA	-11.5042057584305	NA	NA	-10.6257724798528	-9.69382133453788	-11.0149131272282	-11.3215841720721	NA	NA	-9.87929979994222	-12.0810791634687	NA	-4.89514613787189	NA	-11.3915325622286	NA	-11.7792680363706	-10.8836151384281	NA	NA	-12.4362759045766	-12.9869082087802	-10.7763471777341	NA	NA	-7.85834199730509	-8.28683957326909	-6.20476818378836	NA	NA	-10.9637021004529	NA	-8.91728854188509	-8.50731576092061	-9.21506006018714	-9.97657487789487	-9.75837895454588	-8.08492981112961	-5.65553302555819	-6.7967797382467	-2.08068978739178	-11.2769642683854	-10.517208565679	-11.0530350829632	NA	-11.2391304602789	NA	NA	-11.2258349553101	NA	NA	NA	NA	NA	-6.64011961679568	-10.0332254542278	NA	-10.988114576474	NA	NA	-11.4909770241059	NA	NA	-11.6927391533388	-11.5170344217907	NA
SLC_SMT_NEG_156I	NA	NA	NA	-9.06928259196795	NA	NA	NA	NA	NA	NA	-4.40524426114828	NA	NA	NA	NA	NA	NA	-10.0622448123562	NA	NA	NA	-10.0582252492702	NA	NA	NA	NA	NA	-4.91408331716288	-10.5181703738894	-9.59713977155509	NA	NA	NA	NA	NA	-8.53022594251576	NA	NA	NA	-10.7913065724968	-0.36714344564163	NA	NA	-6.35765628568927	NA	NA	NA	NA	NA	NA	NA	NA	NA	-10.5795485884055	NA	NA	NA	NA	NA	NA	NA	NA	NA	NA	NA	NA	NA	NA	NA	-9.73135816837724	-7.78760683090584	NA	NA	-10.5656815422484	-11.0674964381688	-11.3761914943703	-11.4995448188831	-11.5886881068399	-11.6897655331861	NA	NA	NA	NA	NA	NA	NA	NA	NA	NA	-10.1588281530078	NA	-6.89118655252248	NA	-9.01622905644889	NA	-5.99939503832795	NA	NA	NA	NA	NA	NA	NA	-10.6457571096035	-10.4282021456492	NA	NA	NA	NA	NA	NA	NA	NA	NA	NA	NA	NA	NA	-10.776640989156	NA	NA	NA	NA	NA	NA	NA	NA	NA	NA	NA	NA	NA	-7.99726817628146	NA	NA	NA	-10.998163315009	NA	-10.1109865727789	NA	NA	NA	NA	-5.49198723592183	NA	NA	NA	NA	NA	NA	NA	NA	NA	NA	NA	NA	NA	NA	NA	NA	NA	-5.57229426371345	NA	NA	NA	-10.0410583908211	NA	-6.76527205451744	NA	-7.79867615662316	-9.08118390177689	NA	NA	NA	NA	NA	-10.8135095354601	NA	NA	NA	NA	NA	NA	-10.1175857543902	NA	NA	NA	NA	NA	-6.25226455461832	NA	NA	-11.7092754818856	NA	NA	NA	-10.7019647586258	-7.92118854158675	NA	NA
SLC_SMT_NEG_144I	NA	NA	NA	NA	NA	-6.04075939926102	-7.81937203686094	-6.82299605756958	NA	-6.13479641092933	-6.4055750753481	NA	NA	NA	NA	NA	NA	NA	NA	NA	NA	NA	NA	NA	NA	-3.28185452542052	NA	-7.06662105872794	NA	NA	NA	-7.28044675902643	NA	-6.58823517245548	NA	-6.90540288105858	NA	NA	NA	NA	-2.06524437719649	NA	NA	-6.75924557281956	NA	NA	-5.16152427268693	NA	NA	NA	-7.31953948123081	-6.90369639091475	NA	NA	NA	NA	NA	NA	NA	NA	NA	NA	NA	NA	NA	-6.36803070648796	NA	NA	-4.73359769350224	NA	-3.89439955933149	NA	NA	NA	NA	NA	NA	NA	NA	NA	NA	NA	NA	NA	NA	NA	NA	NA	NA	NA	NA	NA	NA	NA	NA	NA	NA	NA	NA	NA	NA	NA	NA	NA	NA	NA	NA	NA	NA	NA	NA	NA	-6.54825004238221	NA	NA	NA	NA	NA	NA	NA	NA	NA	NA	NA	NA	NA	NA	NA	NA	NA	NA	NA	-7.02691638877408	NA	NA	NA	NA	NA	-5.76297929104167	NA	NA	NA	NA	-6.12424238959881	NA	NA	-6.11532766479106	NA	NA	NA	NA	NA	NA	NA	NA	NA	-7.45189497848707	NA	NA	-6.74606200157576	NA	-6.93879809152579	NA	NA	NA	NA	-7.55504235203778	-7.52631126229387	NA	NA	NA	NA	-5.70294643750619	-6.02459632120215	-1.93768358985985	NA	NA	NA	NA	NA	NA	NA	NA	NA	NA	NA	NA	NA	-7.08471402541217	NA	NA	NA	NA	NA	NA	NA	NA	NA	NA	NA
SLC_SMT_NEG_160I	NA	NA	NA	NA	NA	NA	-8.77537329550424	-6.84965305519763	-8.32745030422629	-8.20293741083942	-2.69165373278596	NA	-11.1040297707534	NA	NA	NA	NA	NA	-10.5224710830084	NA	NA	NA	-6.66312855721917	NA	NA	-3.9199250071355	NA	-11.1939925895955	-10.8855976503618	NA	NA	-8.14549567398013	NA	-8.05202983724596	NA	-9.77475188167352	-8.14683517404004	NA	-9.67004539092866	NA	-2.83286990732083	NA	NA	-8.30335110664168	NA	NA	-4.94505681998484	NA	-9.83747843290242	-10.9621994151184	-10.728611704627	-5.16920686086413	-8.27841413844808	-9.1503505734219	NA	NA	NA	NA	-10.4005031147787	-5.95171968714992	-7.94811873491987	-10.6995423817798	-10.4366128191596	NA	-8.76110703223574	-5.88720870026779	-9.29059183834924	NA	-3.77514929675122	-8.99806270907777	-4.73523583119746	-10.1787864673326	NA	NA	NA	NA	NA	NA	NA	NA	-10.4980589502063	NA	-9.91359799478513	NA	NA	-10.2926660813763	NA	NA	NA	NA	NA	NA	NA	-9.61665655787548	NA	NA	-10.5754537621782	NA	NA	NA	NA	NA	NA	NA	NA	NA	NA	NA	NA	NA	NA	NA	-8.37221469082883	-11.4353028262966	NA	NA	NA	NA	NA	-10.0018876264363	NA	NA	NA	NA	NA	NA	NA	-10.3319835926678	NA	NA	NA	-11.3825922529254	-9.8166061672626	NA	-11.2821479222628	NA	NA	-10.894930868049	NA	NA	NA	-11.1249964970039	NA	-5.67899023895609	-10.2727583997545	NA	-3.66324236839638	NA	NA	NA	NA	NA	NA	NA	NA	NA	-4.94297551475298	NA	NA	-6.88158902944289	-10.9304782514279	-6.47788308644911	NA	NA	NA	-10.5202472751833	NA	-10.9854017073273	-7.33705093409099	-10.7632010190021	-10.8994395755154	-7.2546083111425	-6.4162869348558	-6.22009253185809	-2.71186846972149	NA	NA	NA	NA	NA	NA	NA	NA	NA	NA	NA	NA	NA	-7.65844016019184	NA	NA	NA	NA	-9.42155439202784	-10.5145643647582	-9.59660344483653	NA	NA	-9.47317902152654	NA
SLC_SMT_NEG_109I	NA	NA	NA	NA	NA	NA	-9.01629424274292	-6.01517012637196	-9.75230497587612	-5.82280911735914	-8.45374051162617	NA	NA	NA	NA	NA	NA	-9.73739811710116	-9.97083629091527	NA	NA	-10.0343327759132	-9.03716966955247	NA	NA	-5.05762278527876	NA	-6.44606760108722	-10.4507204812249	-9.77343678025182	NA	-8.1757655331031	NA	-8.94713987479663	NA	-7.79234137946238	-10.3926483355775	NA	NA	-9.99729415274179	-1.51843752069093	NA	NA	-8.46188547280029	NA	-9.60582883858487	-5.43247618699936	NA	NA	-8.79157129559882	-7.91547520445427	-5.34117836057585	-9.90297676036091	-10.2292546463307	-8.86431780564909	NA	NA	-11.125985375719	NA	-9.14378325351434	-10.5541208638667	NA	-10.341825407314	NA	-8.96034906424811	-7.62368807439088	-10.0101099720761	NA	-4.36056377788578	NA	-3.89070591928474	-8.80038045172227	NA	NA	NA	NA	NA	NA	NA	-9.66529923957577	NA	NA	-9.88205979283289	NA	NA	NA	NA	NA	NA	NA	NA	NA	NA	NA	NA	NA	NA	NA	NA	NA	NA	NA	NA	NA	NA	NA	NA	NA	NA	NA	NA	NA	-6.38362624106658	-9.42581117612854	NA	-10.4588483621083	NA	-9.92858446165514	NA	NA	-9.63756221084323	NA	NA	NA	-9.82713532714323	NA	NA	-9.54265363521635	NA	NA	-10.1236862596294	NA	-7.56580188235155	NA	NA	NA	NA	-10.268401150496	-7.44743718088231	-9.85606458429995	NA	NA	NA	-9.69902515292029	NA	NA	-7.03193926791822	NA	NA	NA	-10.8967065687973	-9.64496171722975	NA	NA	-11.807743504596	NA	-10.0990582757035	NA	NA	-7.38574464951991	-9.07616287498315	-6.26587360986929	NA	NA	-9.90816098836565	NA	-8.85201507851315	-8.15013055286544	-9.9486651912815	-10.0383871908745	-9.24478601649405	-8.11702517599263	-4.69602644538372	-7.8828189861572	-2.21767057269783	NA	-9.83404912077645	-9.87733142971176	NA	NA	NA	NA	-9.63807484100209	NA	-9.61922779949201	NA	NA	NA	-6.25403839252344	-9.62196315132467	NA	-9.99532244949532	NA	NA	NA	NA	NA	NA	NA	NA
SLC_SMT_NEG_90I	NA	NA	NA	NA	NA	-6.19549059796864	-8.29848879235379	-7.39854826911196	NA	-6.10551240635099	-7.12733606122869	NA	NA	NA	NA	NA	NA	NA	NA	NA	NA	NA	NA	NA	NA	-3.60155007763477	NA	-7.40715777967242	NA	NA	NA	-7.77160555351857	NA	-7.84680980304158	NA	NA	NA	NA	NA	NA	-1.63342739658086	NA	NA	-8.02795400549402	NA	NA	-5.90448574594249	NA	NA	NA	-7.89596970154453	-7.93629475755374	NA	NA	NA	NA	NA	NA	NA	NA	NA	NA	NA	NA	NA	-7.34887720208036	NA	NA	-5.7474610904244	NA	-5.22922789239703	NA	NA	NA	NA	NA	NA	NA	NA	NA	NA	NA	NA	NA	NA	NA	NA	NA	NA	NA	NA	NA	NA	NA	NA	NA	NA	NA	NA	NA	NA	NA	NA	NA	NA	NA	NA	NA	NA	NA	NA	NA	-6.92658667026853	-8.55400785540315	NA	NA	NA	NA	NA	NA	NA	NA	NA	NA	NA	NA	NA	NA	NA	NA	NA	NA	-7.99760373450874	NA	NA	NA	NA	NA	-6.98040095898316	NA	NA	NA	NA	-7.59096883667795	NA	-8.31368355164999	-7.46194240587258	NA	NA	NA	NA	NA	NA	NA	NA	NA	-8.58696805417754	NA	NA	-6.9965053750793	NA	-7.72144388522991	NA	NA	NA	NA	-8.30459281557914	-7.83924176517355	NA	NA	-8.80422632404255	NA	-6.27399499002027	-5.90547326100092	-1.49963488172478	NA	NA	NA	NA	NA	NA	NA	NA	NA	NA	NA	NA	NA	-7.83089726251309	NA	NA	-8.45287515859026	NA	NA	NA	NA	NA	-8.0770312914685	NA	NA
SLC_SMT_NEG_152I	NA	NA	NA	NA	NA	NA	-11.2245453997607	-9.72112276514074	-10.3472486968806	-9.97446340616759	-8.69843107136249	NA	NA	NA	NA	NA	NA	NA	NA	NA	NA	NA	NA	NA	NA	-6.73285357426233	NA	NA	NA	NA	NA	-10.4638520321813	NA	NA	NA	NA	NA	NA	NA	NA	-0.302171222774794	NA	NA	-10.5644045468046	NA	NA	-7.56460824797809	NA	NA	NA	NA	-10.7346443712753	NA	NA	NA	NA	NA	NA	NA	NA	NA	NA	NA	NA	NA	NA	NA	NA	-10.5311636168457	NA	-8.15368796834766	NA	NA	NA	NA	NA	NA	NA	NA	NA	NA	NA	-10.4136166789946	NA	NA	NA	NA	NA	NA	NA	NA	NA	NA	-9.93160600687505	NA	NA	-10.4349903297871	NA	NA	NA	NA	NA	NA	NA	NA	NA	NA	NA	NA	NA	NA	NA	-10.3132450574348	-11.2443441720826	NA	NA	NA	NA	NA	-9.69769974940772	NA	NA	NA	NA	NA	NA	NA	NA	NA	NA	NA	NA	-10.5101817273522	-10.9061329309511	NA	NA	NA	NA	NA	NA	NA	-11.2765013808962	NA	NA	NA	NA	NA	NA	NA	NA	NA	NA	NA	NA	NA	NA	-11.5947939550671	NA	NA	-9.66994160626237	NA	-8.23535391479151	NA	NA	NA	NA	NA	-11.0319881081399	NA	-10.9301736722693	-10.4660643309333	NA	-9.12102011621726	-7.64255108696	-2.81693809021869	NA	NA	NA	NA	NA	NA	NA	NA	NA	NA	NA	NA	NA	NA	NA	NA	NA	NA	NA	NA	NA	NA	NA	-10.7003830775787	NA
SLC_SMT_NEG_142J	NA	-12.6201773919603	-10.9251408438084	-11.8177453914767	NA	NA	-10.5695813512614	-6.87885692453667	-9.83906314313985	-7.57300820538346	-3.08603572566167	NA	NA	NA	NA	-11.6675411698868	NA	-11.3075108159393	NA	NA	NA	-10.7858289260074	-7.63163329517798	NA	NA	-7.16495811142508	-10.7287852018399	-4.18758822771009	-11.0959150755194	-10.2117140379237	-11.5857541653303	-8.942629500647	NA	NA	NA	NA	-7.659883430697	NA	NA	NA	-1.35052271126997	NA	NA	-6.88988027207929	NA	NA	NA	NA	-10.9827630237448	NA	-8.77120404407004	-4.59082640934655	-8.20254644637886	-10.6056086938768	NA	NA	NA	-13.2493571152911	NA	-6.31293912026847	-9.55265253202827	-10.7667835706849	-11.1203435343429	NA	-8.29045380222666	-5.88030459900651	-11.0302880452104	-11.5107759609998	NA	-9.38539646084796	-5.00681901037923	-11.7166292290672	-10.2685961593543	NA	NA	NA	NA	-12.7296070830654	NA	NA	-11.0037001104216	NA	NA	NA	NA	-10.4032697987447	-10.4728303911272	NA	NA	NA	NA	NA	NA	-9.90090170333249	NA	NA	NA	NA	NA	-11.5381810124122	NA	NA	NA	NA	NA	NA	NA	NA	NA	NA	-11.4546621566009	-10.964887773953	-8.84789593266956	-11.8359622731226	NA	-12.4468211403317	NA	NA	-11.8947980161637	NA	NA	NA	NA	NA	-11.6513202584243	NA	-11.9838832373629	-11.037830049129	NA	NA	NA	NA	-8.64506259226045	NA	-11.57157990838	NA	-13.3004282659827	NA	NA	-10.6594638515133	-11.5919327402595	NA	-11.9844436705217	-6.42174680430721	-11.2050038163341	NA	NA	NA	NA	NA	-12.1607061861527	-10.8435680988797	-11.7852795255578	-13.1838510959906	-12.1127416960106	-10.9692491960983	NA	NA	NA	-8.9416428796234	NA	-6.97545053526664	-11.4506879210997	NA	NA	-9.1283726814251	NA	-11.2928596130186	-7.58304607468864	-10.4562160524532	-10.8398235569358	-8.58619271687779	-6.26270504774533	-4.43207409476086	-2.74324843403915	NA	-10.862631167094	NA	NA	NA	NA	NA	NA	NA	-11.4204191416504	NA	NA	NA	NA	-10.839950331544	NA	-10.3813314875004	-12.9007363988303	NA	-10.8481509158871	-7.90972332248969	NA	NA	-7.76583486013828	NA
SLC_SMT_NEG_15J	NA	NA	NA	NA	NA	NA	NA	NA	NA	-4.87689862918812	-3.48604285677363	NA	NA	NA	NA	NA	NA	NA	NA	NA	NA	NA	NA	NA	NA	-4.92046169076305	NA	NA	NA	NA	NA	NA	NA	NA	NA	-3.97179551924691	NA	NA	NA	NA	-3.43069584201513	NA	NA	-3.73410921149043	NA	NA	NA	NA	NA	NA	NA	NA	NA	-4.73077146805014	NA	NA	NA	NA	NA	NA	NA	NA	NA	NA	NA	NA	NA	NA	NA	-4.73622124559835	-4.3555840595251	NA	NA	NA	NA	NA	NA	NA	NA	NA	NA	NA	NA	NA	NA	NA	NA	NA	NA	NA	NA	NA	NA	NA	NA	NA	NA	NA	NA	NA	NA	NA	NA	NA	NA	NA	NA	NA	NA	NA	NA	NA	NA	NA	NA	NA	NA	NA	NA	NA	NA	NA	NA	NA	NA	NA	NA	NA	NA	NA	NA	NA	NA	NA	NA	NA	NA	NA	NA	NA	NA	NA	NA	-3.61507830660437	NA	NA	NA	NA	NA	NA	NA	NA	NA	NA	NA	NA	NA	NA	NA	NA	NA	-2.46006615963845	NA	NA	NA	NA	NA	NA	NA	NA	NA	NA	NA	NA	-2.15393255240054	NA	NA	NA	NA	NA	NA	NA	NA	NA	NA	NA	NA	NA	NA	NA	NA	NA	NA	NA	NA	NA	NA	NA	NA	NA
SLC_SMT_NEG_91J	NA	NA	NA	NA	NA	-6.36500604261571	-9.3860310298603	-7.81331892186754	-9.92826380665398	-6.64571809634081	-5.87376967829719	NA	NA	NA	NA	NA	NA	NA	NA	NA	NA	NA	-7.67399680531002	NA	NA	-3.2035133172206	NA	-8.02078447606855	-11.11771577877	NA	NA	-8.80251825378021	NA	-6.26509348405887	NA	-6.92896324162709	-8.91230608553723	NA	NA	-9.90243948137809	-2.50416951938507	NA	NA	-7.90718298945658	NA	-9.72177367271273	-5.66336742848833	NA	-8.99469116839295	NA	-8.30949777137899	-5.97436195387418	-9.03224903637611	-8.70660764205251	NA	NA	NA	-11.1623827165033	NA	-6.0312012341914	-7.97125892353368	NA	-10.0041251300249	NA	-8.693474719049	-5.60881102556954	-9.94454889024146	NA	-4.15039326067457	-10.1522028013466	-3.74965281225462	-9.72279468835399	NA	NA	NA	NA	NA	NA	NA	NA	NA	NA	NA	NA	NA	NA	NA	NA	NA	NA	NA	NA	NA	NA	NA	NA	NA	NA	NA	NA	NA	NA	NA	NA	NA	NA	NA	NA	NA	NA	NA	NA	-6.88481573442175	-9.85647312358596	NA	-10.4124545677418	NA	-9.45286123110489	NA	NA	NA	NA	-9.67199252654453	-9.37907243695464	NA	NA	NA	-9.28813398955893	NA	NA	-10.2226695014436	NA	-8.03090482451733	NA	NA	-8.67045266617752	NA	-10.148425211602	-8.05919817281193	-9.51716966030536	NA	NA	NA	-6.31908054466414	-10.3261308079319	-9.36177168950435	-4.45780330616547	NA	NA	NA	NA	-9.61294600988744	NA	NA	-11.6098731758378	NA	-7.77942928647526	NA	NA	-6.83544195783158	NA	-6.69533683674002	NA	NA	-9.45317892370519	NA	-9.35245755455362	-9.25065201796714	-7.13142029348086	-9.85801468917533	-9.7138852067643	-7.60892900365694	-6.53844416895098	-6.80251825378021	-2.10477308130485	-9.68089426383972	-9.98715749570754	NA	NA	NA	NA	NA	NA	NA	NA	NA	NA	NA	-6.32690686768215	-9.94678389462477	NA	-9.60833920967428	NA	NA	-9.92855826426106	NA	NA	-9.92885278197993	-9.71477368304155	NA
SLC_SMT_NEG_141J	NA	NA	NA	NA	NA	NA	NA	-8.26228615457665	-7.26186687700146	-7.65261309321501	-2.14418410505808	-11.7096572605153	NA	-14.7321607590042	-7.59772098693496	NA	-2.26860626929539	NA	NA	NA	NA	NA	-9.96917605033532	-13.3658156359281	-12.2105174629215	NA	-4.8344434214545	NA	NA	NA	-12.8272034515308	-2.82544440769373	NA	NA	NA	NA	-7.63162924515299	-12.0560589416495	-10.6408489522506	NA	-2.77119201572936	NA	NA	-4.88956612338895	NA	NA	NA	NA	NA	NA	NA	-8.09102873019725	-8.51098947512871	NA	NA	NA	NA	NA	NA	-12.0525147183935	-9.29480390888276	-9.43607209977709	-11.435142393931	-11.1848553430232	-11.1262462117567	NA	-10.2658727549905	-6.87158064994913	NA	NA	-4.1348807210154	-9.90323300941197	-11.6632722062829	NA	NA	NA	NA	NA	NA	NA	NA	NA	NA	NA	NA	NA	NA	NA	NA	NA	NA	NA	NA	NA	NA	NA	NA	NA	NA	NA	NA	NA	NA	NA	NA	NA	NA	NA	NA	NA	NA	NA	NA	NA	NA	NA	NA	NA	NA	NA	NA	NA	NA	NA	NA	NA	NA	NA	NA	NA	NA	NA	-6.89692949575201	NA	-11.9276887054786	NA	NA	NA	NA	NA	-17.7034680831085	NA	NA	-8.10749537822493	NA	NA	NA	NA	NA	NA	NA	NA	NA	NA	NA	NA	NA	-13.8543736526962	-19.4014395456589	NA	NA	NA	NA	-6.77473171337508	NA	NA	NA	-15.819151179236	NA	-11.0615895427742	-13.5685495314941	-10.9738706176535	-4.49274253816913	-5.41407880440301	NA	NA	-13.6801884223466	NA	NA	NA	NA	NA	NA	NA	NA	NA	-12.1530902532206	NA	NA	NA	-10.305983913655	-14.9420079270216	NA	NA	NA	NA	NA	NA	-7.96974462754961	NA
SLC_SMT_NEG_194J	NA	NA	NA	NA	NA	NA	NA	NA	NA	NA	NA	NA	NA	NA	NA	NA	NA	NA	NA	NA	NA	NA	NA	NA	NA	NA	NA	NA	NA	NA	NA	NA	NA	NA	NA	NA	NA	NA	NA	NA	-4.57102330976328	NA	NA	NA	NA	NA	NA	NA	NA	NA	NA	NA	NA	NA	NA	NA	NA	NA	NA	NA	NA	NA	NA	NA	NA	NA	NA	NA	NA	NA	NA	NA	NA	NA	NA	NA	NA	NA	NA	NA	NA	NA	NA	NA	NA	NA	NA	NA	NA	NA	NA	NA	NA	NA	NA	NA	NA	NA	NA	NA	NA	NA	NA	NA	NA	NA	NA	NA	NA	NA	NA	NA	NA	NA	NA	NA	NA	NA	NA	NA	NA	NA	NA	NA	NA	NA	NA	NA	NA	NA	NA	NA	NA	NA	NA	NA	NA	NA	NA	NA	NA	NA	NA	NA	NA	NA	NA	NA	NA	NA	NA	NA	NA	NA	NA	NA	NA	NA	NA	NA	NA	NA	NA	NA	NA	NA	NA	-6.7116188120067	NA	-0.168446891091002	-5.2108895074471	NA	NA	NA	NA	NA	NA	NA	NA	NA	NA	NA	NA	NA	NA	NA	NA	NA	NA	NA	NA	NA	NA	-4.98450534254008	NA	NA	NA	NA	NA	NA
SLC_SMT_NEG_75I	NA	NA	NA	NA	NA	NA	NA	NA	NA	-5.74228917517109	-3.20244828718105	-13.4751357022396	NA	-13.8951103196518	-14.3673155144726	NA	-6.86402987301016	NA	NA	NA	NA	NA	NA	-14.9164628807241	NA	-3.45732360986808	NA	NA	NA	NA	-15.8547038579762	-1.52534823706467	NA	NA	NA	NA	NA	NA	NA	NA	-2.19032938093004	NA	NA	-4.05393104281264	NA	NA	NA	NA	NA	NA	NA	NA	NA	-7.83151188323384	-11.6898256562264	NA	NA	NA	NA	NA	NA	NA	NA	NA	NA	NA	NA	NA	NA	-6.28106388307451	-5.20661339510291	NA	NA	-13.315811005951	NA	NA	NA	NA	NA	NA	NA	-11.7797418002949	NA	NA	NA	NA	NA	NA	NA	NA	NA	NA	-12.899355624454	NA	NA	-10.4957450321438	NA	-12.522371009022	NA	NA	NA	NA	NA	NA	NA	-12.9337754289674	NA	NA	-10.9465314363918	NA	NA	-13.1447830868242	NA	NA	NA	NA	NA	NA	NA	NA	NA	-12.3673155144726	NA	NA	NA	NA	NA	NA	NA	NA	NA	NA	-8.56938971842289	NA	NA	NA	NA	NA	NA	NA	-14.4964147759193	NA	NA	-4.94910052581281	NA	NA	NA	NA	NA	NA	NA	NA	NA	NA	NA	NA	NA	-16.8629714739598	-7.00400800246211	NA	NA	NA	NA	-10.7048406308668	NA	NA	NA	-9.3016067082649	NA	-12.4533854604043	-12.0562089128388	NA	NA	NA	NA	NA	NA	NA	NA	NA	NA	-13.3106189030299	NA	NA	NA	NA	NA	-16.2798526732223	NA	NA	-6.30732454006317	NA	NA	NA	NA	NA	NA	NA	NA	NA
SLC_SMT_NEG_89J	NA	NA	NA	NA	NA	NA	NA	-11.2102548244093	NA	-8.49260809687453	-12.2444105328826	NA	NA	NA	NA	NA	NA	NA	NA	NA	NA	NA	NA	NA	NA	-14.1019115629242	NA	NA	NA	NA	-12.6462804017365	-2.06383505164744	NA	-12.9397388372061	NA	NA	NA	NA	NA	NA	-1.11903717414206	NA	NA	-8.35736971313311	NA	NA	-6.23517926286347	NA	NA	NA	NA	-11.4125764424427	-9.34170773423753	NA	NA	NA	NA	NA	NA	NA	NA	NA	NA	-10.1556681394057	-12.3826823330548	NA	NA	NA	-2.65675862182275	NA	-5.88420705931907	NA	NA	NA	NA	NA	NA	NA	NA	NA	NA	-8.90505053560431	NA	NA	NA	NA	NA	-10.5915194444998	NA	NA	NA	NA	-10.1300169006046	NA	NA	NA	NA	NA	NA	NA	NA	NA	NA	NA	NA	NA	NA	NA	-14.3219864013673	NA	NA	-14.1395083495819	NA	NA	NA	NA	NA	-11.3078718718944	NA	NA	NA	-11.2952194918045	NA	NA	NA	NA	NA	NA	NA	NA	NA	NA	NA	NA	NA	NA	NA	NA	-6.10240090391826	NA	NA	NA	NA	NA	NA	NA	-8.90088290138908	NA	NA	NA	NA	NA	NA	NA	NA	NA	NA	NA	NA	NA	NA	-7.79918816458012	NA	NA	NA	NA	NA	-10.4234048273343	NA	-7.80430964169403	-6.7789980403635	NA	-5.66956436139443	-4.98238657536796	NA	NA	NA	NA	NA	NA	NA	NA	NA	NA	NA	NA	NA	NA	-11.5278139497946	NA	NA	NA	NA	NA	NA	NA	NA	NA	-13.4313976180879	NA
