feature	s__Bifidobacterium_pseudolongum	s__GGB80032_SGB42945	s__Atopobiaceae_bacterium_FL090493	s__Coriobacteriaceae_bacterium	s__Parvibacter_caecicola	s__Adlercreutzia_caecimuris	s__Adlercreutzia_mucosicola	s__Adlercreutzia_muris	s__Eggerthellaceae_bacterium	s__Enterorhabdus_sp_P55	s__Bacteria_unclassified_SGB63107	s__bacterium_D16_63	s__bacterium_D16_76	s__GGB14001_SGB21428	s__GGB30048_SGB42949	s__GGB28904_SGB41597	s__Bacteroides_SGB40318	s__Bacteroidales_bacterium	s__GGB27849_SGB40283	s__Barnesiella_sp_CU968	s__Duncaniella_dubosii	s__Duncaniella_muris	s__GGB27919_SGB40357	s__GGB3583_SGB21441	s__GGB46159_SGB63927	s__GGB70852_SGB95305	s__Muribaculaceae_bacterium	s__Muribaculaceae_bacterium_Isolate_013_NCI	s__Muribaculaceae_bacterium_Isolate_110_HZI	s__Muribaculum_gordoncarteri	s__Muribaculum_intestinale	s__Paramuribaculum_intestinale	s__GGB1503_SGB2082	s__GGB24146_SGB35950	s__GGB27872_SGB40306	s__GGB24149_SGB35953	s__GGB27861_SGB40295	s__GGB75879_SGB103683	s__GGB27866_SGB40300	s__GGB27885_SGB40319	s__GGB27485_SGB39778	s__GGB75725_SGB102612	s__GGB27929_SGB40368	s__GGB27860_SGB40294	s__Lactobacillus_intestinalis	s__Lactobacillus_johnsonii	s__Ligilactobacillus_murinus	s__Limosilactobacillus_reuteri	s__GGB28981_SGB41694	s__GGB28772_SGB41425	s__GGB28778_SGB41431	s__GGB30298_SGB43262	s__GGB79760_SGB63182	s__GGB28967_SGB41417	s__GGB28330_SGB40904	s__Clostridiaceae_bacterium	s__Clostridium_SGB40327	s__GGB24132_SGB35935	s__Clostridiales_bacterium	s__Dorea_sp_5_2	s__GGB25041_SGB36960	s__GGB27873_SGB41457	s__GGB27876_SGB40310	s__GGB28766_SGB41418	s__GGB28988_SGB41701	s__GGB30861_SGB44083	s__GGB42598_SGB59794	s__GGB42646_SGB59844	s__Lachnospiraceae_bacterium	s__Lachnospiraceae_bacterium_MD308	s__Lachnospiraceae_unclassified_SGB41402	s__GGB28849_SGB41516	s__GGB28879_SGB43526	s__GGB30461_SGB63209	s__GGB30466_SGB63211	s__GGB45650_SGB63364	s__GGB75074_SGB102167	s__Neglectibacter_sp_X4	s__Hungateiclostridiaceae_bacterium_KB18	s__Faecalibaculum_rodentium	s__Turicibacter_sp_TS3	s__GGB24148_SGB35952	s__Parasutterella_sp_NM82_D38	s__Turicimonas_muris	s__GGB28310_SGB40880	s__GGB28317_SGB40889	s__Akkermansia_muciniphila
X83_SLC_SMT_NEG_143I	-8.36684433905977	-11.7681358309698	-4.18758484833578	-2.67455889930477	-16.2359690939207	-7.98442630354076	-16.6449118367052	-7.73008722312062	-14.0947191454311	-14.3666935956181	-10.3668443390598	-18.6964899338388	-15.5414688929163	-4.92628413860787	-12.0857405378132	-18.3050984408	-4.24446573091207	-4.72472193144844	-7.49992861557527	-17.687146348112	-14.1887678101396	-5.51406834656875	-16.1304358956677	-8.63629660597977	-4.19065491161809	-17.5265649323965	-16.9462467830683	-14.3551489034265	-16.5376643059267	-3.47621096807232	-4.25690119566716	-14.3037652432698	-11.3777462252338	-7.93611885467792	-16.630286961049	-7.66379917115506	-10.5773575141775	-15.4992732407288	-17.4190876216075	-14.4044472727187	-16.103953652326	-17.3101759655172	-8.05246963860404	-8.14068999892713	-17.4283427654026	-16.9322588459485	-17.8797914260544	-15.7872356657599	-12.7346992456566	-16.7312338920974	-17.6146909200259	-17.6113501844093	-18.3888667984926	-9.13586761547028	-15.9395325855968	-15.3048747845091	-16.6247163750002	-4.14477146082231	-19.3759003463982	-8.51654731672668	-16.6174650171399	-18.9449207083615	-7.46523696425806	-17.406396293355	-15.1034672938538	-7.9494544912394	-17.9193291179147	-7.43728075306684	-14.223872979062	-6.93996651011647	-16.8100079699645	-17.3834958912449	-18.6498438331235	-16.5520016156019	-16.0590894097232	-16.4136290887762	-19.3086347248582	-17.4436745227821	-18.0395762052611	-2.30261164582047	-19.6978284412855	-16.1285218935425	-14.2480650963078	-7.88195573052696	-5.60125419923403	-16.8453856296994	-3.3767366713449
X82_SLC_SMT_NEG_16I	-3.09764533726657	-7.58400013578996	-6.40432163870672	-2.0256032720596	-16.2359690939207	-15.1471598269629	-16.6449118367052	-5.42678850361817	-14.0947191454311	-14.3666935956181	-13.4742095426072	-18.6964899338388	-15.5414688929163	-5.57120313340864	-7.57399618062139	-10.2236723239636	-14.7643846395128	-14.7370069428283	-15.4433407176396	-17.687146348112	-14.1887678101396	-14.2898215498264	-16.1304358956677	-16.4796291635425	-6.84081523043393	-17.5265649323965	-16.9462467830683	-14.3551489034265	-6.85976552417529	-10.3004872931052	-11.0309997863352	-14.3037652432698	-11.3777462252338	-14.2934707450974	-16.630286961049	-15.743054716241	-16.3722761886873	-15.4992732407288	-17.4190876216075	-14.4044472727187	-16.103953652326	-17.3101759655172	-7.43926940747654	-18.6531278884111	-17.4283427654026	-8.72848653033105	-13.910036856893	-15.7872356657599	-12.7346992456566	-11.0125144438187	-17.6146909200259	-17.6113501844093	-18.3888667984926	-8.82092710331667	-7.42770859601486	-15.3048747845091	-16.6247163750002	-15.3367403735165	-19.3759003463982	-16.9136909737357	-11.0390736824784	-18.9449207083615	-14.3762204640171	-17.406396293355	-10.7131303976878	-8.73700259769356	-17.9193291179147	-15.3934701189107	-14.223872979062	-9.21283309160216	-5.25865419844232	-13.4467902645715	-12.5304481936184	-16.5520016156019	-10.017692992518	-10.1489375257963	-19.3086347248582	-17.4436745227821	-18.0395762052611	-1.41246353507038	-19.6978284412855	-8.35858057077001	-7.72251661641724	-16.6006911085165	-4.09865436888659	-16.8453856296994	-4.03436205102826
X81_SLC_SMT_NEG_89I	-7.0694958548162	-7.53973516795287	-9.25507615847273	-2.83999290389331	-9.14864828085651	-5.88888841611751	-8.63275085074534	-5.83743560698846	-9.44219987334601	-8.4210961933409	-8.4932995000163	-18.6964899338388	-12.1602796127569	-7.40569802151942	-6.79082936095729	-18.3050984408	-8.74346886944794	-13.7370069428283	-11.2289923628409	-17.687146348112	-14.1887678101396	-14.2898215498264	-2.34229032369654	-15.4796291635425	-9.45393588986174	-11.0246542927429	-9.83783544022468	-14.3551489034265	-11.1065776002895	-5.48574053524844	-5.63066537247032	-7.8856778795941	-6.15558527269203	-8.8073048541731	-16.630286961049	-11.5706790457557	-16.3722761886873	-9.27806531062428	-16.4190876216075	-12.65835628344	-16.103953652326	-17.3101759655172	-12.6612752425356	-10.8569497670266	-14.1291319164584	-10.9156430375943	-14.4339864979868	-10.8407278557105	-11.7346992456566	-9.24765374002287	-17.6146909200259	-11.8590427530906	-14.5893214521296	-14.6456051309149	-15.9395325855968	-15.3048747845091	-13.49256821925	-5.68035332484058	-11.0986425095893	-16.9136909737357	-16.6174650171399	-18.9449207083615	-8.70272619785555	-11.4954955690015	-15.1034672938538	-6.81057961306117	-5.65659749944742	-11.6068004040076	-10.1800286284773	-12.3474048712854	-16.8100079699645	-17.3834958912449	-15.7634221295431	-16.5520016156019	-16.0590894097232	-16.4136290887762	-17.3609846670439	-17.4436745227821	-18.0395762052611	-2.07029316300454	-19.6978284412855	-10.8993975197808	-13.2480650963078	-14.8341251208863	-2.43792479396006	-16.8453856296994	-4.79489306439585
X80_SLC_SMT_NEG_194I	-13.4328985909493	-12.7681358309698	-15.0301255095564	-7.35465048652128	-16.2359690939207	-15.1471598269629	-16.6449118367052	-11.8292111941292	-14.0947191454311	-14.3666935956181	-13.4742095426072	-18.6964899338388	-15.5414688929163	-17.8385089387113	-12.0857405378132	-18.3050984408	-14.7643846395128	-14.7370069428283	-15.4433407176396	-17.687146348112	-14.1887678101396	-14.2898215498264	-16.1304358956677	-16.4796291635425	-14.4526379209737	-5.71544494101614	-16.9462467830683	-14.3551489034265	-16.5376643059267	-10.3004872931052	-11.0309997863352	-14.3037652432698	-11.3777462252338	-14.2934707450974	-16.630286961049	-15.743054716241	-16.3722761886873	-15.4992732407288	-17.4190876216075	-14.4044472727187	-16.103953652326	-17.3101759655172	-15.2857574372245	-18.6531278884111	-17.4283427654026	-8.12516864039852	-0.734592212683502	-3.41713291728104	-12.7346992456566	-16.7312338920974	-17.6146909200259	-17.6113501844093	-18.3888667984926	-14.6456051309149	-15.9395325855968	-15.3048747845091	-16.6247163750002	-15.3367403735165	-19.3759003463982	-16.9136909737357	-16.6174650171399	-18.9449207083615	-14.3762204640171	-17.406396293355	-15.1034672938538	-13.4055223276425	-17.9193291179147	-15.3934701189107	-14.223872979062	-14.5467428143341	-16.8100079699645	-17.3834958912449	-18.6498438331235	-16.5520016156019	-16.0590894097232	-16.4136290887762	-19.3086347248582	-17.4436745227821	-18.0395762052611	-1.85373612860766	-19.6978284412855	-16.1285218935425	-14.2480650963078	-16.6006911085165	-9.33434062359023	-16.8453856296994	-13.7859805538887
X79_SLC_SMT_NEG_141J	-13.4328985909493	-12.7681358309698	-2.1066301612103	-2.81227580512328	-16.2359690939207	-15.1471598269629	-8.91550596223193	-8.17537308898704	-14.0947191454311	-14.3666935956181	-13.4742095426072	-18.6964899338388	-15.5414688929163	-4.6369288623823	-12.0857405378132	-18.3050984408	-14.7643846395128	-14.7370069428283	-15.4433407176396	-17.687146348112	-14.1887678101396	-8.2546284842984	-16.1304358956677	-16.4796291635425	-14.4526379209737	-17.5265649323965	-16.9462467830683	-14.3551489034265	-16.5376643059267	-4.22915936356749	-5.39384081460566	-14.3037652432698	-11.3777462252338	-14.2934707450974	-16.630286961049	-15.743054716241	-16.3722761886873	-15.4992732407288	-17.4190876216075	-14.4044472727187	-16.103953652326	-17.3101759655172	-15.2857574372245	-18.6531278884111	-17.4283427654026	-16.9322588459485	-17.8797914260544	-15.7872356657599	-12.7346992456566	-16.7312338920974	-17.6146909200259	-17.6113501844093	-18.3888667984926	-14.6456051309149	-15.9395325855968	-15.3048747845091	-16.6247163750002	-12.2735534829259	-19.3759003463982	-16.9136909737357	-16.6174650171399	-18.9449207083615	-14.3762204640171	-17.406396293355	-15.1034672938538	-7.87640614254299	-17.9193291179147	-15.3934701189107	-14.223872979062	-6.68605325940289	-16.8100079699645	-17.3834958912449	-18.6498438331235	-16.5520016156019	-16.0590894097232	-16.4136290887762	-19.3086347248582	-17.4436745227821	-18.0395762052611	-2.6488995895099	-19.6978284412855	-16.1285218935425	-14.2480650963078	-16.6006911085165	-4.01258426882636	-16.8453856296994	-1.92264541909407
X78_SLC_SMT_NEG_18J	-5.69597479325209	-7.55664855516889	-10.3854657884084	-1.19334588220072	-16.2359690939207	-15.1471598269629	-16.6449118367052	-6.48708079734891	-14.0947191454311	-14.3666935956181	-13.4742095426072	-18.6964899338388	-15.5414688929163	-5.09407059118199	-9.69298473146045	-8.89392888872937	-14.7643846395128	-14.7370069428283	-15.4433407176396	-17.687146348112	-14.1887678101396	-14.2898215498264	-16.1304358956677	-16.4796291635425	-6.78733260877076	-17.5265649323965	-16.9462467830683	-14.3551489034265	-7.85898024773897	-10.3004872931052	-11.0309997863352	-14.3037652432698	-11.3777462252338	-14.2934707450974	-16.630286961049	-15.743054716241	-16.3722761886873	-15.4992732407288	-17.4190876216075	-14.4044472727187	-16.103953652326	-17.3101759655172	-11.0999317562456	-18.6531278884111	-17.4283427654026	-16.9322588459485	-13.0816078598901	-15.7872356657599	-12.7346992456566	-11.5106597762984	-17.6146909200259	-17.6113501844093	-18.3888667984926	-11.0499958545847	-7.97146731514917	-15.3048747845091	-16.6247163750002	-15.3367403735165	-13.6975046189557	-9.96884502716719	-16.6174650171399	-18.9449207083615	-14.3762204640171	-17.406396293355	-14.1034672938538	-7.79904940961276	-17.9193291179147	-15.3934701189107	-14.223872979062	-8.92222424780253	-4.88732443083931	-13.2490169259531	-18.6498438331235	-16.5520016156019	-11.9527233713732	-11.1131359420919	-19.3086347248582	-17.4436745227821	-13.2533742081566	-1.99459338103946	-19.6978284412855	-8.53714345767358	-7.17563441349523	-16.6006911085165	-4.52565343499559	-16.8453856296994	-2.95953680568332
X77_SLC_SMT_NEG_88J	-13.4328985909493	-12.7681358309698	-15.0301255095564	-10.3811355198228	-16.2359690939207	-15.1471598269629	-16.6449118367052	-11.8292111941292	-14.0947191454311	-14.3666935956181	-13.4742095426072	-18.6964899338388	-15.5414688929163	-17.8385089387113	-12.0857405378132	-18.3050984408	-14.7643846395128	-14.7370069428283	-15.4433407176396	-17.687146348112	-14.1887678101396	-14.2898215498264	-16.1304358956677	-16.4796291635425	-14.4526379209737	-17.5265649323965	-16.9462467830683	-14.3551489034265	-16.5376643059267	-10.3004872931052	-11.0309997863352	-14.3037652432698	-11.3777462252338	-14.2934707450974	-16.630286961049	-15.743054716241	-16.3722761886873	-15.4992732407288	-17.4190876216075	-14.4044472727187	-16.103953652326	-17.3101759655172	-15.2857574372245	-18.6531278884111	-17.4283427654026	-16.9322588459485	-17.8797914260544	-15.7872356657599	-12.7346992456566	-16.7312338920974	-17.6146909200259	-17.6113501844093	-18.3888667984926	-14.6456051309149	-15.9395325855968	-15.3048747845091	-16.6247163750002	-15.3367403735165	-19.3759003463982	-16.9136909737357	-16.6174650171399	-18.9449207083615	-14.3762204640171	-17.406396293355	-15.1034672938538	-13.4055223276425	-17.9193291179147	-15.3934701189107	-14.223872979062	-14.5467428143341	-16.8100079699645	-17.3834958912449	-18.6498438331235	-16.5520016156019	-16.0590894097232	-16.4136290887762	-19.3086347248582	-17.4436745227821	-18.0395762052611	-5.12768940437762	-19.6978284412855	-16.1285218935425	-14.2480650963078	-16.6006911085165	-9.33434062359023	-16.8453856296994	-13.7859805538887
X76_SLC_SMT_NEG_142I	-6.9578515020017	-8.95613134555506	-3.87691690272065	-2.10436841223526	-9.56187233853855	-5.96147052030736	-10.8462720653004	-6.3267052672944	-10.1402225479169	-7.95773676107502	-9.15909528124742	-18.6964899338388	-15.5414688929163	-6.58304296258501	-8.97412202044577	-18.3050984408	-6.39124987755116	-10.2472178815255	-7.35945006969299	-17.687146348112	-14.1887678101396	-14.2898215498264	-16.1304358956677	-8.37990551082497	-7.13931138577303	-17.5265649323965	-16.9462467830683	-14.3551489034265	-16.5376643059267	-5.8177737184847	-8.04719452527929	-14.3037652432698	-11.3777462252338	-8.61444311445528	-16.630286961049	-9.27211206067638	-16.3722761886873	-15.4992732407288	-17.4190876216075	-14.4044472727187	-16.103953652326	-9.86078879961731	-10.3482768654393	-12.2584801950886	-17.4283427654026	-16.9322588459485	-17.8797914260544	-12.4831356679336	-12.7346992456566	-16.7312338920974	-17.6146909200259	-17.6113501844093	-18.3888667984926	-14.6456051309149	-15.9395325855968	-15.3048747845091	-16.6247163750002	-4.5064430414257	-19.3759003463982	-11.8824058513542	-16.6174650171399	-18.9449207083615	-13.3762204640171	-9.88851712541601	-15.1034672938538	-8.42836986450274	-17.9193291179147	-15.3934701189107	-14.223872979062	-8.96625233441667	-16.8100079699645	-17.3834958912449	-18.6498438331235	-16.5520016156019	-16.0590894097232	-16.4136290887762	-19.3086347248582	-17.4436745227821	-18.0395762052611	-1.6694278757673	-19.6978284412855	-9.6510803052477	-14.2480650963078	-7.34137472311349	-5.13495877331963	-16.8453856296994	-2.45409119886824
X75_SLC_SMT_NEG_15I	-5.34837071060297	-8.86612316329109	-15.0301255095564	-2.10492677034002	-16.2359690939207	-15.1471598269629	-16.6449118367052	-6.59020979582541	-14.0947191454311	-14.3666935956181	-13.4742095426072	-18.6964899338388	-15.5414688929163	-3.26142999962602	-12.0857405378132	-18.3050984408	-14.7643846395128	-14.7370069428283	-15.4433407176396	-17.687146348112	-14.1887678101396	-14.2898215498264	-16.1304358956677	-16.4796291635425	-3.38436947845968	-17.5265649323965	-16.9462467830683	-14.3551489034265	-4.42624264777586	-10.3004872931052	-11.0309997863352	-14.3037652432698	-11.3777462252338	-14.2934707450974	-16.630286961049	-15.743054716241	-16.3722761886873	-15.4992732407288	-17.4190876216075	-14.4044472727187	-16.103953652326	-17.3101759655172	-5.30953357730577	-18.6531278884111	-17.4283427654026	-16.9322588459485	-17.8797914260544	-15.7872356657599	-12.7346992456566	-9.18089831721492	-17.6146909200259	-17.6113501844093	-18.3888667984926	-14.6456051309149	-15.9395325855968	-15.3048747845091	-16.6247163750002	-15.3367403735165	-19.3759003463982	-16.9136909737357	-16.6174650171399	-18.9449207083615	-14.3762204640171	-17.406396293355	-15.1034672938538	-12.1082753690587	-17.9193291179147	-15.3934701189107	-14.223872979062	-10.3139023985694	-4.22779269305639	-17.3834958912449	-18.6498438331235	-16.5520016156019	-16.0590894097232	-16.4136290887762	-19.3086347248582	-17.4436745227821	-18.0395762052611	-2.57721565859184	-19.6978284412855	-6.3175962221812	-7.00854131874004	-16.6006911085165	-6.74539120572081	-16.8453856296994	-2.28349512531859
X74_SLC_SMT_NEG_91I	-3.44716926549368	-7.21586047698508	-8.65768316616471	-2.85460530811561	-10.6954457801245	-8.02493747282984	-11.7825472363987	-6.4341214761688	-9.45329500505629	-9.16456127522482	-8.8455449167901	-18.6964899338388	-12.6610934842418	-7.79302253546696	-7.31736742096027	-18.3050984408	-4.98080774578045	-4.96619123572879	-5.12121752683347	-10.0075312352001	-5.74905335423288	-8.7969761016989	-3.7251809423727	-7.88667944914213	-5.45250106189487	-4.62560490578499	-8.493928867757	-8.87399095829369	-6.23186330868918	-6.1373003071562	-5.16041057647883	-6.21045429591646	-5.42467297242305	-8.45673870237898	-11.6065873364085	-7.76478230133736	-11.5825105109563	-6.01261432271411	-10.8885616347201	-10.704890625909	-12.0187193589433	-11.9770914977144	-9.2274144215929	-7.04862051429605	-9.25943876170629	-8.79394916524444	-10.9670724590552	-8.51035162575052	-10.596757615189	-10.9101705162926	-14.6825259367837	-12.157805431413	-13.5424075184768	-13.5294036694269	-15.9395325855968	-12.7219802547142	-9.84987913285281	-5.48140720469185	-13.0827120324331	-16.9136909737357	-16.6174650171399	-17.9449207083615	-9.60012116505438	-12.0469251067981	-13.1581760659792	-7.84079598894799	-8.13931402994706	-10.3577749278409	-12.8656061506906	-12.6708441317361	-11.4311791153775	-17.3834958912449	-17.6498438331235	-10.0935260612828	-13.7165113511187	-14.7258208598674	-10.7468501587678	-12.4973977835593	-14.7738592791007	-2.57088444430193	-17.9246007239819	-6.81805150982884	-10.0911798192717	-9.40197118439221	-3.84843333629979	-11.2209633058817	-4.48405820841502
X73_SLC_SMT_NEG_197I	-5.27426019101378	-9.29333730683347	-14.0301255095564	-2.4955706722555	-16.2359690939207	-8.1444124691263	-10.7142014110197	-10.0871111565107	-10.6009669020329	-9.8780041672657	-11.5082783938783	-13.1111971202037	-15.5414688929163	-7.98592251993573	-8.35714378692209	-18.3050984408	-7.80564404509397	-8.32417781347539	-7.70813828903471	-11.383182261812	-8.44562295761453	-10.9168330906977	-6.58122275356365	-7.7783443428571	-6.68535908932331	-5.3171870054967	-12.8138275611967	-10.4222212236995	-9.57019229579717	-7.13589085146021	-5.61904754668823	-8.38029020646255	-5.77777545475328	-10.5199936795084	-13.1560864691635	-9.4224798870872	-16.3722761886873	-7.5451562841158	-17.4190876216075	-14.4044472727187	-16.103953652326	-17.3101759655172	-13.788268658901	-8.49883780276099	-17.4283427654026	-11.3821756718246	-13.1509339813979	-12.0933781699258	-12.7346992456566	-12.1882733432224	-17.6146909200259	-17.6113501844093	-18.3888667984926	-14.6456051309149	-15.9395325855968	-15.3048747845091	-11.360206539293	-5.87650841728996	-18.3759003463982	-16.9136909737357	-16.6174650171399	-15.0765905541728	-10.6386342220692	-17.406396293355	-15.1034672938538	-9.27045739227932	-11.9593608219541	-15.3934701189107	-14.223872979062	-11.2722628361202	-7.00037816616238	-17.3834958912449	-18.6498438331235	-13.5334801574206	-16.0590894097232	-16.4136290887762	-16.0097724476003	-17.4436745227821	-18.0395762052611	-0.853452313382927	-18.6978284412855	-9.82207908986547	-14.2480650963078	-7.1846628800186	-4.40784360397193	-15.8453856296994	-5.9651722369412
X72_SLC_SMT_NEG_137J	-13.4328985909493	-12.7681358309698	-15.0301255095564	-10.3811355198228	-16.2359690939207	-15.1471598269629	-16.6449118367052	-11.8292111941292	-14.0947191454311	-14.3666935956181	-13.4742095426072	-18.6964899338388	-15.5414688929163	-17.8385089387113	-12.0857405378132	-18.3050984408	-14.7643846395128	-14.7370069428283	-15.4433407176396	-17.687146348112	-14.1887678101396	-14.2898215498264	-16.1304358956677	-16.4796291635425	-14.4526379209737	-17.5265649323965	-16.9462467830683	-14.3551489034265	-16.5376643059267	-10.3004872931052	-11.0309997863352	-14.3037652432698	-11.3777462252338	-14.2934707450974	-16.630286961049	-15.743054716241	-16.3722761886873	-15.4992732407288	-17.4190876216075	-14.4044472727187	-16.103953652326	-17.3101759655172	-15.2857574372245	-18.6531278884111	-17.4283427654026	-16.9322588459485	-17.8797914260544	-15.7872356657599	-12.7346992456566	-16.7312338920974	-17.6146909200259	-17.6113501844093	-18.3888667984926	-14.6456051309149	-15.9395325855968	-15.3048747845091	-16.6247163750002	-15.3367403735165	-19.3759003463982	-16.9136909737357	-16.6174650171399	-18.9449207083615	-14.3762204640171	-17.406396293355	-15.1034672938538	-13.4055223276425	-17.9193291179147	-15.3934701189107	-14.223872979062	-14.5467428143341	-16.8100079699645	-17.3834958912449	-18.6498438331235	-16.5520016156019	-16.0590894097232	-16.4136290887762	-19.3086347248582	-17.4436745227821	-18.0395762052611	-5.12768940437762	-19.6978284412855	-16.1285218935425	-14.2480650963078	-16.6006911085165	-9.33434062359023	-16.8453856296994	-13.7859805538887
X71_SLC_SMT_NEG_101J	-7.11333006809473	-6.34500107845511	-7.47766634138836	-2.84446709637724	-10.0425927961574	-6.93728557332841	-10.7861040105319	-6.50389674738357	-10.1632214367715	-9.04332540759419	-8.64077646294352	-18.6964899338388	-11.1618285857859	-6.44756412703546	-8.38729037804471	-18.3050984408	-7.02708946620535	-6.42654950781441	-5.82223887261817	-10.2616626142218	-6.89171395595689	-8.72576405968797	-1.80411833258395	-7.02586722684439	-8.95202050004946	-5.00366893331993	-8.21536447495122	-9.25783131796948	-9.07696525905772	-5.76291577981231	-6.45921809068047	-6.57913845109887	-5.82949675230723	-7.02878874050356	-10.5481175596314	-8.79440510239589	-9.74024284112033	-10.1362027781104	-9.19237997073523	-9.61611088513534	-12.6723729118548	-11.783653572506	-9.27719807910344	-9.08967880003008	-13.6266400554339	-11.2256696682906	-14.1984870563648	-15.7872356657599	-8.72583756344755	-6.90004602651527	-11.724294770386	-16.6113501844093	-11.7426205837943	-9.27010601412148	-13.7455982835942	-13.6509992610623	-10.2459763837229	-4.42652710751462	-11.6831796668114	-11.4303626230315	-16.6174650171399	-18.9449207083615	-7.78572085512612	-9.79687388595601	-12.0976463668579	-8.20738850430931	-8.42725156011381	-15.3934701189107	-9.26721473342812	-9.63876824718806	-5.10651923408139	-17.3834958912449	-14.6509992610623	-16.5520016156019	-16.0590894097232	-11.1907557712494	-13.0191633569202	-11.6969470400679	-18.0395762052611	-3.94068060569907	-19.6978284412855	-6.61873598228895	-11.3776727617356	-8.72539659705363	-2.94063395309772	-12.9584836191863	-5.65802147604127
X70_SLC_SMT_NEG_17J	-4.77744855522585	-9.51194255546201	-15.0301255095564	-2.82847791254539	-15.2359690939207	-14.1471598269629	-16.6449118367052	-7.58674143464453	-11.2619643024537	-12.2359690939207	-13.4742095426072	-18.6964899338388	-15.5414688929163	-8.23400247295199	-8.5617487967679	-18.3050984408	-5.33328293775628	-6.55822149171881	-5.68159342215346	-17.687146348112	-7.43096742127254	-8.22084170207214	-2.8928098220423	-7.57911864432731	-6.0173770289107	-2.99700523474358	-6.98202783670945	-9.06064727340144	-8.22865254701573	-6.17253120967599	-5.55889269478953	-9.08848148159816	-5.07537731016562	-8.86867569482444	-16.630286961049	-8.37719866236257	-10.4253464580292	-6.61014430654687	-9.78593617328567	-11.0711419601181	-11.5443640331544	-17.3101759655172	-9.7827964657551	-7.52806222082529	-17.4283427654026	-16.9322588459485	-17.8797914260544	-15.7872356657599	-12.7346992456566	-10.8295447249466	-17.6146909200259	-17.6113501844093	-18.3888667984926	-14.6456051309149	-15.9395325855968	-15.3048747845091	-10.7568946023123	-6.06970636318742	-19.3759003463982	-16.9136909737357	-16.6174650171399	-18.9449207083615	-9.72892959377637	-17.406396293355	-15.1034672938538	-10.084610204568	-7.35206515937112	-15.3934701189107	-9.89809945516433	-11.965321503977	-16.8100079699645	-17.3834958912449	-18.6498438331235	-16.5520016156019	-16.0590894097232	-16.4136290887762	-19.3086347248582	-17.4436745227821	-18.0395762052611	-2.02468914643871	-19.6978284412855	-7.8900534857425	-10.8220054279932	-9.78227384483257	-6.4476003218767	-16.8453856296994	-3.79647622533388
X69_SLC_SMT_NEG_141I	-13.4328985909493	-12.7681358309698	-2.69519691023326	-2.7467604805636	-15.0937562798493	-7.92265867761726	-6.66128045175024	-6.84473286427153	-11.8952024478284	-9.33869969534862	-12.4742095426072	-18.6964899338388	-15.5414688929163	-4.96065472243505	-12.0857405378132	-18.3050984408	-7.86122909412778	-11.350072254708	-14.4433407176396	-14.7536808382517	-14.1887678101396	-7.68813006729669	-16.1304358956677	-16.4796291635425	-8.326116565911	-17.5265649323965	-13.952522182158	-14.3551489034265	-16.5376643059267	-3.45794203202552	-4.89617019484227	-14.3037652432698	-11.3777462252338	-8.31809391228751	-12.9463259161941	-9.68501002758661	-9.45658115241492	-15.4992732407288	-10.7636336186779	-8.84372776840898	-16.103953652326	-17.3101759655172	-15.2857574372245	-9.97468383208217	-17.4283427654026	-14.1639173512667	-10.6805032785355	-13.4535571136827	-12.7346992456566	-16.7312338920974	-17.6146909200259	-17.6113501844093	-18.3888667984926	-14.6456051309149	-15.9395325855968	-15.3048747845091	-12.8324349496661	-8.35870375272524	-12.7782340726107	-16.9136909737357	-16.6174650171399	-11.6002808105166	-11.665369602363	-17.406396293355	-15.1034672938538	-7.25862530988369	-17.9193291179147	-15.3934701189107	-14.223872979062	-7.06497593322002	-16.8100079699645	-17.3834958912449	-18.6498438331235	-16.5520016156019	-16.0590894097232	-16.4136290887762	-19.3086347248582	-17.4436745227821	-18.0395762052611	-2.33079939823555	-19.6978284412855	-16.1285218935425	-9.88257646469625	-6.48429697545591	-4.89435959896254	-10.1282642161809	-2.12952852549332
X68_SLC_SMT_NEG_18I	-5.09988436664827	-8.22159662995874	-11.0041169312629	-1.55041299494895	-16.2359690939207	-15.1471598269629	-16.6449118367052	-7.32181791935318	-14.0947191454311	-14.3666935956181	-13.4742095426072	-18.6964899338388	-15.5414688929163	-5.6281590257967	-11.0857405378132	-8.52637170794973	-14.7643846395128	-14.7370069428283	-15.4433407176396	-17.687146348112	-14.1887678101396	-14.2898215498264	-16.1304358956677	-16.4796291635425	-7.37780079192706	-17.5265649323965	-16.9462467830683	-14.3551489034265	-7.83874563387371	-10.3004872931052	-11.0309997863352	-14.3037652432698	-11.3777462252338	-14.2934707450974	-16.630286961049	-15.743054716241	-16.3722761886873	-15.4992732407288	-17.4190876216075	-14.4044472727187	-16.103953652326	-17.3101759655172	-8.44416927553538	-18.6531278884111	-17.4283427654026	-16.9322588459485	-13.1142309639157	-15.7872356657599	-12.7346992456566	-11.0153199688941	-17.6146909200259	-17.6113501844093	-18.3888667984926	-10.3409235226858	-7.6483049457305	-15.3048747845091	-16.6247163750002	-15.3367403735165	-16.6648104706112	-10.2143164040426	-16.6174650171399	-18.9449207083615	-14.3762204640171	-17.406396293355	-15.1034672938538	-9.05957253582283	-17.9193291179147	-15.3934701189107	-14.223872979062	-8.54485440817469	-4.57488508975136	-14.7207668765852	-18.6498438331235	-16.5520016156019	-15.0590894097232	-11.0449892126784	-19.3086347248582	-17.4436745227821	-18.0395762052611	-1.35558282972829	-19.6978284412855	-10.2572655936389	-8.24824239018677	-16.6006911085165	-5.05254292098615	-16.8453856296994	-3.27327791807017
X67_SLC_SMT_NEG_88I	-4.42558394722858	-8.89891742404526	-12.054151150969	-2.57815234046199	-11.4689464044172	-10.5054971242966	-12.580714270295	-6.88483194212048	-9.8735254652501	-9.28338866311186	-11.0246559841982	-13.5599257976239	-14.5414688929163	-8.1771239892982	-8.02038975622716	-18.3050984408	-5.64090052446294	-7.13274935693609	-5.48357657381868	-16.687146348112	-7.83981490033875	-8.4598914244371	-2.69236754689027	-8.33653860472013	-5.7481732811812	-3.52239062643906	-7.56073225009209	-9.83040959199286	-7.94740792302097	-6.29721929474266	-7.25967635621356	-9.21608085199661	-5.89148206732201	-8.38313734346087	-16.630286961049	-8.27727812860253	-11.8875409256593	-7.40724563230921	-10.2207639392984	-9.94046408622005	-11.2922549816694	-13.4544855913217	-11.1655459083882	-7.55705848035623	-12.2939704337632	-15.9322588459485	-16.8797914260544	-15.7872356657599	-10.8127796979711	-11.033942986078	-17.6146909200259	-17.6113501844093	-18.3888667984926	-14.6456051309149	-15.9395325855968	-15.3048747845091	-9.38199660248194	-5.92757020015487	-19.3759003463982	-16.9136909737357	-16.6174650171399	-18.9449207083615	-9.62685572476839	-17.406396293355	-15.1034672938538	-9.19749905462353	-7.74745695253829	-15.3934701189107	-9.16819819294038	-11.7277239280183	-9.65592761750125	-17.3834958912449	-18.6498438331235	-16.5520016156019	-16.0590894097232	-16.4136290887762	-18.3086347248582	-17.4436745227821	-18.0395762052611	-1.91234513542895	-19.6978284412855	-8.74301997470096	-10.1934910091483	-10.8833381136043	-7.46973385213413	-16.8453856296994	-3.84706673517621
X66_SLC_SMT_NEG_193J	-7.84980222845096	-6.564575039207	-7.24809371638076	-2.77267673610567	-11.5878172365038	-6.95871649961971	-13.4385411213515	-6.62996131904093	-9.72631179243482	-8.29224669412274	-9.2190156482226	-11.8663579478604	-11.2155107627768	-7.04015058559624	-7.9034441550126	-14.0336907498464	-6.03530899597462	-7.33610848580307	-6.09228376500373	-10.283035028762	-7.08214830986918	-8.87992332043519	-2.52618450795468	-8.21146137171013	-8.61512099719756	-4.47805087063518	-7.084573737396	-10.525249161188	-7.10422097280511	-4.81633678362582	-5.33177581470946	-5.09530132945727	-5.90540264516393	-7.77606238181333	-9.40599557821288	-8.79801838830943	-15.3722761886873	-9.70283483110645	-9.18628179588239	-8.80634494874937	-11.2958053628273	-10.8510768171532	-9.54047520649799	-8.64048272497694	-10.5290811661309	-8.57830760896191	-11.4265114324903	-13.5067191731987	-12.7346992456566	-9.0396452439491	-10.9201257472374	-11.1296654879322	-11.390521721333	-9.23971703466614	-7.41661690786622	-11.2226601696454	-10.1220236222975	-5.13679591254567	-10.4361575487231	-15.9136909737357	-11.8189421129363	-16.9341550762955	-8.49378023626897	-11.4550805846871	-11.4526182970049	-8.20853725230353	-12.2139461117386	-11.7421363040025	-6.64298803219312	-8.9560030384931	-5.87141503863812	-14.2496569020234	-13.2650563002519	-13.2758982478775	-12.2902988865207	-10.6904521487136	-10.6363580920758	-10.9078468168682	-11.3910127512689	-2.15968534359338	-14.3122660065759	-9.409398836196	-9.00193563653095	-10.1801159687703	-4.01025520640501	-10.9367336203972	-6.72439228545548
X65_SLC_SMT_NEG_159J	-13.4328985909493	-12.7681358309698	-4.58598584091457	-10.3811355198228	-16.2359690939207	-15.1471598269629	-16.6449118367052	-11.8292111941292	-14.0947191454311	-14.3666935956181	-13.4742095426072	-18.6964899338388	-15.5414688929163	-3.92964052889901	-12.0857405378132	-18.3050984408	-14.7643846395128	-14.7370069428283	-15.4433407176396	-17.687146348112	-14.1887678101396	-14.2898215498264	-16.1304358956677	-16.4796291635425	-2.69772533344406	-17.5265649323965	-16.9462467830683	-14.3551489034265	-3.92545613290081	-10.3004872931052	-11.0309997863352	-14.3037652432698	-11.3777462252338	-14.2934707450974	-16.630286961049	-15.743054716241	-16.3722761886873	-15.4992732407288	-17.4190876216075	-14.4044472727187	-16.103953652326	-17.3101759655172	-15.2857574372245	-18.6531278884111	-17.4283427654026	-16.9322588459485	-17.8797914260544	-15.7872356657599	-12.7346992456566	-16.7312338920974	-17.6146909200259	-17.6113501844093	-18.3888667984926	-14.6456051309149	-15.9395325855968	-15.3048747845091	-16.6247163750002	-15.3367403735165	-19.3759003463982	-16.9136909737357	-16.6174650171399	-18.9449207083615	-14.3762204640171	-10.2195755688642	-15.1034672938538	-7.30919176321756	-5.60808124251596	-15.3934701189107	-14.223872979062	-14.5467428143341	-16.8100079699645	-17.3834958912449	-18.6498438331235	-16.5520016156019	-16.0590894097232	-16.4136290887762	-19.3086347248582	-9.23938404994435	-18.0395762052611	-1.23308706032628	-19.6978284412855	-9.22614822278766	-9.53332973230583	-16.6006911085165	-3.24928662333297	-16.8453856296994	-3.1857521523808
X64_SLC_SMT_NEG_103J	-7.16427615095925	-6.73790820900751	-6.07719116354259	-2.72068636584814	-9.57827616737355	-7.48652391082273	-10.3622535749448	-6.60040977289968	-10.2106646325119	-8.85285200192599	-10.1308973557145	-18.6964899338388	-15.5414688929163	-6.23948450737608	-8.05846583789731	-9.80647873573375	-7.25287318278578	-8.90221976698814	-7.17897096808534	-9.3091355864271	-5.84189989222971	-9.68118262526371	-1.96801076146135	-8.45679921145179	-9.84579062217878	-7.0219605791372	-7.76759259431524	-12.5601929525567	-9.95698019486067	-5.45843973749996	-5.3247985567064	-7.07831026210013	-5.14162952062184	-8.00431109778707	-9.53344728952271	-9.6195023154558	-11.9926457955576	-13.6941542559069	-11.3702816405969	-11.4171155099793	-16.103953652326	-16.1668505243772	-10.866491845944	-9.71859616281856	-16.4283427654026	-11.2887914130038	-9.52106688603134	-11.5557665343194	-11.2453754971553	-10.1948459914875	-17.6146909200259	-17.6113501844093	-18.3888667984926	-10.8943641934002	-15.9395325855968	-10.9858245297016	-12.4382024281781	-4.81966736975285	-13.7726973779242	-16.9136909737357	-8.16263757019806	-11.5579780458192	-6.82194941682686	-10.7457982784521	-9.5238432284433	-8.52515613855747	-16.9193291179147	-15.3934701189107	-10.2546976573166	-14.5467428143341	-5.93086192125043	-17.3834958912449	-18.6498438331235	-16.5520016156019	-16.0590894097232	-16.4136290887762	-12.737897016258	-17.4436745227821	-18.0395762052611	-2.63914877788896	-5.67885469572445	-8.22879624979666	-8.92004008032032	-6.5740437586004	-3.58494257671849	-16.8453856296994	-5.52707939074823
X63_SLC_SMT_NEG_155J	-6.33219643034119	-12.7681358309698	-15.0301255095564	-3.12245985940312	-16.2359690939207	-15.1471598269629	-16.6449118367052	-11.8292111941292	-14.0947191454311	-14.3666935956181	-13.4742095426072	-18.6964899338388	-15.5414688929163	-17.8385089387113	-12.0857405378132	-18.3050984408	-14.7643846395128	-14.7370069428283	-15.4433407176396	-17.687146348112	-14.1887678101396	-14.2898215498264	-16.1304358956677	-16.4796291635425	-14.4526379209737	-17.5265649323965	-16.9462467830683	-14.3551489034265	-16.5376643059267	-10.3004872931052	-11.0309997863352	-14.3037652432698	-11.3777462252338	-14.2934707450974	-16.630286961049	-15.743054716241	-16.3722761886873	-15.4992732407288	-17.4190876216075	-14.4044472727187	-16.103953652326	-17.3101759655172	-15.2857574372245	-18.6531278884111	-17.4283427654026	-16.9322588459485	-17.8797914260544	-15.7872356657599	-12.7346992456566	-16.7312338920974	-17.6146909200259	-17.6113501844093	-18.3888667984926	-14.6456051309149	-15.9395325855968	-15.3048747845091	-16.6247163750002	-15.3367403735165	-19.3759003463982	-16.9136909737357	-16.6174650171399	-18.9449207083615	-14.3762204640171	-17.406396293355	-15.1034672938538	-13.4055223276425	-17.9193291179147	-15.3934701189107	-14.223872979062	-14.5467428143341	-16.8100079699645	-17.3834958912449	-18.6498438331235	-16.5520016156019	-16.0590894097232	-16.4136290887762	-19.3086347248582	-17.4436745227821	-18.0395762052611	-0.196341213136228	-19.6978284412855	-16.1285218935425	-14.2480650963078	-16.6006911085165	-9.33434062359023	-16.8453856296994	-13.7859805538887
X61_SLC_SMT_NEG_137I	-13.4328985909493	-12.7681358309698	-4.32313878331253	-10.3811355198228	-16.2359690939207	-15.1471598269629	-16.6449118367052	-11.8292111941292	-14.0947191454311	-14.3666935956181	-13.4742095426072	-18.6964899338388	-15.5414688929163	-2.83272774695375	-12.0857405378132	-6.92813895878462	-14.7643846395128	-14.7370069428283	-15.4433407176396	-17.687146348112	-14.1887678101396	-14.2898215498264	-16.1304358956677	-16.4796291635425	-3.49398299693067	-17.5265649323965	-16.9462467830683	-14.3551489034265	-4.13390826672404	-10.3004872931052	-11.0309997863352	-14.3037652432698	-11.3777462252338	-14.2934707450974	-16.630286961049	-15.743054716241	-16.3722761886873	-15.4992732407288	-17.4190876216075	-14.4044472727187	-16.103953652326	-17.3101759655172	-6.67513513863876	-18.6531278884111	-17.4283427654026	-16.9322588459485	-10.7869054162355	-14.7872356657599	-12.7346992456566	-16.7312338920974	-17.6146909200259	-17.6113501844093	-18.3888667984926	-14.6456051309149	-15.9395325855968	-15.3048747845091	-16.6247163750002	-15.3367403735165	-10.4360132640785	-6.73816505919197	-16.6174650171399	-18.9449207083615	-14.3762204640171	-17.406396293355	-15.1034672938538	-6.13617082887664	-17.9193291179147	-15.3934701189107	-14.223872979062	-7.42736545757785	-16.8100079699645	-9.74829658308198	-18.6498438331235	-16.5520016156019	-11.4796470101451	-16.4136290887762	-19.3086347248582	-9.21888277793609	-7.14554778947373	-1.41039669437174	-8.81348311575531	-6.75997773469088	-7.34714989571847	-16.6006911085165	-4.54446287910893	-16.8453856296994	-2.57057640650462
X60_SLC_SMT_NEG_101I	-6.1537539133971	-5.76083516628303	-6.00140978500717	-1.84076538148679	-9.36103722180302	-6.3235057229569	-10.0032331268388	-5.32382048133949	-9.09828997252465	-8.66571808929861	-7.71787030380786	-18.6964899338388	-11.2894998389103	-6.6472183573591	-7.86689984919549	-18.3050984408	-7.9706665504458	-8.06273110618976	-6.57133395187283	-17.687146348112	-8.08959808824181	-10.0648340875678	-3.15835443195199	-7.88288896045076	-9.34051072658491	-6.59704510475251	-8.76349608530413	-14.3551489034265	-7.65278106918132	-5.15914657336959	-6.78215823531161	-6.77345193651059	-5.46159835054404	-7.05415073694763	-15.630286961049	-7.58956464780386	-13.020233479365	-11.5294863202615	-11.215546098975	-11.765774967711	-12.2671896771852	-11.9124301898305	-14.2857574372245	-8.48468994381388	-13.4065392601005	-10.0280276368468	-12.306461830989	-13.5562863796052	-8.49275647330459	-7.26534597720152	-17.6146909200259	-17.6113501844093	-18.3888667984926	-9.54254498754646	-15.9395325855968	-13.6590459540304	-11.2579946489851	-4.63515208993987	-12.2894998389103	-16.9136909737357	-16.6174650171399	-18.9449207083615	-9.09031191510113	-9.34658933606994	-13.817518542805	-7.71056112581691	-9.39969762681611	-15.3934701189107	-9.00150569293747	-10.2759795731515	-4.8265488147702	-17.3834958912449	-18.6498438331235	-16.5520016156019	-16.0590894097232	-12.0919448468441	-11.971323878884	-12.6638953536918	-18.0395762052611	-2.48210100431967	-19.6978284412855	-6.86301723671199	-14.2480650963078	-16.6006911085165	-4.8996604111475	-16.8453856296994	-4.55765187993666
X59_SLC_SMT_NEG_17I	-4.88326775277223	-9.87963905967532	-15.0301255095564	-2.7017255390243	-16.2359690939207	-15.1471598269629	-16.6449118367052	-7.85055456721914	-14.0947191454311	-14.3666935956181	-13.4742095426072	-18.6964899338388	-15.5414688929163	-8.91564959544102	-8.66056394272272	-18.3050984408	-5.93449949636088	-8.51475139739722	-6.60534143847259	-17.687146348112	-9.14825090173751	-10.2900451102225	-2.79818059659835	-9.60326527322453	-5.87087119292364	-3.60117217148195	-9.396644176296	-14.3551489034265	-8.68670408018651	-6.93078986462081	-6.27840370378712	-14.3037652432698	-6.12595473447874	-9.72717215171386	-16.630286961049	-11.2257360776839	-16.3722761886873	-7.16605639294707	-17.4190876216075	-14.4044472727187	-16.103953652326	-17.3101759655172	-15.2857574372245	-8.64536710610436	-17.4283427654026	-16.9322588459485	-17.8797914260544	-15.7872356657599	-12.7346992456566	-16.7312338920974	-17.6146909200259	-17.6113501844093	-18.3888667984926	-14.6456051309149	-15.9395325855968	-15.3048747845091	-16.6247163750002	-6.14988172391944	-19.3759003463982	-16.9136909737357	-16.6174650171399	-18.9449207083615	-14.3762204640171	-17.406396293355	-15.1034672938538	-12.4055223276425	-8.69484342499653	-15.3934701189107	-14.223872979062	-14.5467428143341	-7.67323972635985	-17.3834958912449	-18.6498438331235	-16.5520016156019	-16.0590894097232	-16.4136290887762	-19.3086347248582	-17.4436745227821	-18.0395762052611	-1.36251192665843	-19.6978284412855	-9.74537233052708	-14.2480650963078	-10.7341450751038	-6.68349489947122	-16.8453856296994	-4.21951511125423
X58_SLC_SMT_NEG_192J	-13.4328985909493	-12.7681358309698	-15.0301255095564	-10.3811355198228	-16.2359690939207	-15.1471598269629	-16.6449118367052	-11.8292111941292	-14.0947191454311	-14.3666935956181	-13.4742095426072	-18.6964899338388	-15.5414688929163	-17.8385089387113	-12.0857405378132	-18.3050984408	-14.7643846395128	-14.7370069428283	-15.4433407176396	-17.687146348112	-14.1887678101396	-14.2898215498264	-16.1304358956677	-16.4796291635425	-14.4526379209737	-17.5265649323965	-16.9462467830683	-14.3551489034265	-16.5376643059267	-10.3004872931052	-11.0309997863352	-14.3037652432698	-11.3777462252338	-14.2934707450974	-16.630286961049	-15.743054716241	-16.3722761886873	-15.4992732407288	-17.4190876216075	-14.4044472727187	-16.103953652326	-17.3101759655172	-15.2857574372245	-18.6531278884111	-17.4283427654026	-16.9322588459485	-17.8797914260544	-15.7872356657599	-12.7346992456566	-16.7312338920974	-17.6146909200259	-17.6113501844093	-18.3888667984926	-14.6456051309149	-15.9395325855968	-15.3048747845091	-16.6247163750002	-15.3367403735165	-19.3759003463982	-16.9136909737357	-16.6174650171399	-18.9449207083615	-14.3762204640171	-17.406396293355	-15.1034672938538	-13.4055223276425	-17.9193291179147	-15.3934701189107	-14.223872979062	-14.5467428143341	-16.8100079699645	-17.3834958912449	-18.6498438331235	-16.5520016156019	-16.0590894097232	-16.4136290887762	-19.3086347248582	-17.4436745227821	-18.0395762052611	-5.12768940437762	-19.6978284412855	-16.1285218935425	-14.2480650963078	-16.6006911085165	-9.33434062359023	-16.8453856296994	-13.7859805538887
X57_SLC_SMT_NEG_158J	-13.4328985909493	-12.7681358309698	-15.0301255095564	-10.3811355198228	-16.2359690939207	-15.1471598269629	-16.6449118367052	-11.8292111941292	-14.0947191454311	-14.3666935956181	-13.4742095426072	-18.6964899338388	-15.5414688929163	-17.8385089387113	-12.0857405378132	-18.3050984408	-14.7643846395128	-14.7370069428283	-15.4433407176396	-17.687146348112	-14.1887678101396	-14.2898215498264	-16.1304358956677	-16.4796291635425	-14.4526379209737	-17.5265649323965	-16.9462467830683	-14.3551489034265	-16.5376643059267	-10.3004872931052	-11.0309997863352	-14.3037652432698	-11.3777462252338	-14.2934707450974	-16.630286961049	-15.743054716241	-16.3722761886873	-15.4992732407288	-17.4190876216075	-14.4044472727187	-16.103953652326	-17.3101759655172	-15.2857574372245	-18.6531278884111	-17.4283427654026	-16.9322588459485	-17.8797914260544	-15.7872356657599	-12.7346992456566	-16.7312338920974	-17.6146909200259	-17.6113501844093	-18.3888667984926	-14.6456051309149	-15.9395325855968	-15.3048747845091	-16.6247163750002	-15.3367403735165	-19.3759003463982	-16.9136909737357	-16.6174650171399	-18.9449207083615	-14.3762204640171	-17.406396293355	-15.1034672938538	-13.4055223276425	-17.9193291179147	-15.3934701189107	-14.223872979062	-14.5467428143341	-16.8100079699645	-17.3834958912449	-18.6498438331235	-16.5520016156019	-16.0590894097232	-16.4136290887762	-19.3086347248582	-17.4436745227821	-18.0395762052611	0	-19.6978284412855	-16.1285218935425	-14.2480650963078	-16.6006911085165	-9.33434062359023	-16.8453856296994	-13.7859805538887
X56_SLC_SMT_NEG_110J	-6.68265327231269	-6.73441022996824	-6.56136634447612	-2.6540342142848	-10.2088150209164	-7.34910316257943	-10.9446282026387	-6.42313645461141	-9.81342177792651	-9.26970568925756	-8.94838946758537	-18.6964899338388	-15.5414688929163	-6.69898267318659	-8.59570801792712	-18.3050984408	-5.59274324077841	-7.81791611404632	-5.73544559150942	-10.201016650356	-6.76157410376451	-9.25325143378411	-1.89756204551495	-7.26344500119702	-8.3949442759804	-5.33500223285674	-8.37464343381362	-9.62736553730181	-8.94200113962282	-5.25309636364467	-5.96705018563661	-7.15688542513653	-6.16481284042015	-7.60191507438949	-11.1326656819906	-9.93900462785917	-11.3770492978703	-10.3130952913141	-10.8833424403963	-9.98655149795314	-14.2151446238531	-13.9408767182307	-11.1971332158688	-8.50812084492549	-12.1548017181624	-9.81708489512963	-12.5548530375174	-15.7872356657599	-11.6822617498423	-10.1169185224014	-17.6146909200259	-17.6113501844093	-18.3888667984926	-10.6018657067559	-15.9395325855968	-14.3048747845091	-11.7126442833239	-4.61629097885348	-19.3759003463982	-16.9136909737357	-13.7484814359847	-18.9449207083615	-6.97490061983308	-10.954680116084	-12.9388799081668	-8.54035203430253	-17.9193291179147	-15.3934701189107	-11.3077707942622	-13.459451821618	-6.89326184045118	-17.3834958912449	-18.6498438331235	-16.5520016156019	-16.0590894097232	-16.4136290887762	-15.4480470583457	-17.4436745227821	-18.0395762052611	-2.41837940965165	-9.41879244362208	-8.00814257060389	-9.15147403419796	-7.53848465124007	-4.65855192169767	-16.8453856296994	-5.00581780737702
X55_SLC_SMT_NEG_153J	-5.0963868024957	-9.14370414024165	-12.0443731810275	-2.63452606412803	-12.5744720006268	-11.3255845510707	-15.142639258805	-7.82723807100677	-10.8607349829949	-10.2896416711917	-12.2513280944995	-12.9401344679132	-14.3080628680124	-8.37078301796876	-8.28676718933349	-18.3050984408	-5.67339315737627	-7.25604508128631	-5.48239570616104	-10.7467005637931	-7.92921096547364	-8.82738904106543	-2.21718578227138	-7.91938834589849	-6.81932173641163	-3.24417957837088	-7.73754508241673	-8.77685147503051	-8.71558254400436	-6.09302512853609	-5.8412764411615	-9.18611789547186	-4.67372677359083	-8.79140552947458	-13.2103260663166	-8.85677471177313	-10.7332483226673	-7.51760017647549	-9.41562644506498	-10.0960608921847	-10.3669741133332	-12.642970509059	-10.7404325088606	-7.7213224390119	-14.4397355007124	-13.9479918279514	-15.4201732343339	-14.2769403505166	-12.7346992456566	-10.8921829190507	-17.6146909200259	-17.6113501844093	-18.3888667984926	-14.6456051309149	-15.9395325855968	-15.3048747845091	-10.1425140302956	-5.45341291053932	-12.7741813002152	-16.9136909737357	-13.6260637330641	-18.9449207083615	-8.49342300698308	-17.406396293355	-15.1034672938538	-9.06944979512419	-7.77304191252631	-15.3934701189107	-10.4806236999114	-12.2140057423089	-11.8019978707985	-17.3834958912449	-18.6498438331235	-16.5520016156019	-16.0590894097232	-16.4136290887762	-19.3086347248582	-17.4436745227821	-18.0395762052611	-2.46315793750547	-19.6978284412855	-9.06784366090598	-9.60537770966562	-9.10006787505335	-6.57824626973089	-16.8453856296994	-3.7859397077044
X54_SLC_SMT_NEG_193I	-8.17654234887871	-7.06790716563005	-7.37195898011273	-3.12213755841628	-11.6920270163451	-7.03360587667865	-13.1825767543775	-6.57189357906387	-9.76361882965705	-8.42197037430868	-9.3544349361401	-11.8554567293136	-10.7181448706492	-7.1918769629501	-7.96543609417497	-11.5611985785281	-5.66141476918613	-6.93558331518844	-7.39430126978333	-12.4077635295899	-7.46892327180975	-9.34065958018139	-2.48073535855548	-7.96828286401547	-8.00751838438888	-5.02277323253943	-6.76806622924607	-13.3551489034265	-6.54178287243995	-4.55407636058302	-5.06689770041259	-5.23525029761608	-5.40431589172281	-8.6066048734962	-10.5159277601217	-8.5128072187892	-14.9326786466411	-8.84800952737171	-9.86422345745588	-8.39875874495359	-10.0283108944153	-9.93041000295534	-10.3104537271105	-9.01000945358685	-11.5251204802281	-9.13331548566469	-10.9304562661643	-12.9430952625864	-12.7346992456566	-8.11117502175594	-10.2195774019402	-10.7840805772692	-11.3420435194235	-8.20914309514712	-6.46539983649264	-10.3184833103446	-9.94398228488692	-5.16412028742164	-11.3913690913392	-14.5793640603697	-12.8418182550391	-13.9475826535788	-8.80350154277778	-10.2886445403914	-10.5274978195626	-8.39530659330108	-11.2485264838927	-9.96212194685045	-5.92788512637904	-8.70817620451218	-4.66091094775907	-12.4144773543184	-12.9453372133731	-12.6449591500114	-11.728243216149	-10.751512341596	-10.2309278797545	-10.4231741792274	-11.7151131595544	-2.10703122286961	-11.7194232890234	-9.55205852789968	-10.0106451205473	-11.2729558660663	-4.42585686592641	-10.5316325226775	-6.90432392458071
X53_SLC_SMT_NEG_159I	-13.4328985909493	-12.7681358309698	-3.00458426930509	-10.3811355198228	-16.2359690939207	-15.1471598269629	-16.6449118367052	-11.8292111941292	-14.0947191454311	-14.3666935956181	-13.4742095426072	-18.6964899338388	-15.5414688929163	-11.0047982608074	-12.0857405378132	-10.1792959920396	-14.7643846395128	-14.7370069428283	-15.4433407176396	-17.687146348112	-14.1887678101396	-14.2898215498264	-16.1304358956677	-16.4796291635425	-5.78452709026671	-17.5265649323965	-16.9462467830683	-14.3551489034265	-12.0991256433556	-10.3004872931052	-11.0309997863352	-14.3037652432698	-11.3777462252338	-14.2934707450974	-16.630286961049	-15.743054716241	-16.3722761886873	-15.4992732407288	-17.4190876216075	-14.4044472727187	-16.103953652326	-17.3101759655172	-15.2857574372245	-18.6531278884111	-17.4283427654026	-11.2862111959561	-17.8797914260544	-15.7872356657599	-12.7346992456566	-16.7312338920974	-17.6146909200259	-17.6113501844093	-18.3888667984926	-14.6456051309149	-15.9395325855968	-15.3048747845091	-16.6247163750002	-15.3367403735165	-19.3759003463982	-16.9136909737357	-16.6174650171399	-18.9449207083615	-14.3762204640171	-17.406396293355	-15.1034672938538	-10.2424898185268	-17.9193291179147	-15.3934701189107	-14.223872979062	-14.5467428143341	-16.8100079699645	-17.3834958912449	-18.6498438331235	-16.5520016156019	-16.0590894097232	-16.4136290887762	-19.3086347248582	-17.4436745227821	-18.0395762052611	-0.608721926945056	-11.1386540075422	-16.1285218935425	-8.59777257528518	-16.6006911085165	-5.7694201978765	-16.8453856296994	-2.49559953773305
X52_SLC_SMT_NEG_103I	-5.6666747317648	-5.51145311921566	-5.94629015930299	-2.37846157925128	-8.97908278148763	-5.90116547495023	-10.3245464513492	-6.01550771839076	-8.92985802907193	-8.75679548450114	-8.07135847069673	-18.6964899338388	-13.7930755432638	-8.62217343711711	-7.48111716296679	-15.7106133830718	-13.7643846395128	-14.7370069428283	-15.4433407176396	-17.687146348112	-14.1887678101396	-14.2898215498264	-5.288087044745	-16.4796291635425	-13.4526379209737	-17.5265649323965	-12.2237211468971	-14.3551489034265	-14.6069133334283	-5.67408979791338	-10.0309997863352	-8.50916014632067	-7.7837750285241	-8.82833484729134	-16.630286961049	-13.1223964369352	-16.3722761886873	-12.8976838982789	-17.4190876216075	-11.7969617673275	-13.5915316789777	-15.3708116494226	-15.2857574372245	-17.6531278884111	-11.5749770806764	-9.0811382908065	-11.1468203073108	-12.6349277095979	-11.6346958582449	-10.6720363509611	-17.6146909200259	-17.6113501844093	-14.6215415453532	-10.5977324643019	-15.9395325855968	-13.5480924177128	-16.6247163750002	-6.78155949854736	-12.435170190547	-16.9136909737357	-10.7091479740673	-18.9449207083615	-9.56782141841952	-10.864137733762	-12.9538446393026	-9.16666992701681	-15.8849435636342	-15.3934701189107	-12.9666273612279	-14.5467428143341	-5.76031236290956	-17.3834958912449	-17.5798789063804	-14.6758479649112	-16.0590894097232	-16.4136290887762	-11.9742343695362	-16.4436745227821	-18.0395762052611	-2.24951282850744	-17.4307354670746	-12.903817103825	-9.81169458160351	-13.7155088578774	-1.43443951567135	-16.8453856296994	-5.41833228246162
X51_SLC_SMT_NEG_155I	-13.4328985909493	-12.7681358309698	-15.0301255095564	-9.38113551982283	-16.2359690939207	-15.1471598269629	-16.6449118367052	-11.8292111941292	-14.0947191454311	-14.3666935956181	-13.4742095426072	-18.6964899338388	-15.5414688929163	-17.8385089387113	-12.0857405378132	-18.3050984408	-14.7643846395128	-14.7370069428283	-15.4433407176396	-17.687146348112	-14.1887678101396	-14.2898215498264	-16.1304358956677	-16.4796291635425	-14.4526379209737	-17.5265649323965	-16.9462467830683	-14.3551489034265	-16.5376643059267	-10.3004872931052	-11.0309997863352	-14.3037652432698	-11.3777462252338	-14.2934707450974	-16.630286961049	-15.743054716241	-16.3722761886873	-15.4992732407288	-17.4190876216075	-14.4044472727187	-16.103953652326	-17.3101759655172	-15.2857574372245	-18.6531278884111	-17.4283427654026	-16.9322588459485	-8.48072895778451	-15.7872356657599	-12.7346992456566	-16.7312338920974	-17.6146909200259	-17.6113501844093	-18.3888667984926	-14.6456051309149	-15.9395325855968	-15.3048747845091	-16.6247163750002	-15.3367403735165	-19.3759003463982	-16.9136909737357	-16.6174650171399	-18.9449207083615	-14.3762204640171	-17.406396293355	-15.1034672938538	-13.4055223276425	-17.9193291179147	-15.3934701189107	-14.223872979062	-14.5467428143341	-4.14848336609609	-17.3834958912449	-18.6498438331235	-16.5520016156019	-16.0590894097232	-16.4136290887762	-19.3086347248582	-17.4436745227821	-18.0395762052611	-0.0927478841449127	-9.30705407208936	-16.1285218935425	-14.2480650963078	-16.6006911085165	-9.33434062359023	-16.8453856296994	-13.7859805538887
X50_SLC_SMT_NEG_191J	-4.83461651660858	-7.29624005867004	-5.81075282851706	-2.0298350303885	-12.1394415979718	-7.43319400845961	-15.6449118367052	-6.97873872850035	-10.0086104884716	-9.1762164613628	-8.82172717391441	-9.64419411367122	-15.5414688929163	-7.84995796786665	-7.949561619669	-18.3050984408	-8.75845799528352	-11.3868634880826	-7.77411521364043	-12.8297019313181	-7.02344320238783	-9.8854370650461	-4.477333888587	-9.50607754576979	-11.0695532526969	-4.928125135606	-9.06474330278272	-11.9766365802596	-8.16448821891962	-6.07050511710218	-6.02108858069586	-6.9901390036406	-6.31328169236183	-10.7885160467046	-11.7980640302038	-11.2438692888088	-16.3722761886873	-15.4992732407288	-17.4190876216075	-14.4044472727187	-14.862716988546	-16.3101759655172	-13.9508478988247	-11.5797830252745	-9.43558265399357	-8.08924806064082	-9.68745854280066	-9.60973624737614	-12.7346992456566	-11.8500821044809	-16.2116121310336	-17.6113501844093	-18.3888667984926	-14.6456051309149	-14.9395325855968	-15.3048747845091	-13.8734433951391	-6.38731380023159	-12.7460072250956	-16.9136909737357	-8.57806851096524	-18.9449207083615	-9.63233177645603	-17.406396293355	-10.3682539670822	-8.64491183670522	-10.1946987480973	-15.3934701189107	-9.05488506366016	-12.2477890664256	-7.67095403592587	-17.3834958912449	-18.6498438331235	-16.5520016156019	-16.0590894097232	-14.595236677681	-19.3086347248582	-12.3984359702473	-18.0395762052611	-1.20866902681015	-11.0687825822507	-12.596346870149	-8.80558767187865	-11.1382283995478	-4.56417916053381	-16.8453856296994	-12.7859805538887
X49_SLC_SMT_NEG_156J	-13.4328985909493	-12.7681358309698	-15.0301255095564	-10.3811355198228	-16.2359690939207	-15.1471598269629	-16.6449118367052	-11.8292111941292	-14.0947191454311	-14.3666935956181	-13.4742095426072	-18.6964899338388	-15.5414688929163	-17.8385089387113	-12.0857405378132	-18.3050984408	-14.7643846395128	-14.7370069428283	-15.4433407176396	-17.687146348112	-14.1887678101396	-14.2898215498264	-16.1304358956677	-16.4796291635425	-14.4526379209737	-17.5265649323965	-16.9462467830683	-14.3551489034265	-16.5376643059267	-10.3004872931052	-11.0309997863352	-14.3037652432698	-11.3777462252338	-14.2934707450974	-16.630286961049	-15.743054716241	-16.3722761886873	-15.4992732407288	-17.4190876216075	-14.4044472727187	-16.103953652326	-17.3101759655172	-15.2857574372245	-18.6531278884111	-17.4283427654026	-16.9322588459485	-17.8797914260544	-15.7872356657599	-12.7346992456566	-16.7312338920974	-17.6146909200259	-17.6113501844093	-18.3888667984926	-14.6456051309149	-15.9395325855968	-15.3048747845091	-16.6247163750002	-15.3367403735165	-19.3759003463982	-16.9136909737357	-16.6174650171399	-18.9449207083615	-14.3762204640171	-17.406396293355	-15.1034672938538	-13.4055223276425	-17.9193291179147	-15.3934701189107	-14.223872979062	-14.5467428143341	-16.8100079699645	-17.3834958912449	-18.6498438331235	-16.5520016156019	-16.0590894097232	-16.4136290887762	-19.3086347248582	-17.4436745227821	-18.0395762052611	-5.12768940437762	-19.6978284412855	-16.1285218935425	-14.2480650963078	-16.6006911085165	-9.33434062359023	-16.8453856296994	-13.7859805538887
X48_SLC_SMT_NEG_144J	-13.4328985909493	-12.7681358309698	-15.0301255095564	-10.3811355198228	-16.2359690939207	-15.1471598269629	-16.6449118367052	-11.8292111941292	-14.0947191454311	-14.3666935956181	-13.4742095426072	-18.6964899338388	-15.5414688929163	-17.8385089387113	-12.0857405378132	-18.3050984408	-14.7643846395128	-14.7370069428283	-15.4433407176396	-17.687146348112	-14.1887678101396	-14.2898215498264	-16.1304358956677	-16.4796291635425	-14.4526379209737	-17.5265649323965	-16.9462467830683	-14.3551489034265	-16.5376643059267	-10.3004872931052	-11.0309997863352	-14.3037652432698	-11.3777462252338	-14.2934707450974	-16.630286961049	-15.743054716241	-16.3722761886873	-15.4992732407288	-17.4190876216075	-14.4044472727187	-16.103953652326	-17.3101759655172	-15.2857574372245	-18.6531278884111	-17.4283427654026	-16.9322588459485	-17.8797914260544	-15.7872356657599	-12.7346992456566	-16.7312338920974	-17.6146909200259	-17.6113501844093	-18.3888667984926	-14.6456051309149	-15.9395325855968	-15.3048747845091	-16.6247163750002	-15.3367403735165	-19.3759003463982	-16.9136909737357	-16.6174650171399	-18.9449207083615	-14.3762204640171	-17.406396293355	-15.1034672938538	-13.4055223276425	-17.9193291179147	-15.3934701189107	-14.223872979062	-14.5467428143341	-16.8100079699645	-17.3834958912449	-18.6498438331235	-16.5520016156019	-16.0590894097232	-16.4136290887762	-19.3086347248582	-17.4436745227821	-18.0395762052611	-5.12768940437762	-19.6978284412855	-16.1285218935425	-14.2480650963078	-16.6006911085165	-9.33434062359023	-16.8453856296994	-13.7859805538887
X47_SLC_SMT_NEG_160J	-5.63024172974488	-10.1186442647746	-15.0301255095564	-4.17601247192334	-16.2359690939207	-8.36322253004037	-10.5975935278736	-11.8292111941292	-10.9943161297724	-12.7967161698872	-13.4742095426072	-18.6964899338388	-15.5414688929163	-8.45131979449598	-7.26240550487753	-18.3050984408	-4.72512509678609	-5.77080147113645	-5.36582878438395	-17.687146348112	-7.39154066125195	-7.30127682693596	-3.77108933035497	-5.34477977089128	-4.60003044692562	-2.66499294122	-9.42599389473908	-9.58383560354286	-10.1551701407997	-6.85298234025272	-5.4611471643305	-7.23673497572742	-4.7204991482702	-8.45757878496766	-16.630286961049	-6.79563455416179	-9.97786560899181	-4.19220000474072	-17.4190876216075	-9.84662107571356	-16.103953652326	-17.3101759655172	-8.4811499395683	-6.16584478687467	-17.4283427654026	-16.9322588459485	-17.8797914260544	-15.7872356657599	-12.7346992456566	-11.6644683715888	-17.6146909200259	-17.6113501844093	-18.3888667984926	-14.6456051309149	-15.9395325855968	-15.3048747845091	-16.6247163750002	-5.42836686375117	-19.3759003463982	-16.9136909737357	-16.6174650171399	-14.592575453107	-11.2867670235829	-17.406396293355	-15.1034672938538	-13.4055223276425	-17.9193291179147	-15.3934701189107	-14.223872979062	-14.5467428143341	-6.28892152968855	-17.3834958912449	-18.6498438331235	-16.5520016156019	-16.0590894097232	-16.4136290887762	-19.3086347248582	-17.4436745227821	-18.0395762052611	-4.12768940437762	-19.6978284412855	-9.88138649387424	-14.2480650963078	-8.59947981496854	-4.76126820930497	-16.8453856296994	-2.17725180307724
X46_SLC_SMT_NEG_192I	-5.35886423051596	-7.59199217548134	-7.55760489690798	-3.58611260473489	-16.2359690939207	-7.15204210623701	-16.6449118367052	-6.99368945694915	-10.0614254800742	-10.0409877326818	-9.43587297356406	-10.5214419671838	-15.5414688929163	-6.19887053001556	-8.47303651861466	-18.3050984408	-4.33560724294703	-8.31299766173911	-6.64981282986968	-17.687146348112	-7.50528476564033	-14.2898215498264	-2.99405215694877	-8.50099599109694	-8.61377939525741	-4.74728383894136	-7.26493761068197	-14.3551489034265	-6.27175440889618	-3.77554354615765	-4.75994411242449	-5.14229937091104	-4.59156990267256	-7.93626498715784	-11.4671371870809	-7.68586761664359	-16.3722761886873	-6.67196223079561	-10.7421194462191	-9.9938010472374	-12.6463879807953	-17.3101759655172	-8.36170563373129	-9.46095331545753	-9.86247888501883	-8.41032724238757	-11.2111433623783	-15.7872356657599	-12.7346992456566	-16.7312338920974	-17.6146909200259	-17.6113501844093	-18.3888667984926	-13.152166642906	-15.9395325855968	-15.3048747845091	-12.067050029268	-4.88978623101457	-19.3759003463982	-16.9136909737357	-16.6174650171399	-18.9449207083615	-7.86942377049423	-17.406396293355	-15.1034672938538	-8.45633274449321	-7.20350901052035	-15.3934701189107	-11.3300844351018	-14.5467428143341	-16.8100079699645	-17.3834958912449	-18.6498438331235	-16.5520016156019	-16.0590894097232	-16.4136290887762	-19.3086347248582	-17.4436745227821	-18.0395762052611	-1.75042966899276	-19.6978284412855	-8.54643134871175	-7.99737650146122	-9.12502432455718	-5.61407955918681	-16.8453856296994	-7.13705196665901
X45_SLC_SMT_NEG_158I	-13.4328985909493	-12.7681358309698	-4.98467235116286	-10.3811355198228	-16.2359690939207	-15.1471598269629	-16.6449118367052	-11.8292111941292	-14.0947191454311	-14.3666935956181	-13.4742095426072	-18.6964899338388	-15.5414688929163	-5.53741661785628	-12.0857405378132	-7.51742767505047	-14.7643846395128	-14.7370069428283	-15.4433407176396	-17.687146348112	-14.1887678101396	-14.2898215498264	-16.1304358956677	-16.4796291635425	-7.00200539059487	-17.5265649323965	-16.9462467830683	-14.3551489034265	-11.4338012382647	-10.3004872931052	-11.0309997863352	-14.3037652432698	-11.3777462252338	-14.2934707450974	-16.630286961049	-15.743054716241	-16.3722761886873	-15.4992732407288	-17.4190876216075	-14.4044472727187	-16.103953652326	-17.3101759655172	-15.2857574372245	-18.6531278884111	-17.4283427654026	-16.9322588459485	-11.7423098323033	-13.4659437340703	-12.7346992456566	-16.7312338920974	-17.6146909200259	-17.6113501844093	-18.3888667984926	-14.6456051309149	-15.9395325855968	-15.3048747845091	-16.6247163750002	-15.3367403735165	-12.6853504444055	-7.87328694092095	-16.6174650171399	-18.9449207083615	-14.3762204640171	-17.406396293355	-15.1034672938538	-6.70634825567829	-17.9193291179147	-15.3934701189107	-14.223872979062	-9.06613111105803	-16.8100079699645	-12.1235389079349	-18.6498438331235	-16.5520016156019	-11.8741233128319	-16.4136290887762	-19.3086347248582	-15.2945251047475	-8.9847099867184	-0.608107194233847	-11.3281549437266	-9.33509884606041	-7.96028882329132	-16.6006911085165	-3.61355534702058	-16.8453856296994	-2.54937997039763
X44_SLC_SMT_NEG_110I	-4.66786980306483	-6.03631354512956	-6.26053618496437	-3.2264754697357	-9.47740967621988	-5.85420443964945	-10.5216552186666	-6.28132987347627	-8.81209493542308	-8.47266278811232	-8.09600754409176	-18.6964899338388	-12.2005467261975	-9.28986210566854	-7.55715509493204	-17.3050984408	-9.0231862415116	-12.4998589077444	-12.539563694437	-17.687146348112	-13.1887678101396	-14.2898215498264	-4.23479168710323	-11.2163305835938	-9.48770476295844	-11.1768727306381	-11.1873820894279	-14.3551489034265	-9.71721036078751	-7.49347262579552	-9.87582583235426	-7.84687588000244	-5.71272765730843	-8.09595754296394	-16.630286961049	-11.8369496050616	-16.3722761886873	-11.0219744617178	-17.4190876216075	-9.40543941442257	-11.8930117716054	-12.3227776080348	-10.7568989649565	-12.7275534116413	-9.65114183311298	-7.48183736323521	-10.4750017672994	-10.1264655074723	-11.366860910885	-10.1494758139359	-14.8585028730185	-14.9831703459126	-17.3888667984926	-10.7459518037328	-15.9395325855968	-11.4856398599541	-15.6247163750002	-4.27067685486938	-13.1734920728735	-16.9136909737357	-11.9161318178622	-14.4095969504829	-8.62354466122374	-11.1655995605335	-12.0793410161276	-8.62442786484205	-12.6633153018359	-15.3934701189107	-12.1498390890071	-11.6392159446953	-6.4123415874329	-17.3834958912449	-13.0077941328815	-9.72596626693087	-13.7431300587568	-15.1163891457199	-9.96424406171901	-13.3893569276092	-15.8117664155444	-2.25982619960262	-12.1366127418766	-11.2296535754826	-8.55589081392979	-11.4601875141188	-1.66811225073844	-11.8826239069189	-3.83519577139986
X43_SLC_SMT_NEG_153I	-5.04466153722552	-9.77286707899783	-12.2144428940179	-2.11074851819683	-12.7601915144862	-11.813532860723	-16.6449118367052	-8.11279191433272	-10.5914202076603	-10.4651200933317	-12.380011490416	-16.2941700864886	-15.5414688929163	-12.4271722180036	-9.01973898544734	-18.3050984408	-9.00568847469437	-14.7370069428283	-10.9225584252878	-17.687146348112	-14.1887678101396	-14.2898215498264	-4.12672342917888	-16.4796291635425	-9.0344268227978	-7.8340555352748	-15.9462467830683	-14.3551489034265	-15.5376643059267	-8.99899252746234	-7.14715793470514	-13.3037652432698	-7.64257474114455	-10.2233579526938	-16.630286961049	-12.263085056359	-16.3722761886873	-12.1285017226068	-17.4190876216075	-14.4044472727187	-14.3470423597713	-17.3101759655172	-15.2857574372245	-13.6312050737662	-12.6329318184856	-11.6956099823667	-15.7839753541694	-14.0508518262976	-12.7346992456566	-15.7312338920974	-17.6146909200259	-17.6113501844093	-18.3888667984926	-14.6456051309149	-15.9395325855968	-15.3048747845091	-16.6247163750002	-8.30342145796113	-19.3759003463982	-16.9136909737357	-15.6174650171399	-18.9449207083615	-14.3762204640171	-17.406396293355	-15.1034672938538	-9.8177000228583	-13.2379018668418	-15.3934701189107	-12.9164994396742	-13.2157362110394	-8.65694144875341	-17.3834958912449	-18.6498438331235	-16.5520016156019	-16.0590894097232	-16.4136290887762	-19.3086347248582	-17.4436745227821	-18.0395762052611	-0.699885470200043	-19.6978284412855	-16.1285218935425	-9.1239415195447	-8.28786526141701	-8.09643214816467	-16.8453856296994	-5.99673269357679
X42_SLC_SMT_NEG_109J	-5.14424324983008	-7.57324014574969	-5.9792303092731	-2.50269593007977	-11.8667469334813	-6.65647969553046	-11.7475792606284	-6.53082517694661	-9.71784301518733	-8.87682262620974	-8.43576491558715	-9.77364368142558	-12.9139739006796	-8.8045416844086	-7.87819867001307	-18.3050984408	-10.9485607122116	-10.3356719909574	-10.6834095181235	-17.687146348112	-7.52971912393132	-10.0744894301934	-4.62158478533317	-11.0375088935253	-11.005077566438	-6.15844612638413	-9.91097648759635	-14.3551489034265	-8.56677911781572	-5.76756567724241	-7.75622658220555	-6.67179657734322	-8.0634194889946	-11.52107537867	-13.5651209508053	-14.743054716241	-16.3722761886873	-13.3683288195858	-14.0593920114237	-14.4044472727187	-11.8448638155829	-14.0037780362127	-15.2857574372245	-12.0375088935253	-7.73213005710566	-6.61742642978063	-9.96227335311131	-9.6596366777371	-12.7346992456566	-10.365544230725	-13.0490789959643	-11.6617273858887	-18.3888667984926	-9.30410456607636	-13.2624891093509	-15.3048747845091	-16.6247163750002	-6.02732651392271	-11.2702804606417	-16.9136909737357	-8.36465777145136	-17.5260416315633	-11.2199956604212	-10.9867758392502	-9.1714350500023	-8.01734524716003	-7.43052638228734	-13.4735297944022	-8.21026742458618	-9.28694519701928	-12.8073493341743	-12.522005249821	-12.3888207951937	-16.5520016156019	-14.5574741394	-15.4136290887762	-11.9441917427095	-11.8242631627083	-13.3666574213982	-0.960633175173991	-14.6013519680139	-15.1285218935425	-12.1614691992675	-16.6006911085165	-4.04670997148211	-12.3037380488636	-9.3061387622526
X41_SLC_SMT_NEG_75J	-13.4328985909493	-12.7681358309698	-15.0301255095564	-10.3811355198228	-16.2359690939207	-15.1471598269629	-16.6449118367052	-11.8292111941292	-14.0947191454311	-14.3666935956181	-13.4742095426072	-18.6964899338388	-15.5414688929163	-17.8385089387113	-12.0857405378132	-18.3050984408	-14.7643846395128	-14.7370069428283	-15.4433407176396	-17.687146348112	-14.1887678101396	-14.2898215498264	-16.1304358956677	-16.4796291635425	-14.4526379209737	-17.5265649323965	-16.9462467830683	-14.3551489034265	-16.5376643059267	-10.3004872931052	-11.0309997863352	-14.3037652432698	-11.3777462252338	-14.2934707450974	-16.630286961049	-15.743054716241	-16.3722761886873	-15.4992732407288	-17.4190876216075	-14.4044472727187	-16.103953652326	-17.3101759655172	-15.2857574372245	-18.6531278884111	-17.4283427654026	-16.9322588459485	-17.8797914260544	-15.7872356657599	-12.7346992456566	-16.7312338920974	-17.6146909200259	-17.6113501844093	-18.3888667984926	-14.6456051309149	-15.9395325855968	-15.3048747845091	-16.6247163750002	-15.3367403735165	-19.3759003463982	-16.9136909737357	-16.6174650171399	-18.9449207083615	-14.3762204640171	-17.406396293355	-15.1034672938538	-13.4055223276425	-17.9193291179147	-15.3934701189107	-14.223872979062	-14.5467428143341	-16.8100079699645	-17.3834958912449	-18.6498438331235	-16.5520016156019	-16.0590894097232	-16.4136290887762	-19.3086347248582	-17.4436745227821	-18.0395762052611	-5.12768940437762	-19.6978284412855	-16.1285218935425	-14.2480650963078	-16.6006911085165	-9.33434062359023	-16.8453856296994	-13.7859805538887
X40_SLC_SMT_NEG_90J	-13.4328985909493	-12.7681358309698	-15.0301255095564	-10.3811355198228	-16.2359690939207	-15.1471598269629	-16.6449118367052	-11.8292111941292	-14.0947191454311	-14.3666935956181	-13.4742095426072	-18.6964899338388	-15.5414688929163	-17.8385089387113	-12.0857405378132	-18.3050984408	-14.7643846395128	-14.7370069428283	-15.4433407176396	-17.687146348112	-14.1887678101396	-14.2898215498264	-16.1304358956677	-16.4796291635425	-14.4526379209737	-17.5265649323965	-16.9462467830683	-14.3551489034265	-16.5376643059267	-10.3004872931052	-11.0309997863352	-14.3037652432698	-11.3777462252338	-14.2934707450974	-16.630286961049	-15.743054716241	-16.3722761886873	-15.4992732407288	-17.4190876216075	-14.4044472727187	-16.103953652326	-17.3101759655172	-15.2857574372245	-18.6531278884111	-17.4283427654026	-16.9322588459485	-17.8797914260544	-15.7872356657599	-12.7346992456566	-16.7312338920974	-17.6146909200259	-17.6113501844093	-18.3888667984926	-14.6456051309149	-15.9395325855968	-15.3048747845091	-16.6247163750002	-15.3367403735165	-19.3759003463982	-16.9136909737357	-16.6174650171399	-18.9449207083615	-14.3762204640171	-17.406396293355	-15.1034672938538	-13.4055223276425	-17.9193291179147	-15.3934701189107	-14.223872979062	-14.5467428143341	-16.8100079699645	-17.3834958912449	-18.6498438331235	-16.5520016156019	-16.0590894097232	-16.4136290887762	-19.3086347248582	-17.4436745227821	-18.0395762052611	-5.12768940437762	-19.6978284412855	-16.1285218935425	-14.2480650963078	-16.6006911085165	-9.33434062359023	-16.8453856296994	-13.7859805538887
X39_SLC_SMT_NEG_152J	-12.4328985909493	-12.7681358309698	-15.0301255095564	-4.90796468892868	-16.2359690939207	-15.1471598269629	-16.6449118367052	-11.8292111941292	-14.0947191454311	-14.3666935956181	-13.4742095426072	-18.6964899338388	-15.5414688929163	-17.8385089387113	-12.0857405378132	-18.3050984408	-14.7643846395128	-14.7370069428283	-15.4433407176396	-17.687146348112	-14.1887678101396	-14.2898215498264	-16.1304358956677	-16.4796291635425	-14.4526379209737	-17.5265649323965	-16.9462467830683	-14.3551489034265	-16.5376643059267	-10.3004872931052	-6.76162694359415	-14.3037652432698	-10.3777462252338	-14.2934707450974	-16.630286961049	-15.743054716241	-16.3722761886873	-15.4992732407288	-17.4190876216075	-14.4044472727187	-16.103953652326	-17.3101759655172	-15.2857574372245	-18.6531278884111	-17.4283427654026	-16.9322588459485	-17.8797914260544	-15.7872356657599	-12.7346992456566	-16.7312338920974	-17.6146909200259	-17.6113501844093	-18.3888667984926	-14.6456051309149	-15.9395325855968	-15.3048747845091	-16.6247163750002	-15.3367403735165	-19.3759003463982	-16.9136909737357	-16.6174650171399	-18.9449207083615	-14.3762204640171	-17.406396293355	-15.1034672938538	-13.4055223276425	-17.9193291179147	-15.3934701189107	-14.223872979062	-14.5467428143341	-16.8100079699645	-17.3834958912449	-18.6498438331235	-16.5520016156019	-16.0590894097232	-16.4136290887762	-19.3086347248582	-17.4436745227821	-18.0395762052611	-0.0640983988588436	-19.6978284412855	-16.1285218935425	-14.2480650963078	-16.6006911085165	-9.33434062359023	-16.8453856296994	-13.7859805538887
X38_SLC_SMT_NEG_191I	-4.7524477671926	-6.87138537025031	-5.98455867489461	-2.24273089494185	-11.3124981307695	-6.50358105065949	-12.0023106393822	-6.21834160329668	-9.25965962056278	-8.4538530481766	-8.22602959335795	-9.21566292527686	-12.2728327676139	-7.46872234141787	-7.73867444115929	-18.3050984408	-8.10424177605777	-9.30731153246315	-7.28011514198009	-13.2767835552245	-8.10766467197808	-12.2490291452435	-3.56243913589544	-9.21388647441306	-10.103638577717	-4.95408914973095	-8.40750127980231	-13.1669982517885	-8.11355934001598	-5.50044976957625	-6.76752600710888	-6.56643040920044	-6.24469500471021	-9.89543437407763	-12.145166384368	-10.006883369172	-16.3722761886873	-10.7508154837022	-11.8369052013963	-11.3358352262763	-12.8310839626676	-13.2300735207145	-13.7900385963583	-11.1453168610347	-9.36940950481417	-8.48042060353078	-10.2153864447677	-11.2057036272003	-12.7346992456566	-9.91839552252094	-12.3312059791998	-12.7611557807097	-15.7947517499813	-13.0995507930407	-11.11552959373	-13.8281821278826	-14.7778559740922	-5.29522409965754	-10.7851063008161	-16.9136909737357	-9.48224888889735	-18.9449207083615	-9.01490350337429	-16.406396293355	-10.7626555238004	-7.91977844641515	-9.91518453735192	-14.3934701189107	-8.50367147700304	-10.4577954458617	-7.41879119174485	-16.3834958912449	-16.0457510908948	-15.5520016156019	-14.0135293771242	-12.2817373029355	-12.1478773686437	-10.3336044752483	-12.0025832317384	-1.42790693812896	-17.671740859876	-11.2710255994166	-9.75867885263897	-15.6006911085165	-4.24209019580622	-11.16531883518	-9.9905700358821
X37_SLC_SMT_NEG_156I	-13.4328985909493	-12.7681358309698	-4.86507899759662	-10.3811355198228	-16.2359690939207	-15.1471598269629	-16.6449118367052	-11.8292111941292	-14.0947191454311	-14.3666935956181	-13.4742095426072	-18.6964899338388	-15.5414688929163	-6.18113483360452	-12.0857405378132	-6.05169039459933	-14.7643846395128	-14.7370069428283	-15.4433407176396	-17.687146348112	-14.1887678101396	-14.2898215498264	-16.1304358956677	-16.4796291635425	-5.37879059563751	-17.5265649323965	-16.9462467830683	-14.3551489034265	-8.52964105568016	-10.3004872931052	-11.0309997863352	-14.3037652432698	-11.3777462252338	-14.2934707450974	-16.630286961049	-15.743054716241	-16.3722761886873	-15.4992732407288	-17.4190876216075	-14.4044472727187	-16.103953652326	-17.3101759655172	-9.85513088345124	-18.6531278884111	-17.4283427654026	-6.71918497302403	-8.04946670362613	-9.39480078922563	-12.7346992456566	-16.7312338920974	-17.6146909200259	-17.6113501844093	-18.3888667984926	-9.77846698907409	-15.9395325855968	-15.3048747845091	-16.6247163750002	-15.3367403735165	-14.0266456316559	-11.5178899460905	-16.6174650171399	-18.9449207083615	-14.3762204640171	-10.6996365012163	-13.2086501487041	-8.17105254610673	-12.2104557747732	-15.3934701189107	-14.223872979062	-12.1712448486708	-16.8100079699645	-10.6730951265323	-18.6498438331235	-16.5520016156019	-10.5786830453175	-16.4136290887762	-19.3086347248582	-12.721033809379	-9.22475460771544	-0.300627135614424	-8.41024876622983	-11.4400933841724	-5.98430753132229	-16.6006911085165	-7.7800163156053	-16.8453856296994	-4.33685950209347
X36_SLC_SMT_NEG_144I	-2.93427239415249	-7.12432048478008	-7.72268701327313	-1.99562986499813	-11.5006285104756	-7.64217380165441	-16.6449118367052	-5.85979828147265	-10.1452005003349	-10.5590451967009	-9.0795922705753	-18.6964899338388	-15.5414688929163	-9.26845506834655	-7.09312468388215	-18.3050984408	-8.00582688384189	-14.7370069428283	-15.4433407176396	-17.687146348112	-7.83477377211824	-14.2898215498264	-4.30005291414574	-16.4796291635425	-7.04474031855568	-6.74404571429696	-16.9462467830683	-14.3551489034265	-8.97328804157195	-5.42935344567797	-6.25934519778523	-8.10504337386291	-5.09777209298458	-14.2934707450974	-16.630286961049	-15.743054716241	-16.3722761886873	-7.87205856678052	-17.4190876216075	-14.4044472727187	-16.103953652326	-17.3101759655172	-15.2857574372245	-18.6531278884111	-9.76916939261592	-8.60939451008004	-17.8797914260544	-15.7872356657599	-12.7346992456566	-10.6349296021872	-17.6146909200259	-17.6113501844093	-18.3888667984926	-14.6456051309149	-15.9395325855968	-15.3048747845091	-16.6247163750002	-8.20924947894783	-19.3759003463982	-16.9136909737357	-16.6174650171399	-18.9449207083615	-14.3762204640171	-17.406396293355	-15.1034672938538	-8.61248445566237	-6.44091065970815	-11.2414158155942	-14.223872979062	-14.5467428143341	-16.8100079699645	-17.3834958912449	-18.6498438331235	-16.5520016156019	-16.0590894097232	-16.4136290887762	-19.3086347248582	-17.4436745227821	-18.0395762052611	-1.71780186621734	-19.6978284412855	-16.1285218935425	-14.2480650963078	-16.6006911085165	-3.5164949159346	-16.8453856296994	-7.21628359839638
X35_SLC_SMT_NEG_160I	-3.79225350129762	-8.42081819443803	-13.2634848349609	-2.9627542279729	-16.2359690939207	-6.79180671983676	-8.44393480167627	-7.98390324988118	-8.74962623570197	-8.08327039988663	-12.305804834142	-15.8702360244473	-15.5414688929163	-8.15539324117924	-6.77028223901377	-18.3050984408	-5.83686689155314	-7.33722799914267	-5.82654893235097	-12.753553044282	-7.93065681013261	-8.10926302649589	-3.59684708602907	-6.71671703571883	-5.52963118543045	-3.72682646694125	-8.79891357768185	-10.64543738543	-10.0468410911254	-6.25953211126959	-6.1716445857146	-7.55011242640669	-4.87301051253805	-8.25488626236157	-11.0382266421066	-8.13629227538434	-12.0463980709958	-4.79225640292813	-11.1804506987709	-9.45055058460276	-16.103953652326	-17.3101759655172	-8.94826576147601	-7.64091561423122	-17.4283427654026	-11.8714126141884	-12.5333317219871	-15.7872356657599	-12.7346992456566	-10.6840248726514	-12.6216483897198	-17.6113501844093	-18.3888667984926	-13.6456051309149	-15.9395325855968	-15.3048747845091	-10.6921449667686	-5.01953618990529	-14.7879481133093	-15.8577450802641	-16.6174650171399	-12.6124382669797	-8.72247806732102	-17.406396293355	-15.1034672938538	-10.4873582975548	-17.9193291179147	-15.3934701189107	-13.223872979062	-12.0610900468637	-7.38176712175354	-17.3834958912449	-18.6498438331235	-12.820150793011	-16.0590894097232	-16.4136290887762	-19.3086347248582	-17.4436745227821	-18.0395762052611	-2.71844940969201	-19.6978284412855	-9.32066059739393	-14.2480650963078	-9.81043309683696	-4.66500587750829	-11.5583791400288	-2.61053305220306
X34_SLC_SMT_NEG_143J	-13.4328985909493	-12.7681358309698	-15.0301255095564	-10.3811355198228	-16.2359690939207	-15.1471598269629	-16.6449118367052	-11.8292111941292	-14.0947191454311	-14.3666935956181	-13.4742095426072	-18.6964899338388	-15.5414688929163	-17.8385089387113	-12.0857405378132	-18.3050984408	-14.7643846395128	-14.7370069428283	-15.4433407176396	-17.687146348112	-14.1887678101396	-14.2898215498264	-16.1304358956677	-16.4796291635425	-14.4526379209737	-17.5265649323965	-16.9462467830683	-14.3551489034265	-16.5376643059267	-10.3004872931052	-11.0309997863352	-14.3037652432698	-11.3777462252338	-14.2934707450974	-16.630286961049	-15.743054716241	-16.3722761886873	-15.4992732407288	-17.4190876216075	-14.4044472727187	-16.103953652326	-17.3101759655172	-15.2857574372245	-18.6531278884111	-17.4283427654026	-16.9322588459485	-17.8797914260544	-15.7872356657599	-12.7346992456566	-16.7312338920974	-17.6146909200259	-17.6113501844093	-18.3888667984926	-14.6456051309149	-15.9395325855968	-15.3048747845091	-16.6247163750002	-15.3367403735165	-19.3759003463982	-16.9136909737357	-16.6174650171399	-18.9449207083615	-14.3762204640171	-17.406396293355	-15.1034672938538	-13.4055223276425	-17.9193291179147	-15.3934701189107	-14.223872979062	-14.5467428143341	-16.8100079699645	-17.3834958912449	-18.6498438331235	-16.5520016156019	-16.0590894097232	-16.4136290887762	-19.3086347248582	-17.4436745227821	-18.0395762052611	-5.12768940437762	-19.6978284412855	-16.1285218935425	-14.2480650963078	-16.6006911085165	-9.33434062359023	-16.8453856296994	-13.7859805538887
X33_SLC_SMT_NEG_16J	-13.4328985909493	-12.7681358309698	-15.0301255095564	-10.3811355198228	-16.2359690939207	-15.1471598269629	-16.6449118367052	-11.8292111941292	-14.0947191454311	-14.3666935956181	-13.4742095426072	-18.6964899338388	-15.5414688929163	-17.8385089387113	-12.0857405378132	-18.3050984408	-14.7643846395128	-14.7370069428283	-15.4433407176396	-17.687146348112	-14.1887678101396	-14.2898215498264	-16.1304358956677	-16.4796291635425	-14.4526379209737	-17.5265649323965	-16.9462467830683	-14.3551489034265	-16.5376643059267	-10.3004872931052	-11.0309997863352	-14.3037652432698	-11.3777462252338	-14.2934707450974	-16.630286961049	-15.743054716241	-16.3722761886873	-15.4992732407288	-17.4190876216075	-14.4044472727187	-16.103953652326	-17.3101759655172	-15.2857574372245	-18.6531278884111	-17.4283427654026	-16.9322588459485	-17.8797914260544	-15.7872356657599	-12.7346992456566	-16.7312338920974	-17.6146909200259	-17.6113501844093	-18.3888667984926	-14.6456051309149	-15.9395325855968	-15.3048747845091	-16.6247163750002	-15.3367403735165	-19.3759003463982	-16.9136909737357	-16.6174650171399	-18.9449207083615	-14.3762204640171	-17.406396293355	-15.1034672938538	-13.4055223276425	-17.9193291179147	-15.3934701189107	-14.223872979062	-14.5467428143341	-16.8100079699645	-17.3834958912449	-18.6498438331235	-16.5520016156019	-16.0590894097232	-16.4136290887762	-19.3086347248582	-17.4436745227821	-18.0395762052611	-5.12768940437762	-19.6978284412855	-16.1285218935425	-14.2480650963078	-16.6006911085165	-9.33434062359023	-16.8453856296994	-13.7859805538887
X32_SLC_SMT_NEG_89J	-13.4328985909493	-12.7681358309698	-15.0301255095564	-2.0103442442737	-16.2359690939207	-15.1471598269629	-16.6449118367052	-8.83097568496781	-14.0947191454311	-14.3666935956181	-13.4742095426072	-18.6964899338388	-15.5414688929163	-8.82557120190754	-12.0857405378132	-18.3050984408	-14.7643846395128	-14.7370069428283	-15.4433407176396	-17.687146348112	-14.1887678101396	-14.2898215498264	-2.54288409131047	-16.4796291635425	-14.4526379209737	-9.57780142728622	-16.9462467830683	-14.3551489034265	-16.5376643059267	-5.73765008804748	-4.93807023034723	-14.3037652432698	-6.29974382527372	-10.8911734825503	-16.630286961049	-15.743054716241	-16.3722761886873	-15.4992732407288	-17.4190876216075	-14.4044472727187	-16.103953652326	-17.3101759655172	-15.2857574372245	-18.6531278884111	-17.4283427654026	-12.6239634007453	-7.95072071410242	-8.47222093326807	-12.7346992456566	-11.3003684136553	-17.6146909200259	-17.6113501844093	-18.3888667984926	-14.6456051309149	-15.9395325855968	-15.3048747845091	-16.6247163750002	-15.3367403735165	-19.3759003463982	-16.9136909737357	-16.6174650171399	-13.9088445088774	-14.3762204640171	-17.406396293355	-15.1034672938538	-13.4055223276425	-6.79634993634871	-15.3934701189107	-10.058591628382	-14.5467428143341	-16.8100079699645	-17.3834958912449	-13.9711287871317	-16.5520016156019	-16.0590894097232	-16.4136290887762	-19.3086347248582	-17.4436745227821	-18.0395762052611	-1.10352355172652	-6.7804325969448	-16.1285218935425	-14.2480650963078	-16.6006911085165	-5.8001728157832	-16.8453856296994	-13.7859805538887
X31_SLC_SMT_NEG_194J	-13.4328985909493	-12.7681358309698	-15.0301255095564	-10.3811355198228	-16.2359690939207	-15.1471598269629	-16.6449118367052	-11.8292111941292	-14.0947191454311	-14.3666935956181	-13.4742095426072	-18.6964899338388	-15.5414688929163	-17.8385089387113	-12.0857405378132	-18.3050984408	-14.7643846395128	-14.7370069428283	-15.4433407176396	-17.687146348112	-14.1887678101396	-14.2898215498264	-16.1304358956677	-16.4796291635425	-14.4526379209737	-17.5265649323965	-16.9462467830683	-14.3551489034265	-16.5376643059267	-10.3004872931052	-11.0309997863352	-14.3037652432698	-11.3777462252338	-14.2934707450974	-16.630286961049	-15.743054716241	-16.3722761886873	-15.4992732407288	-17.4190876216075	-14.4044472727187	-16.103953652326	-17.3101759655172	-15.2857574372245	-18.6531278884111	-17.4283427654026	-16.9322588459485	-17.8797914260544	-15.7872356657599	-12.7346992456566	-16.7312338920974	-17.6146909200259	-17.6113501844093	-18.3888667984926	-14.6456051309149	-15.9395325855968	-15.3048747845091	-16.6247163750002	-15.3367403735165	-19.3759003463982	-16.9136909737357	-16.6174650171399	-18.9449207083615	-14.3762204640171	-17.406396293355	-15.1034672938538	-13.4055223276425	-17.9193291179147	-15.3934701189107	-14.223872979062	-14.5467428143341	-16.8100079699645	-17.3834958912449	-18.6498438331235	-16.5520016156019	-16.0590894097232	-16.4136290887762	-19.3086347248582	-17.4436745227821	-18.0395762052611	-5.12768940437762	-19.6978284412855	-16.1285218935425	-14.2480650963078	-16.6006911085165	-9.33434062359023	-16.8453856296994	-13.7859805538887
X30_SLC_SMT_NEG_109I	-4.88977254674655	-6.47106041849376	-6.33658523863956	-2.39046385772047	-10.5488214683608	-5.91189098938073	-10.5653980012546	-5.56203969999212	-8.98243754470144	-8.15940564157874	-7.89855389427789	-8.94913746193291	-12.5023312061174	-8.48530275421304	-7.24917191358083	-18.3050984408	-7.69604061095488	-12.5040345062454	-9.55256215766693	-17.687146348112	-9.33799676747606	-13.2898215498264	-4.16012933061543	-12.1761536382287	-11.2424921394434	-7.2746137532678	-8.52706571977235	-14.3551489034265	-7.75594867518885	-4.49358364557389	-8.00770037038841	-6.12402420014183	-5.38675578271116	-10.7102559761437	-16.630286961049	-12.7937305032045	-16.3722761886873	-10.2371704991752	-12.4837264401389	-12.1261129557291	-11.66334672597	-14.8413834787959	-15.2857574372245	-13.5376572449698	-9.34933899283467	-8.04208735717059	-10.9336318297206	-10.1892823133762	-12.7346992456566	-11.1877416125039	-16.6146909200259	-12.2535527961343	-14.4913085045206	-9.69911636382448	-12.6156112996685	-15.3048747845091	-16.6247163750002	-5.13829083912015	-13.8543613327942	-16.9136909737357	-10.7114853712252	-18.9449207083615	-9.43864501402277	-11.1406125254242	-10.8213364442264	-7.68151214201756	-7.38599491289593	-15.3934701189107	-8.89010746396099	-9.5387479647926	-16.8100079699645	-17.3834958912449	-11.4341727981124	-11.3613499103959	-12.1646579993908	-16.4136290887762	-10.3285339561603	-11.0943328183633	-17.0395762052611	-1.36777691654517	-19.6978284412855	-14.0346439097188	-10.1714090413819	-16.6006911085165	-3.73690011885145	-9.36337759174291	-8.55498778230402
X29_SLC_SMT_NEG_75I	-4.35840404980515	-12.7681358309698	-15.0301255095564	-0.979700438389469	-16.2359690939207	-15.1471598269629	-16.6449118367052	-11.8292111941292	-14.0947191454311	-14.3666935956181	-13.4742095426072	-18.6964899338388	-15.5414688929163	-17.8385089387113	-12.0857405378132	-18.3050984408	-14.7643846395128	-14.7370069428283	-15.4433407176396	-17.687146348112	-14.1887678101396	-14.2898215498264	-16.1304358956677	-16.4796291635425	-14.4526379209737	-17.5265649323965	-16.9462467830683	-14.3551489034265	-16.5376643059267	-10.3004872931052	-11.0309997863352	-14.3037652432698	-11.3777462252338	-14.2934707450974	-16.630286961049	-15.743054716241	-16.3722761886873	-15.4992732407288	-17.4190876216075	-14.4044472727187	-16.103953652326	-17.3101759655172	-15.2857574372245	-18.6531278884111	-17.4283427654026	-16.9322588459485	-17.8797914260544	-15.7872356657599	-12.7346992456566	-16.7312338920974	-17.6146909200259	-17.6113501844093	-18.3888667984926	-14.6456051309149	-15.9395325855968	-15.3048747845091	-16.6247163750002	-15.3367403735165	-19.3759003463982	-16.9136909737357	-16.6174650171399	-18.9449207083615	-14.3762204640171	-17.406396293355	-15.1034672938538	-13.4055223276425	-17.9193291179147	-15.3934701189107	-14.223872979062	-14.5467428143341	-16.8100079699645	-17.3834958912449	-18.6498438331235	-16.5520016156019	-16.0590894097232	-16.4136290887762	-19.3086347248582	-17.4436745227821	-18.0395762052611	-1.17083792625977	-19.6978284412855	-16.1285218935425	-14.2480650963078	-16.6006911085165	-9.33434062359023	-16.8453856296994	-13.7859805538887
X28_SLC_SMT_NEG_90I	-3.30804048760584	-7.14091483790028	-7.90072131302038	-1.55630047883797	-10.6756163628189	-8.19404849542653	-16.6449118367052	-5.66503093684386	-10.1790408562468	-10.1769469588678	-9.53623275590497	-18.6964899338388	-15.5414688929163	-14.3395671596869	-7.05885663614937	-18.3050984408	-11.3727340236221	-14.7370069428283	-15.4433407176396	-17.687146348112	-14.1887678101396	-14.2898215498264	-5.44325441624589	-16.4796291635425	-10.808692174528	-9.48158616455932	-16.9462467830683	-14.3551489034265	-16.5376643059267	-6.24434141122181	-5.88258611480379	-8.72562226524013	-5.82371375335322	-13.2934707450974	-16.630286961049	-15.743054716241	-16.3722761886873	-10.4276888493753	-17.4190876216075	-14.4044472727187	-16.103953652326	-17.3101759655172	-15.2857574372245	-18.6531278884111	-9.98796819812319	-8.16237415778054	-17.8797914260544	-10.0946010466144	-12.7346992456566	-14.3025729522047	-17.6146909200259	-17.6113501844093	-18.3888667984926	-14.6456051309149	-15.9395325855968	-15.3048747845091	-16.6247163750002	-9.50109992068091	-19.3759003463982	-16.9136909737357	-16.6174650171399	-18.9449207083615	-14.3762204640171	-17.406396293355	-15.1034672938538	-10.0045829119741	-8.83651585675236	-15.3934701189107	-14.223872979062	-14.5467428143341	-16.8100079699645	-17.3834958912449	-18.6498438331235	-16.5520016156019	-16.0590894097232	-16.4136290887762	-19.3086347248582	-17.4436745227821	-18.0395762052611	-1.35656201370794	-11.2844256054944	-16.1285218935425	-14.2480650963078	-16.6006911085165	-4.9762288038799	-16.8453856296994	-7.82130998560207
X27_SLC_SMT_NEG_152I	-6.64280794334992	-11.0921683699616	-15.0301255095564	-3.09481797000269	-16.2359690939207	-10.342378325378	-11.8509998828944	-10.8292111941292	-13.0947191454311	-13.3666935956181	-13.4742095426072	-17.6964899338388	-15.5414688929163	-16.8385089387113	-9.79241985729268	-18.3050984408	-14.7643846395128	-14.7370069428283	-15.4433407176396	-17.687146348112	-14.1887678101396	-14.2898215498264	-15.1304358956677	-16.4796291635425	-14.4526379209737	-16.5265649323965	-16.9462467830683	-14.3551489034265	-16.5376643059267	-9.30048729310525	-7.62538376382774	-14.3037652432698	-7.64832238852724	-14.2934707450974	-16.630286961049	-15.743054716241	-16.3722761886873	-14.4992732407288	-17.4190876216075	-14.4044472727187	-16.103953652326	-17.3101759655172	-15.2857574372245	-17.6304007433811	-17.4283427654026	-12.553106719849	-12.6768992054809	-12.9533385397263	-12.7346992456566	-16.7312338920974	-17.6146909200259	-17.6113501844093	-18.3888667984926	-14.6456051309149	-15.9395325855968	-15.3048747845091	-16.6247163750002	-14.3367403735165	-19.3759003463982	-16.9136909737357	-16.6174650171399	-18.9449207083615	-14.3762204640171	-17.406396293355	-15.1034672938538	-11.9208796530793	-17.9193291179147	-15.3934701189107	-14.223872979062	-13.5467428143341	-9.0767284705404	-17.3834958912449	-18.6498438331235	-16.5520016156019	-16.0590894097232	-16.4136290887762	-19.3086347248582	-17.4436745227821	-18.0395762052611	-0.234560414008376	-19.6978284412855	-16.1285218935425	-14.2480650963078	-13.1867149295119	-8.33434062359023	-16.8453856296994	-8.97480327421269
X26_SLC_SMT_NEG_142J	-7.07461702729772	-8.90607523298486	-4.07801578617856	-3.16206018697974	-10.4360102246597	-6.77703756802342	-9.82833766730216	-7.43356745562806	-10.4339276041735	-8.76299717245143	-8.79086565955099	-18.6964899338388	-14.0362838257882	-6.70439309719599	-8.80985215734178	-18.3050984408	-5.79965927042221	-7.62154256389255	-6.15787067758744	-11.1591657781097	-14.1887678101396	-7.56404276630997	-16.1304358956677	-7.88890288144155	-6.32475366925778	-17.5265649323965	-10.5244921083262	-11.5851245637659	-16.5376643059267	-6.11004511636249	-4.35850879110975	-14.3037652432698	-11.3777462252338	-8.18223036074103	-10.9491260101832	-9.57738257724722	-11.2224623082293	-15.4992732407288	-11.3399379953425	-11.3247196570319	-15.103953652326	-12.3096601758434	-9.24122583021984	-9.20970678763527	-17.4283427654026	-11.4404525011155	-10.4687633057051	-11.9745930106175	-12.7346992456566	-16.7312338920974	-17.6146909200259	-17.6113501844093	-18.3888667984926	-12.9217042720128	-9.7990384260942	-14.0163309999383	-10.7215677592296	-4.43341825375153	-11.3233351127405	-9.28211662672062	-16.6174650171399	-10.5231290927943	-8.19859214540418	-9.64699409570696	-15.1034672938538	-8.74588817120411	-17.9193291179147	-11.0156120688103	-11.95501035863	-8.9314084301201	-15.8100079699645	-14.5538228381121	-12.4196970040312	-11.9900447523133	-10.7146798227905	-11.0890873423736	-11.1264581147949	-10.974670635381	-13.1660631380564	-1.23822101848461	-19.6978284412855	-11.2640737538195	-10.8592471606287	-7.75827068215276	-4.89556313007384	-12.9109689968744	-3.00850168332804
X25_SLC_SMT_NEG_15J	-5.7783901582726	-12.7681358309698	-15.0301255095564	-1.6532076510731	-16.2359690939207	-15.1471598269629	-16.6449118367052	-6.28052307360156	-14.0947191454311	-14.3666935956181	-13.4742095426072	-18.6964899338388	-15.5414688929163	-3.61854451906518	-12.0857405378132	-18.3050984408	-14.7643846395128	-14.7370069428283	-15.4433407176396	-17.687146348112	-14.1887678101396	-14.2898215498264	-16.1304358956677	-16.4796291635425	-3.66908836151921	-17.5265649323965	-16.9462467830683	-14.3551489034265	-4.23568742553548	-10.3004872931052	-11.0309997863352	-14.3037652432698	-11.3777462252338	-14.2934707450974	-16.630286961049	-15.743054716241	-16.3722761886873	-15.4992732407288	-17.4190876216075	-14.4044472727187	-16.103953652326	-17.3101759655172	-5.62183759294621	-18.6531278884111	-17.4283427654026	-16.9322588459485	-17.8797914260544	-15.7872356657599	-12.7346992456566	-16.7312338920974	-17.6146909200259	-17.6113501844093	-18.3888667984926	-14.6456051309149	-15.9395325855968	-15.3048747845091	-16.6247163750002	-15.3367403735165	-19.3759003463982	-16.9136909737357	-16.6174650171399	-18.9449207083615	-14.3762204640171	-17.406396293355	-15.1034672938538	-13.4055223276425	-17.9193291179147	-15.3934701189107	-14.223872979062	-14.5467428143341	-2.83621627693883	-17.3834958912449	-18.6498438331235	-16.5520016156019	-16.0590894097232	-16.4136290887762	-19.3086347248582	-17.4436745227821	-18.0395762052611	-2.71415597381012	-19.6978284412855	-7.39756249479177	-14.2480650963078	-16.6006911085165	-9.33434062359023	-16.8453856296994	-3.06831534595059
X24_SLC_SMT_NEG_91J	-3.02304613853536	-6.93719802761291	-7.95955031794735	-2.2540678259282	-10.2662924683735	-7.72302034804081	-12.6736094076093	-6.3797295537799	-9.36637860986245	-9.03616920673878	-8.42901872894452	-18.6964899338388	-12.6006454519231	-7.78533748080161	-6.65661886463885	-18.3050984408	-5.52156133858836	-7.07882163984215	-5.87152762006967	-11.6892375508445	-6.19538129443807	-9.13050659169648	-3.8833044706964	-8.75403267364152	-6.17667356096593	-4.40674436500317	-9.18465048730587	-9.52054166885307	-6.79161050132783	-6.32648561837934	-6.75599325829147	-6.20386528406857	-5.64018640607187	-9.20125649024159	-11.8680649524426	-9.34731264163698	-16.3722761886873	-7.62876178059926	-13.3336030512272	-13.4044472727187	-12.7323591797551	-14.0399676033254	-13.976095420159	-7.62545200653783	-10.1392250060603	-9.22753276390344	-11.1594392785148	-11.2011527552035	-9.31822139677663	-8.40217991580415	-17.6146909200259	-10.8936529819829	-14.3245351707088	-12.8946591624544	-15.9395325855968	-15.3048747845091	-11.0909515320442	-5.77454066305037	-13.7749555480512	-16.9136909737357	-16.6174650171399	-18.9449207083615	-8.95521388521826	-16.1965957821543	-11.927233152969	-8.15280341256089	-8.13367083157416	-11.2144918393395	-14.223872979062	-13.5239109393203	-16.8100079699645	-17.3834958912449	-18.6498438331235	-10.7263753676061	-16.0590894097232	-13.4510525109787	-10.6785111442514	-12.781144725458	-18.0395762052611	-2.32199506492754	-11.5951827606525	-9.72130856853485	-11.5724626841524	-12.744401779236	-3.60546163879834	-12.5084256918229	-5.72142014443938
X23_SLC_SMT_NEG_197J	-13.4328985909493	-12.7681358309698	-15.0301255095564	-10.3811355198228	-16.2359690939207	-15.1471598269629	-16.6449118367052	-11.8292111941292	-14.0947191454311	-14.3666935956181	-13.4742095426072	-18.6964899338388	-15.5414688929163	-17.8385089387113	-12.0857405378132	-18.3050984408	-14.7643846395128	-14.7370069428283	-15.4433407176396	-17.687146348112	-14.1887678101396	-14.2898215498264	-16.1304358956677	-16.4796291635425	-14.4526379209737	-17.5265649323965	-16.9462467830683	-14.3551489034265	-16.5376643059267	-10.3004872931052	-11.0309997863352	-14.3037652432698	-11.3777462252338	-14.2934707450974	-16.630286961049	-15.743054716241	-16.3722761886873	-15.4992732407288	-17.4190876216075	-14.4044472727187	-16.103953652326	-17.3101759655172	-15.2857574372245	-18.6531278884111	-17.4283427654026	-16.9322588459485	-17.8797914260544	-15.7872356657599	-12.7346992456566	-16.7312338920974	-17.6146909200259	-17.6113501844093	-18.3888667984926	-14.6456051309149	-15.9395325855968	-15.3048747845091	-16.6247163750002	-15.3367403735165	-19.3759003463982	-16.9136909737357	-16.6174650171399	-18.9449207083615	-14.3762204640171	-17.406396293355	-15.1034672938538	-13.4055223276425	-17.9193291179147	-15.3934701189107	-14.223872979062	-14.5467428143341	-16.8100079699645	-17.3834958912449	-18.6498438331235	-16.5520016156019	-16.0590894097232	-16.4136290887762	-19.3086347248582	-17.4436745227821	-18.0395762052611	-5.12768940437762	-19.6978284412855	-16.1285218935425	-14.2480650963078	-16.6006911085165	-9.33434062359023	-16.8453856296994	-13.7859805538887
