MouseID,Genotype,Sex,Plasma_FITC,Size,Batch,Omit
2,WT,Male,337.59,150_kDa,One,No
3,WT,Male,187.97,150_kDa,One,No
6,WT,Female,272.355,150_kDa,One,No
7,WT,Female,514.855,150_kDa,One,No
8,WT,Female,552.88,150_kDa,One,No
9,WT,Female,1314.32,150_kDa,One,No
10,MUT,Male,800.135,150_kDa,One,No
12,MUT,Female,742.175,150_kDa,One,No
13,HET,Female,783.995,150_kDa,One,No
14,HET,Female,480.815,150_kDa,One,No
28,MUT,Female,583.07,150_kDa,One,No
31,WT,Male,592.3,150_kDa,One,No
32,WT,Male,376.795,150_kDa,One,No
33,WT,Male,508.98,150_kDa,One,No
34,MUT,Male,539.985,150_kDa,One,No
74,MUT,Male,549.62,150_kDa,One,No
76,HET,Female,683.81,150_kDa,One,No
77,HET,Female,267.945,150_kDa,One,No
87,HET,Male,633.66,150_kDa,Two,No
88,HET,Male,589.29,150_kDa,Two,No
100,MUT,Female,370.735,150_kDa,Two,No
102,HET,Male,258.335,150_kDa,Two,No
103,HET,Male,728.165,150_kDa,Two,No
105,HET,Female,570.465,150_kDa,Two,No
106,HET,Female,894.685,150_kDa,Two,No
108,HET,Female,317.79,150_kDa,Two,No
109,HET,Female,390.24,150_kDa,Two,No
110,HET,Male,329.63,150_kDa,Two,No
111,WT,Male,124.59,150_kDa,Two,No
115,MUT,Female,118.75,150_kDa,Two,No
121,MUT,Male,586.355,150_kDa,Two,No
122,MUT,Male,697.8,150_kDa,Two,No
124,MUT,Female,1350.195,150_kDa,Two,No
127,WT,Female,265.67,150_kDa,Two,No
129,MUT,Female,1068.12,150_kDa,Two,No
131,MUT,Male,232.64,150_kDa,Two,No
132,MUT,Male,141.195,150_kDa,Two,No
133,WT,Male,100.465,150_kDa,Two,No
134,MUT,Male,293.02,150_kDa,Two,No
137,WT,Female,64.145,150_kDa,Two,No
644,WT,Male,503.855,150_kDa,One,No
646,MUT,Female,635.95,150_kDa,One,No
647,HET,Female,815.035,150_kDa,One,No
648,WT,Male,303.31,150_kDa,One,No
682,HET,Female,616.8,150_kDa,One,No
90,WT,Female,1055.235,4_kDa,,No
91,WT,Female,847.05,4_kDa,,No
109,MUT,Female,1122.695,4_kDa,,No
118,HET,Male,814.436,4_kDa,,No
119,WT,Female,770.836,4_kDa,,No
120,MUT,Female,4572.46,4_kDa,,No
124,WT,Male,1155.405,4_kDa,,No
125,WT,Female,514.61,4_kDa,,No
144,WT,Female,802.945,4_kDa,,No
144,HET,Female,1725.76,4_kDa,,No
152,WT,Male,648.055,4_kDa,,No
156,MUT,Male,891.435,4_kDa,,No
159,MUT,Male,848.75,4_kDa,,No
178,HET,Female,2525.102,4_kDa,,No
179,MUT,Female,1189.444,4_kDa,,No
180,MUT,Female,2368.262,4_kDa,,No
181,HET,Female,1050.502,4_kDa,,No
182,HET,Male,1161.266,4_kDa,,No
185,HET,Male,4530.57,4_kDa,,No
186,HET,Female,2344.31,4_kDa,,No
189,HET,Male,1329.71,4_kDa,,No
191,MUT,Female,803.805,4_kDa,,No
192,MUT,Female,1087.025,4_kDa,,No
197,WT,Male,1304.165,4_kDa,,No
200,WT,Female,1949.44,4_kDa,,No
230,MUT,Male,3203.125,4_kDa,,No
604,HET,Female,2033.82,4_kDa,,No
609,HET,Male,1449.595,4_kDa,,No
610,HET,Male,1095.634,4_kDa,,No
612,MUT,Female,632.004,4_kDa,,No
613,WT,Female,487.44,4_kDa,,No
614,MUT,Male,2346.76,4_kDa,,No
616,HET,Male,420.73,4_kDa,,No
621,HET,Female,1238.17,4_kDa,,No
622,MUT,Female,1089.792,4_kDa,,No
633,WT,Male,331.105,4_kDa,,No
634,WT,Male,872.08,4_kDa,,No
635,MUT,Male,3113.185,4_kDa,,No
636,WT,Male,317.61,4_kDa,,No
638,MUT,Female,2958.905,4_kDa,,No
639,WT,Female,1401.475,4_kDa,,No
641,WT,Female,1346.95,4_kDa,,No
642,WT,Female,409.45,4_kDa,,No
644,HET,Male,696.715,4_kDa,,No
645,HET,Female,362.58,4_kDa,,No
648,HET,Female,1647.741667,4_kDa,,No
652,WT,Male,502.69,4_kDa,,No
654,WT,Female,360.435,4_kDa,,No
659,HET,Male,1726.565,4_kDa,,No
660,MUT,Male,2017.71,4_kDa,,No
662,MUT,Male,1980.125,4_kDa,,No
666,WT,Male,742.54,4_kDa,,No
667,WT,Female,767.86,4_kDa,,No
668,HET,Female,2948.96,4_kDa,,No
669,MUT,Male,1348.585,4_kDa,,No
670,WT,Male,1082.345,4_kDa,,No
671,HET,Female,1486.82,4_kDa,,No
672,HET,Female,608.375,4_kDa,,No
678,MUT,Female,909.61,4_kDa,,No
679,WT,Male,676.568,4_kDa,,No
686,MUT,Female,2700.381667,4_kDa,,No
695,MUT,Male,4475.721667,4_kDa,,No
139,WT,Female,526.05,150_kDa,Three,Yes
188,WT,Female,741.125,150_kDa,Three,Yes
194,WT,Female,676.15,150_kDa,Three,Yes
934,WT,Male,3980.725,150_kDa,Four,Yes
978,WT,Male,492.415,150_kDa,Four,Yes
986,WT,Male,2711.595,150_kDa,Four,Yes
