feature	Acutalibacter_caecimuris	Acutalibacter_intestini	Acutalibacter_muris	Acutalibacter_sp_1XD8_33	Adlercreutzia_SGB42953	Adlercreutzia_aquisgranensis	Adlercreutzia_caecimuris	Adlercreutzia_mucosicola	Adlercreutzia_muris	Akkermansia_muciniphila	Alistipes_finegoldii	Alistipes_muris	Alistipes_timonensis	Anaerostipes_hominis_ex_Lee_et_al_2021	Bacillota_unclassified_SGB43543	Bacillota_unclassified_SGB43546	Bacillota_unclassified_SGB43549	Bacillota_unclassified_SGB43550	Bacillota_unclassified_SGB63211	Bacteroidales_bacterium	Bacteroides_caecimuris	Bifidobacterium_pseudolongum	Blautia_pseudococcoides	Caniella_muris	Clostridia_bacterium	Clostridiaceae_bacterium	Clostridiales_bacterium	Coriobacteriaceae_bacterium	Cutibacterium_acnes	Duncaniella_dubosii	Duncaniella_freteri	Duncaniella_muricolitica	Duncaniella_muris	Enterococcus_gallinarum	Escherichia_coli	Eubacteriaceae_bacterium	Faecalibaculum_rodentium	Flintibacter_SGB43538	GGB115370_SGB161393	GGB14001_SGB21428	GGB141797_SGB41693	GGB143828_SGB43507	GGB1503_SGB2082	GGB1690_SGB40190	GGB18828_SGB27767	GGB22635_SGB33556	GGB22635_SGB63107	GGB24132_SGB35935	GGB24146_SGB35950	GGB24148_SGB35952	GGB25041_SGB36960	GGB27478_SGB39772	GGB27480_SGB39776	GGB27482_SGB39778	GGB27770_SGB40184	GGB27849_SGB40283	GGB27860_SGB40294	GGB27861_SGB40295	GGB27866_SGB40300	GGB27876_SGB40310	GGB27884_SGB40318	GGB27885_SGB40319	GGB27894_SGB40329	GGB27919_SGB40357	GGB27929_SGB40368	GGB28310_SGB40880	GGB28317_SGB40889	GGB28380_SGB40960	GGB28382_SGB40962	GGB28394_SGB40975	GGB28419_SGB41002	GGB28421_SGB41004	GGB28439_SGB41022	GGB28456_SGB41039	GGB28765_SGB41414	GGB28769_SGB41421	GGB28778_SGB41431	GGB28803_SGB41457	GGB28869_SGB41543	GGB28870_SGB41546	GGB28898_SGB41580	GGB28901_SGB41592	GGB28904_SGB41597	GGB28925_SGB41622	GGB28927_SGB41625	GGB28946_SGB41652	GGB28949_SGB41655	GGB28949_SGB41656	GGB28956_SGB41665	GGB28990_SGB41704	GGB29531_SGB42317	GGB30045_SGB42945	GGB30046_SGB42947	GGB30294_SGB43258	GGB30296_SGB43260	GGB30298_SGB43262	GGB30454_SGB43514	GGB30454_SGB43516	GGB30455_SGB43519	GGB30460_SGB43527	GGB30461_SGB102216	GGB30461_SGB43529	GGB30461_SGB63204	GGB30461_SGB63208	GGB30461_SGB63209	GGB30468_SGB43552	GGB30475_SGB63182	GGB30667_SGB43809	GGB30861_SGB44083	GGB31108_SGB44379	GGB3171_SGB4185	GGB32371_SGB41694	GGB42322_SGB59489	GGB42570_SGB59765	GGB42598_SGB59794	GGB42646_SGB59844	GGB45514_SGB63186	GGB45515_SGB63187	GGB45656_SGB63370	GGB46159_SGB63927	GGB46162_SGB63930	GGB70518_SGB94950	GGB70852_SGB95305	GGB73359_SGB46611	GGB74395_SGB43523	GGB75057_SGB102223	GGB75074_SGB102167	GGB75725_SGB102612	GGB75726_SGB102611	GGB75879_SGB103683	GGB9439_SGB42949	Hominisplanchenecus_murintestinalis	Lachnospiraceae_bacterium	Lachnospiraceae_bacterium_A2	Lachnospiraceae_unclassified_SGB41405	Lachnospiraceae_unclassified_SGB7275	Lactobacillus_intestinalis	Lactobacillus_johnsonii	Lepagella_muris	Ligilactobacillus_murinus	Limosilactobacillus_reuteri	Muribaculaceae_bacterium	Muribaculum_gordoncarteri	Muribaculum_intestinale	Muricaecibacterium_torontonense	Neglectibacter_caecimuris	Neglectibacter_sp_X4	Oscillibacter_SGB43496	Oscillibacter_SGB43499	Oscillibacter_SGB43502	Oscillibacter_SGB94990	Oscillibacter_sp_CU971	Oscillospiraceae_bacterium	Oscillospiraceae_unclassified_SGB102175	Oscillospiraceae_unclassified_SGB43526	Parabacteroides_SGB1950	Parabacteroides_goldsteinii	Paramuribaculum_intestinale	Parasutterella_muris	Parvibacter_caecicola	Pseudoflavonifractor_sp_524_17	Sangeribacter_muris	Schaedlerella_arabinosiphila	Thomasclavelia_cocleata	Turicibacter_sp_1E2	Turicimonas_muris	bacterium_1xD42_67
SLC_SMT_NEG_143I	NA	NA	NA	NA	NA	NA	-6.52602561923822	NA	-6.54267855822462	-3.85978523002504	NA	NA	NA	-6.19240140320894	NA	NA	NA	NA	NA	-6.43411155909294	NA	-6.75852422703779	-5.27748733476548	-4.61309378751622	NA	NA	NA	NA	NA	NA	NA	NA	-5.62355704592373	NA	NA	NA	-2.88419184839411	NA	NA	-5.25496258705105	NA	NA	NA	NA	NA	NA	-6.94379679065832	-4.65205314749623	-6.49045166922335	NA	NA	NA	NA	NA	NA	-6.06293650557453	-6.63023853212359	-6.61345645595476	NA	-6.40211723019447	-4.63129392206396	NA	-6.55882732631705	NA	-6.67818044754257	-5.35655587025816	NA	NA	NA	NA	NA	NA	NA	NA	NA	NA	NA	NA	NA	NA	NA	NA	NA	NA	NA	NA	NA	NA	NA	NA	NA	NA	NA	NA	NA	NA	NA	NA	NA	NA	NA	NA	NA	NA	NA	NA	NA	NA	-6.49579066471272	NA	NA	NA	NA	NA	NA	-5.9551282630143	NA	NA	NA	-4.61649738853705	NA	NA	NA	NA	NA	NA	NA	NA	NA	NA	NA	NA	-4.87304918700963	-5.97153846043666	NA	-6.12738207051659	NA	NA	-4.95076827786408	NA	NA	-6.61073866229533	-4.06709064677508	-4.59695699839738	-2.94730689515081	NA	NA	NA	NA	NA	NA	NA	NA	NA	NA	NA	NA	NA	NA	NA	NA	NA	-5.96261681467785	NA	NA	-6.18928937518485	NA
SLC_SMT_NEG_16I	NA	-8.52491674723053	NA	NA	NA	NA	NA	NA	-5.65840038856264	-4.1525895062362	NA	NA	NA	NA	-8.5854196295341	NA	NA	NA	-8.32307854139085	NA	NA	-3.31623734208753	NA	-6.46309193590369	NA	NA	NA	NA	NA	NA	NA	-6.89347119692374	NA	NA	NA	-8.70813115296529	-1.60041669031627	NA	NA	-5.82650537305494	NA	NA	NA	NA	NA	NA	NA	NA	NA	-8.15748053967559	-7.75271985359563	NA	NA	NA	NA	NA	NA	NA	NA	NA	NA	NA	NA	NA	-7.43639024638829	-4.24833203799642	NA	NA	NA	NA	NA	NA	NA	NA	NA	NA	NA	NA	NA	NA	NA	NA	-7.9660642685395	NA	NA	NA	NA	NA	NA	NA	NA	-7.43860219823978	NA	NA	NA	NA	NA	NA	-8.51540521779766	NA	NA	NA	-8.44122070304679	NA	NA	NA	NA	NA	-8.13981354562874	NA	NA	NA	NA	NA	NA	NA	-8.40629848846806	NA	NA	-6.66739258953071	NA	NA	NA	NA	NA	NA	NA	NA	NA	NA	-7.5915969295077	NA	-4.1792002853934	NA	NA	NA	NA	-8.31616031248968	NA	-8.97956701739008	-9.46507192514923	NA	NA	NA	-1.88066180260504	NA	NA	NA	NA	NA	NA	-8.64733044087335	NA	NA	NA	NA	NA	NA	-7.9197288879764	NA	NA	NA	NA	-8.7874100124727	NA	NA	NA
SLC_SMT_NEG_89I	NA	NA	NA	NA	-8.90606364474367	-9.35069063453457	-5.98327603602517	-8.45234881492441	-6.05843604413416	-4.85272429124787	NA	NA	NA	NA	NA	NA	NA	NA	NA	-10.3828583983514	NA	-7.12812047779959	NA	-9.13032690803815	-9.51582325217035	NA	NA	-8.44737797420223	NA	NA	NA	-10.0859310393297	NA	NA	NA	NA	-2.14641156776417	NA	NA	-7.55581253727794	NA	NA	-6.19485319979318	NA	NA	NA	-8.44457592618022	-5.77338751966557	-8.70464895617389	-9.83943022666766	NA	NA	NA	NA	NA	-10.0074925449792	-10.1275009769312	NA	NA	-8.61617521543232	-8.65140506627707	-10.6924944674444	NA	-2.51356032994265	-10.7650333289456	-2.51141548114585	NA	NA	NA	NA	NA	NA	NA	NA	NA	NA	NA	NA	NA	NA	NA	NA	NA	NA	NA	NA	NA	NA	NA	NA	NA	-7.42592712024329	-9.96857758739363	-10.727172573895	NA	-10.2427189473705	NA	NA	NA	NA	NA	NA	NA	NA	NA	NA	-10.5800495708981	NA	-6.65393396525632	NA	NA	-9.90576717009642	NA	-10.8650428423417	-5.77107924313936	-9.95001616262161	NA	NA	NA	-9.10163438041792	NA	-7.71067849822775	-9.69616425479147	NA	NA	NA	NA	NA	NA	-9.38816357007604	-6.91722565507462	NA	-7.05653560788983	NA	-9.72507867651602	NA	-11.3535855181097	-10.4194936080642	-10.0490133623561	-10.7357543360133	-10.5895420607261	-8.34020337798277	-5.66613267894589	-5.6641515829424	-2.5898124227273	NA	NA	NA	NA	NA	NA	NA	NA	NA	NA	NA	NA	-7.89884208259484	-10.6412513042239	-9.0441652444203	NA	NA	NA	NA	NA	-10.6407578220776	NA
SLC_SMT_NEG_194I	NA	NA	NA	NA	NA	NA	NA	NA	NA	NA	NA	NA	NA	NA	NA	NA	NA	NA	NA	NA	NA	NA	NA	NA	NA	NA	NA	NA	-4.75207870402702	NA	NA	NA	NA	NA	-1.24278761539109	NA	-3.16028818035098	NA	NA	NA	NA	NA	NA	NA	NA	NA	NA	NA	NA	NA	NA	NA	NA	NA	NA	NA	NA	NA	NA	NA	NA	NA	NA	NA	NA	NA	NA	NA	NA	NA	NA	NA	NA	NA	NA	NA	NA	NA	NA	NA	NA	NA	NA	NA	NA	NA	NA	NA	NA	NA	NA	NA	NA	NA	NA	NA	NA	NA	NA	NA	NA	NA	NA	NA	NA	NA	NA	NA	NA	NA	NA	NA	NA	NA	NA	NA	NA	NA	NA	NA	NA	NA	-4.79373972091065	NA	NA	NA	NA	NA	NA	NA	NA	NA	NA	NA	NA	NA	NA	-5.67914493977786	NA	-2.0324225516172	-3.28209389783241	NA	NA	NA	-5.28399123541182	NA	NA	NA	NA	NA	NA	NA	NA	NA	NA	NA	NA	NA	NA	NA	NA	NA	NA	NA	NA	NA	NA
SLC_SMT_NEG_142I	NA	NA	NA	NA	NA	-8.38242465153979	-5.97059787073521	-7.97767434052161	-6.46730796906159	-2.71099618974036	NA	NA	NA	NA	NA	NA	NA	NA	NA	-7.23449070222735	NA	-7.02844613969443	NA	-4.07965121134825	NA	NA	NA	-7.3019689931544	NA	NA	NA	NA	NA	NA	NA	NA	-1.93935134460237	NA	NA	-6.59954795530569	NA	NA	NA	NA	NA	NA	-7.93707872182398	-4.82462146062309	-7.58393575627108	-7.87134212935576	NA	NA	NA	NA	NA	-6.8763469978461	-7.84759141700104	-7.83914272196717	NA	-7.88188983589349	-6.27647871340143	NA	NA	NA	-7.99277537628523	-5.30086643670724	NA	NA	NA	NA	NA	NA	NA	NA	NA	NA	NA	NA	NA	NA	-7.58041096819746	NA	NA	NA	NA	NA	NA	NA	NA	NA	NA	-7.75679288621008	NA	NA	NA	NA	NA	NA	NA	NA	NA	NA	NA	NA	NA	NA	NA	NA	-7.39116716520495	NA	NA	NA	NA	NA	NA	NA	NA	NA	NA	-6.613240559906	NA	NA	NA	NA	NA	NA	NA	-8.99615273648755	-8.67934325610976	NA	-7.89776967553213	NA	-6.25524765663328	NA	NA	-7.12465814283338	NA	NA	-7.40981331965391	NA	NA	-7.93942471465209	-6.05466490381769	-7.21621455910182	-2.05113267475564	NA	NA	NA	NA	NA	NA	NA	NA	NA	NA	NA	NA	NA	NA	-8.224003145703	NA	NA	-6.58831848748403	NA	NA	-6.94630418703699	NA
SLC_SMT_NEG_15I	NA	NA	NA	NA	NA	NA	NA	NA	-6.53370591236546	-2.42302572994621	NA	NA	NA	NA	NA	NA	NA	NA	NA	NA	-6.90711974316081	-5.50638604450975	NA	NA	NA	NA	NA	NA	NA	NA	NA	-4.58824305356822	NA	NA	NA	NA	-2.75231829728218	NA	NA	-3.49392295598601	NA	NA	NA	NA	NA	NA	NA	NA	NA	-5.8817764829519	NA	NA	NA	NA	NA	NA	NA	NA	NA	NA	NA	NA	NA	NA	-5.39350772997006	-6.34445373054156	NA	NA	NA	NA	NA	NA	NA	NA	NA	NA	NA	NA	NA	NA	NA	NA	NA	NA	NA	NA	NA	NA	NA	NA	NA	-7.24046837873897	NA	NA	NA	NA	NA	NA	NA	NA	NA	NA	NA	NA	NA	NA	NA	NA	-7.73639733033456	NA	NA	NA	NA	NA	NA	NA	NA	NA	NA	-3.55095565674083	NA	NA	NA	NA	NA	NA	NA	NA	NA	NA	NA	NA	-3.88350023855075	NA	NA	NA	NA	NA	NA	NA	NA	NA	NA	NA	-1.96345010700142	NA	NA	NA	NA	NA	NA	NA	NA	NA	NA	-6.68910427571776	NA	NA	-6.62612207123672	NA	NA	NA	NA	NA	NA	NA	NA
SLC_SMT_NEG_91I	-12.4833295099019	-12.2122941118333	-12.0096443408173	NA	-6.63851269974765	-9.49975182014728	-8.02177877360853	-11.1667128673025	-6.69472374879388	-4.53153977716573	NA	-11.9976300503098	NA	NA	NA	-11.3935109017033	-12.3672488420421	NA	-11.6614156404778	-7.69392215244743	NA	-3.5384475681733	NA	-8.72545259933504	-11.0703080596238	-11.5819490399493	NA	-9.30797168540425	NA	-5.84591544709802	-11.7260641001522	-6.37656105656861	-8.77806924100946	NA	NA	-11.7995431153838	-2.65457142165977	-11.5176656845952	-12.1567857354891	-7.94175333171947	NA	-11.3833838974774	-5.40840962725318	-11.9358193918799	-8.87780235230803	NA	-8.86759431612062	-5.59032169228775	-8.47339661093861	-6.88508137365646	NA	-13.4708714731162	-13.3580814121657	-11.82794065411	NA	-5.2260442394388	-7.31045625063038	-11.121207198002	-10.7847016590278	-9.63508521250365	-5.07352323079501	-10.6183380976818	NA	-3.92385784234844	-9.3074084076847	-3.91301970221859	-10.8833182892503	-12.7568782704373	NA	NA	NA	NA	NA	NA	NA	NA	-11.5817219869049	NA	NA	NA	NA	NA	NA	-11.9135029216228	NA	NA	-11.8780811339593	-12.0502208776752	NA	NA	-11.8555353233515	-7.28115636052379	-10.6197942770662	-11.8073532924994	-11.657701520894	-10.7271309270433	NA	-11.3901273289728	-12.1192286444929	-10.7676850253939	-10.4430218649559	-11.6641774696071	NA	-12.1823782060456	-10.0607040795061	-12.4170156087242	-11.6743093048646	NA	-7.72695045235482	NA	NA	-10.0506136080548	NA	-12.2098357701269	-8.17114694740068	-10.0231847496763	-11.8443250903765	-12.6128179818433	NA	-5.55379554861515	-10.7808521210989	-9.93212416614049	-4.60742814153615	-13.6061061455319	-12.3507118019002	-12.6561468280315	-10.6067412743297	-11.6658611752477	-13.6354975541469	-6.15292247412133	-7.40181054825213	NA	-7.94590248201929	NA	-10.3189051728585	NA	-8.69641661824373	-8.86557171281665	-5.02836786532212	-10.6635165510586	-9.48563758899882	-7.09424215552114	-6.2617875025242	-5.18858449752246	-2.68194469411805	-11.2793832014063	-11.4987869142764	NA	NA	-11.9460120718284	-12.0302546204926	-11.3665641499863	-10.6287382608674	-11.7777928735485	NA	NA	NA	-6.22086514801484	-10.2903332379509	-10.5977026318068	NA	-10.1910542147567	NA	-12.090032869745	-12.4631133385114	-9.41668651816324	-11.7919063071554
SLC_SMT_NEG_197I	NA	NA	NA	NA	NA	-10.3369406205873	-8.17317089706598	-10.0917969660588	-9.84907867768625	-5.97523088552713	NA	NA	NA	NA	NA	NA	NA	NA	NA	-7.72416508008175	NA	-5.37651831757893	NA	-11.2792837724471	-12.0205844550944	NA	NA	-9.71310560579701	NA	-8.47281105594755	NA	-9.3482847195983	-10.2517668868615	NA	NA	NA	-0.939887198653325	NA	NA	-8.04686762315838	NA	NA	-5.81116475319134	NA	-9.97971018558237	-10.9040673785305	-10.5902371208633	-6.04848239336206	-10.1489975221937	-9.75031736793771	NA	NA	NA	NA	NA	-7.81776356127577	-8.60770602957238	NA	NA	-10.1098555790424	-7.88341257515101	-11.2824805276679	NA	-6.74406979410028	-11.1120340901704	-4.47690973237663	NA	NA	-11.3533179670836	NA	NA	NA	-11.4193441334473	NA	NA	NA	NA	NA	NA	NA	-9.9095762085072	NA	NA	-10.5337856409196	NA	NA	NA	NA	NA	NA	NA	-9.10272741470658	-11.0095944655283	NA	NA	NA	-10.2627738778947	NA	NA	NA	NA	NA	NA	NA	NA	NA	NA	NA	-8.95871876016453	-10.8248732629946	NA	NA	NA	NA	-9.98542932771666	NA	NA	NA	NA	-6.7360767497212	-11.2253801204374	NA	-5.35895222726596	NA	NA	NA	NA	NA	NA	-7.66669996031123	-8.46147482211965	NA	-6.40348717783673	NA	NA	NA	NA	-11.0175627308708	-8.29337591519697	-11.2794966692291	-10.3023519345971	-8.57274889869867	-7.18604714396079	-5.64163148427605	-2.29441167299099	NA	NA	NA	NA	NA	NA	NA	NA	NA	NA	NA	NA	-8.34641570850421	NA	NA	NA	-10.4683750758722	NA	NA	NA	-7.28489610805679	-10.6829416521067
SLC_SMT_NEG_141I	NA	NA	NA	NA	NA	-10.7956287880645	-7.91706176606365	-6.80195429952596	-7.12464966567204	-2.26519145202098	NA	NA	NA	-7.07536166280119	NA	NA	NA	NA	NA	-10.6807576177196	NA	NA	-4.73742298194922	-2.82447313930333	-10.3231282796052	NA	NA	-9.36889910006919	NA	NA	NA	NA	-7.73448283633413	-10.1013390394804	-8.29494735306002	NA	-2.48481023099695	NA	NA	-5.17866602279688	NA	NA	NA	NA	NA	NA	-10.5773104323983	-8.48298085226308	-8.40445633468342	NA	NA	NA	NA	NA	NA	-10.4289577530773	-9.72469135115389	-9.16624972668543	-10.0770790110673	-10.2703905499748	-7.89363424393587	-8.862492943453	-7.82511316940149	NA	NA	-5.01670582717246	-9.5856678491999	-10.8135128265714	NA	NA	NA	NA	NA	NA	NA	NA	NA	-9.98968837207811	NA	NA	NA	NA	NA	NA	NA	NA	NA	NA	NA	NA	NA	NA	-9.99396919774699	NA	NA	NA	NA	NA	NA	NA	NA	NA	NA	NA	NA	NA	NA	-10.7986615725341	-7.24464127063363	NA	-10.904020705975	NA	NA	NA	NA	NA	NA	NA	-10.6417485649652	-8.32914536760264	-10.9945486631686	NA	NA	NA	NA	NA	NA	NA	NA	NA	NA	NA	-6.8044414865965	NA	NA	NA	NA	-11.1106055788488	-9.89133925849911	-9.86069585102828	-10.283218349444	-8.61361374929414	-3.69635149511943	-5.01956313119344	-2.63936215966926	NA	NA	NA	NA	NA	NA	NA	NA	NA	NA	NA	NA	NA	-9.79250159414929	NA	NA	-10.3149995809409	NA	NA	NA	-6.64305397110809	NA
SLC_SMT_NEG_18I	NA	-9.32588572207561	NA	NA	NA	NA	NA	NA	-7.5528864364686	-3.45577133180875	NA	NA	NA	NA	NA	NA	NA	NA	-9.33455347536336	NA	NA	-5.33701077271688	NA	-9.53049124876587	-10.6826377848707	-9.10713291697644	NA	NA	NA	NA	NA	-7.6121020870668	NA	NA	NA	NA	-1.59238098260245	NA	NA	-5.87592706690542	NA	NA	NA	NA	NA	NA	NA	NA	NA	-8.70223851952656	NA	NA	NA	NA	NA	NA	NA	NA	NA	NA	NA	NA	NA	NA	-8.36761176394266	-5.21828696886545	NA	NA	-9.66047176148388	NA	NA	NA	NA	NA	NA	NA	NA	NA	NA	NA	NA	NA	-8.08855073702614	NA	-8.69147672208056	NA	NA	-9.00777144264837	-8.53621953631297	NA	NA	-8.10534629750242	NA	NA	NA	NA	NA	NA	-9.35335107081749	NA	NA	NA	-8.9463281102615	NA	NA	NA	NA	NA	-8.476467003231	NA	NA	NA	NA	NA	NA	NA	NA	NA	NA	-7.32081360949194	NA	NA	NA	NA	NA	NA	NA	NA	NA	NA	-9.58345736406158	NA	-4.06666128744059	NA	NA	-8.62115612504555	NA	NA	NA	-9.75793323106034	NA	NA	NA	NA	-1.36735697154358	NA	NA	NA	NA	NA	NA	NA	NA	NA	NA	NA	NA	NA	-8.3190206743452	NA	NA	NA	NA	-8.80366727471957	NA	NA	NA
SLC_SMT_NEG_88I	NA	NA	NA	NA	-8.92175830181949	-9.55306063280553	-9.41955433382367	-9.85268362982358	-7.20791027851708	-3.92054400391569	NA	NA	NA	NA	NA	NA	NA	NA	NA	-8.19877058978731	NA	-4.54742656676349	NA	-10.3390282019617	NA	NA	NA	-8.9760788446759	NA	-7.72766651739278	-10.1742892186461	-7.92540969563479	-8.30244459117534	NA	NA	NA	-2.01049257525966	NA	NA	-8.1847626314558	NA	NA	-5.90056973848834	NA	-9.24158257564006	NA	-9.94839482940334	-6.00347869174894	-8.28256246739763	-8.16576006735337	NA	-11.6647769424407	-11.8192431197449	-10.6582477631394	NA	-5.57392026245656	-7.88061930505303	-9.82865829636831	-9.6223672102553	-9.3762545454116	-5.74726223621788	-9.42764622390148	NA	-2.86951668322442	-9.81826298040638	-7.41706139521105	NA	NA	NA	NA	NA	NA	NA	NA	NA	NA	NA	NA	NA	NA	NA	NA	NA	NA	NA	NA	NA	NA	NA	NA	NA	-8.6264054618719	-10.3968010782674	-10.5469009716849	NA	NA	NA	NA	NA	NA	NA	NA	NA	NA	NA	NA	NA	NA	-8.66345616741294	NA	-10.4736428037611	-9.48459709261664	NA	NA	-7.65436938017087	NA	NA	NA	NA	-5.83624733054671	-9.91418390110034	-10.678686810428	-3.53093652825334	-11.0851938748118	NA	NA	NA	-11.3410378067453	-11.4009876599659	-7.51845120764718	-8.10047451731316	-9.17473716320865	-6.86259094247433	NA	NA	NA	-10.4016166964009	-10.7975564109074	-7.01565492298467	NA	NA	-6.53985837714763	-6.43664301500532	-7.20411027668844	-2.42404468616136	-9.82992771575587	NA	NA	NA	NA	NA	NA	NA	NA	NA	NA	NA	-8.95284404398784	-9.56981250717588	-10.1011129627105	NA	-9.79424874027805	NA	NA	NA	-9.57228903501323	NA
SLC_SMT_NEG_137I	NA	NA	-7.17815464708534	NA	NA	NA	NA	NA	NA	-2.65312861426477	-9.7828326809776	NA	-9.45798215771527	NA	-9.43493069980171	-8.98098937210556	NA	NA	-9.77405342564441	NA	-6.48015192396344	NA	-8.20035990413547	-4.38682770024604	-9.05467006001779	NA	NA	NA	NA	NA	NA	-4.30618724050982	NA	-9.01872094479827	NA	NA	-1.50824015209902	NA	NA	-3.01324549744453	NA	NA	NA	NA	NA	NA	NA	NA	NA	-6.79450295827637	NA	NA	NA	NA	NA	NA	NA	NA	NA	NA	NA	NA	NA	NA	-6.82814535834973	-4.6081270237766	NA	NA	-10.0933877442363	NA	NA	NA	NA	-10.6481270001766	NA	NA	NA	NA	NA	-8.05841409990207	-9.23251183161222	NA	-6.82243878403366	NA	NA	NA	-9.58352387275419	-7.41475485385877	NA	NA	NA	NA	NA	NA	NA	NA	NA	NA	NA	NA	NA	NA	-9.27523159270402	NA	NA	NA	NA	NA	-6.03697286550309	NA	NA	NA	-10.9757762990226	NA	NA	NA	-9.26227191521654	NA	NA	-3.60123234420795	NA	NA	NA	NA	NA	NA	NA	NA	NA	NA	NA	NA	-6.88296416334265	NA	NA	-6.6223748823682	NA	NA	NA	-9.59855140137963	-10.4597706967776	NA	NA	NA	NA	NA	-8.85043736820368	NA	NA	NA	NA	-9.28693217556382	NA	-9.71704203062247	NA	-7.90868924623704	-7.87910975808635	NA	-7.47506347337294	NA	-10.7981375456937	NA	NA	-10.090429127376	-8.25464476717159	NA	NA
SLC_SMT_NEG_101I	NA	-9.15388461953835	NA	NA	NA	-8.86343578979583	-6.46708044573229	-8.69314365179066	-5.71247295830266	-4.74625199567301	NA	NA	NA	NA	NA	NA	NA	NA	NA	-7.72470497376892	NA	-6.36385426714257	NA	-6.18236766948479	-10.2006749689538	-8.85056216147489	NA	-8.41621630005826	NA	-7.71910403799106	NA	-7.68030492226405	-8.68499496870116	NA	NA	-9.17691154856436	-2.70926766592889	NA	NA	-6.83083232839023	NA	NA	-5.54552195808758	NA	NA	NA	-7.66444682181683	-4.91744327435837	-7.15947467642141	-6.93463354648151	NA	NA	NA	-10.3855616567029	NA	-6.46740797738495	-8.34236853224495	-9.12156467491136	-9.2635599791186	-8.65086753591081	-7.80618098799375	-9.10024409062291	NA	-3.47582644293806	-8.87700536490313	-5.08747548929222	NA	NA	NA	NA	NA	NA	NA	NA	NA	NA	NA	NA	NA	NA	NA	NA	NA	NA	NA	NA	NA	NA	NA	NA	NA	-5.86676223134362	-9.15969520118314	-9.39363125201143	NA	NA	NA	NA	NA	NA	NA	NA	NA	NA	NA	NA	NA	NA	-7.44151806267694	NA	NA	-8.00619320366467	NA	NA	-8.16428977526039	NA	NA	NA	NA	-8.32752657712517	NA	NA	-6.41035312086822	NA	NA	NA	-9.06627707156277	-10.3472829974931	NA	-9.89907406763954	-7.9368995601006	NA	-3.87549685000964	NA	NA	NA	-9.782554980512	-9.31391521509217	-7.37492313625657	-9.4657437960124	NA	-6.53439869027698	-5.40473582057959	-6.74752759551208	-1.73726064118871	NA	-9.10092149175797	NA	NA	NA	NA	NA	NA	NA	NA	NA	NA	-6.87725920409458	NA	-8.78418606609093	NA	NA	NA	NA	NA	NA	NA
SLC_SMT_NEG_17I	NA	NA	NA	NA	NA	NA	NA	NA	-7.00691893500105	-4.5400229557494	NA	NA	NA	NA	NA	NA	NA	NA	NA	-6.83343926995368	NA	-5.24106391001741	NA	NA	NA	NA	NA	NA	NA	-6.92868042133336	NA	-6.79545850967416	-7.14232592499593	NA	NA	NA	-1.71521047396701	NA	NA	-6.78979843862045	NA	NA	-5.79504360432473	NA	NA	NA	NA	-6.09423163679489	-7.26873666015389	-7.02707877118257	NA	NA	NA	NA	NA	-6.00331989347825	-7.07866222542375	NA	NA	NA	-5.80573079718117	NA	NA	-3.21018481875495	NA	-6.08068351477841	NA	NA	NA	NA	NA	NA	NA	NA	NA	NA	NA	NA	NA	NA	NA	NA	NA	NA	NA	NA	NA	NA	NA	NA	NA	-7.56837080024675	NA	NA	NA	NA	NA	NA	NA	NA	NA	NA	NA	NA	NA	NA	NA	NA	-7.16519958797493	NA	NA	NA	NA	NA	-6.33705838488886	NA	NA	NA	NA	-5.69895988590545	NA	NA	-3.86640468974932	NA	NA	NA	NA	NA	NA	-7.02740362933321	-7.24493084245877	NA	-5.58226409826495	NA	NA	NA	NA	NA	-6.50355212225091	NA	NA	-6.29147807308874	-6.4365509150004	-5.91388961137565	-2.65835586009537	NA	NA	NA	NA	NA	NA	NA	NA	NA	NA	NA	NA	NA	NA	NA	NA	NA	NA	NA	NA	-7.00547824080444	NA
SLC_SMT_NEG_193I	-12.0378408891658	-10.5793035214968	-11.0922233458071	-10.2629550467923	NA	-9.8807065818219	-7.16030707290401	-11.5909303203911	-6.7918343453247	-7.0112569353977	NA	-12.2607101753716	-11.0613643467925	NA	-10.5834079198295	-10.1726828274164	-12.2350652648843	-11.7592166775546	-11.1469032273607	-6.61667037396126	NA	-8.24987441812563	NA	-7.4486382496125	-9.94576830821505	-9.30316568524618	-10.550639976545	-8.56067178778486	NA	-7.44444756760506	-11.5219095155729	-6.69926508566219	-9.28514694526798	NA	NA	-10.3570226300619	-2.21106951635553	-11.2583125458635	-11.1088427191639	-7.39210500342179	-9.49135092549646	NA	-5.48279751386869	NA	-11.4939239947469	-11.3181787056716	-9.30911439658103	-5.30917677256781	-8.61032511360042	-9.3827927598332	-10.293954683392	-12.3509012532987	-11.5664794811392	-10.3983180343261	-11.3573572715079	-7.24628050942939	-9.3695407306568	-11.7314801096256	-9.86535543606362	-8.88568582816597	-5.83988575248512	-8.49446062894992	NA	-2.73117091733357	-10.1622669176286	-4.5188025291049	-10.4162765266412	NA	NA	NA	NA	NA	NA	NA	NA	-10.0967792776056	-9.42630540536607	-11.2064478813743	-11.1836194787009	-10.333953180093	NA	-9.64747449948849	-10.2924607682753	NA	NA	-10.4971775262055	-11.0292841654583	NA	-10.4794642824443	-10.2038377581195	-10.4673737441277	-6.99214161668631	-10.6450552703366	-10.5639025490601	-10.976838962919	-10.3636742258847	NA	-9.74058163039945	NA	NA	-9.26790085145514	NA	NA	-11.8886655225749	-11.2557109383476	-11.5837341664198	-10.9463974726684	-12.1198719028595	-8.23614184563747	NA	-12.1157142773858	NA	NA	-8.97053267338795	-10.6323107711599	-9.61237053457954	-10.4056822617229	NA	-12.3595902003562	-8.15632256389681	-11.9957295627893	NA	-5.01837108488542	NA	-11.8843188400362	-11.5227850511918	-10.1515387064114	-9.92846934935948	-12.2542560847652	-8.99102694382405	-8.06544777597454	-6.20439577697764	-3.87528263253648	-9.89784452054346	-11.2835296185621	-11.2599800401367	-10.7143759780416	-9.12789019076629	-6.93993018294668	-10.5058690434786	-10.5001304657876	-7.26236086010901	-4.76321567814232	-5.15113220467859	-2.94190464105265	NA	-10.5407882858917	-11.3686690710365	-11.1736647202202	NA	-11.2061464721931	-11.2695007424955	-10.5937531496201	-11.2344504363897	-11.2412280040328	NA	NA	-5.33348504012776	-10.2434427413257	-11.3453588145155	NA	-11.2118840424507	-8.79012982773938	NA	-10.6744962403887	-10.7994965387439	-11.2833176445622
SLC_SMT_NEG_159I	NA	NA	NA	NA	NA	NA	NA	NA	NA	-2.71393507283556	NA	NA	NA	NA	NA	NA	NA	NA	NA	NA	NA	NA	NA	-3.34174887641636	NA	NA	NA	NA	NA	NA	NA	NA	NA	NA	NA	NA	-1.02032200011775	NA	NA	-4.70714057813779	NA	NA	NA	NA	NA	NA	NA	NA	NA	NA	NA	NA	NA	NA	NA	NA	NA	NA	NA	NA	NA	NA	NA	NA	NA	-4.2505434616506	NA	NA	NA	NA	NA	NA	NA	NA	NA	NA	NA	NA	NA	NA	NA	NA	NA	NA	NA	NA	NA	NA	NA	NA	NA	NA	NA	NA	NA	NA	NA	NA	NA	NA	NA	NA	NA	NA	NA	NA	NA	NA	NA	NA	NA	NA	NA	NA	NA	NA	NA	NA	NA	-4.21304764729174	NA	NA	NA	NA	NA	NA	NA	NA	NA	NA	NA	NA	-4.14020489489735	NA	NA	NA	NA	-5.63766610249538	NA	NA	NA	NA	NA	NA	NA	NA	NA	NA	NA	NA	NA	NA	NA	NA	NA	NA	NA	NA	-4.86113556385265	NA	NA	NA	NA	NA	NA	NA	NA
SLC_SMT_NEG_103I	NA	NA	NA	NA	-11.1195250955545	-8.99701226395789	-6.00145791434182	-9.91076713852491	-6.19524080456672	-5.4721637924423	NA	NA	NA	NA	NA	NA	NA	NA	NA	-11.1979268545684	NA	-5.79834807586809	NA	-6.03501130165662	-10.9591965751908	-11.0890945628045	NA	-8.91515710685994	NA	NA	NA	-11.0648165298103	NA	NA	NA	-10.9342098033988	-2.38455068367813	NA	-11.2292176610376	-8.78497721965027	NA	NA	-7.66703430918999	NA	NA	NA	-8.12546530586926	-6.90640598448833	-8.8147423703349	-10.8524007848439	-9.6653943088305	NA	NA	-12.4167326794778	NA	NA	NA	NA	NA	-9.14936375695694	-10.7743039981505	-10.9915771372203	NA	-5.51040432060916	NA	-1.5695923161536	NA	NA	NA	NA	NA	NA	NA	NA	NA	NA	NA	NA	NA	NA	NA	NA	-10.6438417214138	NA	NA	-9.82396276481553	NA	NA	NA	NA	NA	-5.47487584989847	-10.0720293265018	-11.5208795234853	NA	NA	NA	NA	NA	NA	NA	-10.832594475011	NA	NA	-10.8459665544723	NA	-11.3962188356741	NA	-8.93594865699771	NA	NA	-10.4676835783879	NA	NA	NA	NA	NA	NA	NA	-10.8161973748362	NA	NA	-11.1470915072167	NA	NA	NA	-10.7119798873706	-12.908034054878	-12.5697171313995	-11.7846353622874	-7.58137259860074	NA	-5.04528045393498	NA	NA	NA	-10.8428787963737	-9.12517673078824	NA	-10.5951698338248	-11.1122144885171	-10.0930398197943	-5.86240309211094	-9.6792021256721	-2.09944905009702	NA	NA	NA	-11.130488534287	NA	NA	NA	NA	NA	NA	NA	NA	-8.60265799550185	-9.948881727797	-8.99615445952668	NA	NA	NA	NA	-11.6567137441379	-11.035913720891	NA
SLC_SMT_NEG_155I	NA	NA	NA	NA	NA	NA	NA	NA	NA	NA	NA	NA	NA	NA	NA	NA	NA	NA	NA	NA	NA	NA	NA	NA	NA	NA	NA	NA	-5.80176816233422	NA	NA	NA	NA	NA	NA	NA	-0.221500079612649	NA	NA	NA	NA	NA	NA	NA	NA	NA	NA	NA	NA	NA	NA	NA	NA	NA	NA	NA	NA	NA	NA	NA	NA	NA	NA	NA	NA	NA	NA	NA	NA	NA	NA	NA	NA	NA	NA	NA	NA	NA	NA	NA	-5.17413736539082	NA	NA	NA	NA	NA	NA	NA	NA	NA	NA	NA	NA	NA	NA	NA	NA	NA	NA	NA	NA	NA	NA	NA	NA	NA	NA	NA	NA	NA	NA	NA	NA	NA	NA	NA	NA	NA	NA	NA	NA	NA	NA	NA	NA	NA	NA	NA	NA	NA	NA	NA	-4.00557839388856	NA	NA	NA	NA	NA	NA	-6.49544730589418	NA	NA	NA	NA	-6.38702921551405	NA	NA	NA	NA	NA	NA	NA	NA	NA	NA	NA	NA	NA	NA	NA	NA	NA	NA	NA	-6.45319678623088	NA	NA
SLC_SMT_NEG_192I	NA	NA	NA	NA	NA	-8.4994436337261	-6.93295773612124	NA	-6.85356938896919	-6.83045214934453	NA	NA	NA	NA	NA	NA	NA	NA	NA	-5.93783003530593	NA	-5.56264126593796	NA	-7.32764996608791	NA	NA	NA	-7.90128256415099	NA	-6.9242031792929	-8.41117107305891	-6.34730668030247	NA	NA	NA	NA	-1.99039143777029	NA	NA	-6.31536588144725	NA	NA	-4.77222575680651	NA	NA	-8.0438650843373	-8.05787829145682	-5.16550496628367	-7.23155148568333	-7.48687685601028	NA	NA	NA	-9.21984577112021	NA	-6.53997634384044	-7.91601184406725	NA	-7.86092134155798	-7.33093590162865	-4.65471208005128	-7.87905210165828	NA	-3.34222441890277	-7.45240937823216	-5.70968009000421	NA	NA	NA	NA	NA	NA	NA	NA	NA	NA	NA	NA	NA	NA	NA	NA	NA	NA	NA	NA	NA	NA	NA	NA	NA	-7.17506977425063	-8.7113772482666	NA	NA	NA	NA	NA	NA	NA	NA	NA	NA	NA	NA	NA	NA	NA	-7.5193414204481	NA	NA	NA	NA	NA	-6.55559885387267	NA	NA	NA	NA	-7.29807586653809	NA	NA	-4.72612667822841	NA	NA	NA	NA	-9.42297183278714	NA	-6.92061374602626	-7.82916975366819	NA	-5.86905199860871	NA	NA	NA	-8.05281784247443	-7.82181801826442	-7.0993036873849	-8.18477529744456	-7.50672901951422	-5.71289161742411	-4.15731003398373	-4.98564836939612	-3.48378371968777	NA	NA	NA	NA	NA	NA	NA	NA	NA	NA	NA	NA	-5.29569385563897	-7.55745577520768	NA	NA	NA	NA	NA	NA	-7.53206505529529	NA
SLC_SMT_NEG_158I	NA	NA	-8.91764189932092	NA	NA	NA	NA	NA	NA	-2.55246024485519	NA	NA	NA	NA	-10.6900058813372	-10.4559844883459	-11.5908072006103	-11.2431469706847	-10.7308909154635	NA	NA	NA	-10.0520741399661	-5.00193235285865	-10.3854154861233	NA	NA	NA	NA	NA	NA	-10.3182332376488	NA	NA	NA	NA	-0.640338302600589	NA	NA	-5.64863705320439	NA	NA	NA	NA	NA	NA	NA	NA	NA	-9.32128514870354	NA	NA	NA	NA	NA	NA	NA	NA	NA	NA	NA	NA	NA	NA	NA	-3.64896838814627	NA	NA	-10.7719242808126	-11.5938024960297	-11.6678637752475	-11.7817434691386	-11.8756413033015	-11.8578059433322	NA	NA	NA	NA	NA	-9.03533712242229	-10.4153687082249	NA	-7.42348032440875	NA	NA	NA	NA	-8.43058180217139	NA	NA	NA	NA	NA	NA	NA	NA	NA	NA	NA	NA	NA	NA	-10.7651553301901	NA	NA	NA	NA	NA	-6.54075368562995	NA	NA	NA	-10.3441886059582	NA	NA	NA	NA	NA	NA	-7.05600092248653	NA	NA	NA	NA	NA	NA	NA	NA	NA	NA	NA	NA	-8.24314697068468	NA	NA	-7.6320148524374	NA	NA	NA	-10.8971112164934	-11.4022822590914	NA	NA	NA	NA	NA	NA	NA	NA	NA	NA	-10.798391659664	NA	-10.9526705075865	NA	NA	NA	NA	-8.26782071976282	NA	-11.8764827702492	NA	NA	-10.1893558617502	-10.4476234389174	NA	NA
SLC_SMT_NEG_110I	NA	NA	-11.8177627518071	NA	-11.318410928595	-8.85391234204961	-5.9421733774244	-10.3359991387274	-6.44117056057355	-3.89965039607252	NA	NA	-11.5586775820793	NA	NA	-11.2251823375339	-12.0571787653952	NA	-11.4273079071918	-10.8923704070276	NA	-4.7493473601514	NA	-6.31865926578602	-11.7583479714945	-10.987378894117	NA	-8.62194565815941	NA	-11.6417435190088	-11.7480368254636	-9.86039585681583	NA	NA	NA	-11.3039685719989	-2.35764713741874	-11.2159751943405	-11.8414697190138	-9.36525054710958	NA	-11.236349072246	-5.61020294084198	NA	NA	NA	-8.11665500197248	-4.40067240513677	-7.99199761432359	-10.5362019540939	-10.6186641142859	-13.8580068417528	-13.4684494347511	-11.9185505837247	NA	-11.3288313832441	-11.6082001016781	NA	NA	-8.65936573900253	-8.72471653129377	-9.48988625343768	NA	-4.31692759054348	-10.3536958442916	-1.78441549265285	-10.9811596468634	NA	NA	NA	NA	NA	NA	NA	NA	-12.1470857377483	-11.799162434328	-11.8030115973156	NA	NA	NA	NA	-11.4073379204477	NA	NA	-10.5640689659887	-11.3481693082898	NA	NA	NA	-11.7690228960132	-6.0057938675285	-9.7257348753876	-11.2754076467088	NA	-11.8134260648219	-11.4136620732196	-11.1415453913414	-11.7745354629569	-11.1422016092472	NA	-10.5025297274452	NA	-11.84665543465	-9.57026883642168	NA	-12.0601875152675	NA	-8.45486197726822	NA	NA	-10.514071107621	NA	NA	-11.1854124089509	NA	NA	-12.0931607413042	NA	-9.42999539600613	NA	NA	-10.569669717113	-13.1068201412105	NA	NA	-9.8888261837716	-12.0794498936916	-13.1746316112137	-10.9452964406383	-7.66201849340952	NA	-5.5895792085742	NA	NA	NA	-9.2029826111188	-7.597040116584	-11.2537693671034	-10.3501715860925	-10.6551281066322	-9.55833346877033	-7.62628351080357	-9.42902274757068	-2.87886115096477	NA	-11.5550528752832	NA	-11.1968585803901	-11.7150256424438	NA	NA	NA	NA	-11.2051603382924	NA	NA	-7.8686238561566	-9.03339723834776	-9.44437529977223	NA	NA	-10.9672220686563	NA	-11.454527199647	-11.0167332396767	NA
SLC_SMT_NEG_153I	NA	NA	NA	NA	-9.80348076139979	-10.0976860591945	-10.388717439708	NA	-8.22415851655641	-5.98061422224818	NA	NA	NA	NA	NA	NA	NA	NA	NA	NA	NA	-5.15504802454043	NA	-10.5634008579268	NA	NA	NA	-9.73108760310211	NA	NA	NA	NA	NA	NA	NA	-10.5180672953389	-0.802291690903511	NA	NA	-10.1855607640164	NA	NA	-7.56746875180214	NA	NA	NA	-10.4716732509025	-8.33554069229626	-9.82680670944772	NA	-9.63331209028256	NA	NA	-11.8921229361459	NA	-9.85221642794347	-10.4295991764525	NA	NA	NA	-8.76982673767697	NA	NA	-4.33008783292983	NA	-8.17088006493284	NA	NA	NA	NA	NA	NA	NA	NA	NA	NA	NA	NA	NA	NA	NA	-9.86703798673121	NA	NA	NA	NA	NA	NA	NA	NA	NA	-9.64054219027359	-10.7293156984113	NA	NA	NA	NA	NA	NA	NA	NA	NA	NA	NA	NA	NA	NA	NA	-9.26057712921953	NA	NA	NA	NA	NA	NA	NA	NA	NA	NA	-8.9064199254579	NA	NA	-7.73599775425712	NA	NA	NA	NA	NA	NA	-10.7769686740027	-8.97652074319117	-10.3579531033795	-7.58706152607155	NA	NA	NA	-10.8209120215903	-10.6967692272854	NA	-10.8598362137178	NA	-9.48172813416539	-8.93010866660767	-7.08596792686131	-1.91335145760211	NA	NA	NA	NA	NA	NA	NA	NA	NA	NA	NA	NA	-10.6755393607253	-9.21669174049329	-10.4338366671359	NA	NA	NA	NA	NA	-8.22122576148662	NA
SLC_SMT_NEG_191I	-11.8626641547811	-11.1498861020768	-10.9226415628005	-10.6895955976004	NA	-9.32048208031786	-6.58520416905659	-10.8976022835685	-6.45040214138583	-9.88434497735923	NA	NA	NA	NA	-10.8367874898213	-10.9582539393209	NA	NA	-11.2493639162344	-8.44925946194952	NA	-4.89444615913269	NA	-6.08019046395494	-10.1290436465468	-9.96459234157433	-10.9480057256981	-8.57309216317662	NA	-8.11242264736517	NA	-8.19486256076871	-11.009146020512	NA	NA	-10.4763440677213	-1.53604597820048	NA	NA	-7.68010833118391	-10.8043370339115	NA	-6.2872803578986	-11.2608364119647	-11.2235598591699	-9.14268119716385	-8.24712364998582	-5.466894803264	-9.70940588751433	-10.5139034209554	-9.21647322029708	-13.0940089420807	-12.812648617074	-12.1088916398618	NA	-7.24032482237744	-10.8703183158147	NA	-11.142345397744	-9.01012602906859	-8.16365490470305	-10.7358615179845	NA	-3.79144693992572	-11.2601075940452	-4.35248126587209	-10.4687460307504	NA	NA	NA	NA	NA	NA	NA	-8.64919759374931	NA	-10.7237532216399	NA	NA	NA	NA	NA	NA	NA	NA	NA	NA	NA	NA	-10.856702140311	NA	-6.75928623103269	-10.0479313151303	-11.3045017134037	-10.6814737808919	-11.1600473994775	NA	-10.6159483244227	NA	NA	-10.5669952100113	NA	NA	NA	-11.1369832096685	NA	-11.3489099216497	NA	-7.84272216219439	NA	-11.5042057584305	NA	NA	-10.6257724798528	-9.69382133453788	-11.0149131272282	-11.3215841720721	NA	NA	-9.87929979994222	-12.0810791634687	NA	-4.89514613787189	NA	-11.3915325622286	-11.7792680363706	-10.8836151384281	-12.4362759045766	-12.9869082087802	-10.7763471777341	-7.85834199730509	-8.28683957326909	-6.20476818378836	NA	-10.9637021004529	NA	-8.91728854188509	-8.50731576092061	-9.21506006018714	-9.97657487789487	-9.75837895454588	-8.08492981112961	-5.65553302555819	-6.7967797382467	-2.08068978739178	-11.2769642683854	-10.517208565679	-11.0530350829632	NA	-11.2391304602789	NA	NA	-11.2258349553101	NA	NA	NA	NA	-6.64011961679568	-10.0332254542278	-10.988114576474	NA	-11.4909770241059	NA	NA	-11.6927391533388	-11.5170344217907	NA
SLC_SMT_NEG_156I	NA	NA	-9.06928259196795	NA	NA	NA	NA	NA	NA	-4.40524426114828	NA	NA	NA	NA	-10.0622448123562	NA	NA	NA	-10.0582252492702	NA	NA	NA	NA	-4.91408331716288	-10.5181703738894	-9.59713977155509	NA	NA	NA	NA	NA	-8.53022594251576	NA	NA	NA	-10.7913065724968	-0.36714344564163	NA	NA	-6.35765628568927	NA	NA	NA	NA	NA	NA	NA	NA	NA	-10.5795485884055	NA	NA	NA	NA	NA	NA	NA	NA	NA	NA	NA	NA	NA	NA	-9.73135816837724	-7.78760683090584	NA	NA	-10.5656815422484	-11.0674964381688	-11.3761914943703	-11.4995448188831	-11.5886881068399	-11.6897655331861	NA	NA	NA	NA	-10.1588281530078	-6.89118655252248	-9.01622905644889	NA	-5.99939503832795	NA	NA	NA	-10.6457571096035	-10.4282021456492	NA	NA	NA	NA	NA	NA	NA	NA	NA	NA	NA	NA	NA	NA	NA	NA	NA	NA	NA	NA	-7.99726817628146	NA	NA	NA	-10.998163315009	NA	-10.1109865727789	NA	NA	NA	NA	-5.49198723592183	NA	NA	NA	NA	NA	NA	NA	NA	NA	NA	NA	NA	-5.57229426371345	NA	NA	-10.0410583908211	NA	-6.76527205451744	NA	-7.79867615662316	-9.08118390177689	NA	NA	NA	NA	NA	-10.8135095354601	NA	NA	NA	NA	NA	NA	-10.1175857543902	NA	NA	NA	NA	-6.25226455461832	NA	-11.7092754818856	NA	NA	-10.7019647586258	-7.92118854158675	NA	NA
SLC_SMT_NEG_144I	NA	NA	NA	NA	-6.04075939926102	-7.81937203686094	-6.82299605756958	NA	-6.13479641092933	-6.4055750753481	NA	NA	NA	NA	NA	NA	NA	NA	NA	NA	NA	-3.28185452542052	NA	-7.06662105872794	NA	NA	NA	-7.28044675902643	NA	-6.58823517245548	NA	-6.90540288105858	NA	NA	NA	NA	-2.06524437719649	NA	NA	-6.75924557281956	NA	NA	-5.16152427268693	NA	NA	NA	-7.31953948123081	-6.90369639091475	NA	NA	NA	NA	NA	NA	NA	NA	NA	NA	NA	NA	-6.36803070648796	NA	NA	-4.73359769350224	NA	-3.89439955933149	NA	NA	NA	NA	NA	NA	NA	NA	NA	NA	NA	NA	NA	NA	NA	NA	NA	NA	NA	NA	NA	NA	NA	NA	NA	-6.54825004238221	NA	NA	NA	NA	NA	NA	NA	NA	NA	NA	NA	NA	NA	NA	NA	NA	-7.02691638877408	NA	NA	NA	NA	NA	-5.76297929104167	NA	NA	NA	NA	-6.12424238959881	NA	NA	-6.11532766479106	NA	NA	NA	NA	NA	NA	-7.45189497848707	-6.74606200157576	NA	-6.93879809152579	NA	NA	NA	-7.55504235203778	-7.52631126229387	NA	NA	NA	NA	-5.70294643750619	-6.02459632120215	-1.93768358985985	NA	NA	NA	NA	NA	NA	NA	NA	NA	NA	NA	NA	-7.08471402541217	NA	NA	NA	NA	NA	NA	NA	NA	NA
SLC_SMT_NEG_160I	NA	NA	NA	NA	NA	-8.77537329550424	-6.84965305519763	-8.32745030422629	-8.20293741083942	-2.69165373278596	NA	-11.1040297707534	NA	NA	NA	-10.5224710830084	NA	NA	NA	-6.66312855721917	NA	-3.9199250071355	NA	-11.1939925895955	-10.8855976503618	NA	NA	-8.14549567398013	NA	-8.05202983724596	NA	-9.77475188167352	-8.14683517404004	NA	-9.67004539092866	NA	-2.83286990732083	NA	NA	-8.30335110664168	NA	NA	-4.94505681998484	NA	-9.83747843290242	-10.9621994151184	-10.728611704627	-5.16920686086413	-8.27841413844808	-9.1503505734219	NA	NA	NA	NA	-10.4005031147787	-5.95171968714992	-7.94811873491987	-10.6995423817798	-10.4366128191596	-8.76110703223574	-5.88720870026779	-9.29059183834924	NA	-3.77514929675122	-8.99806270907777	-4.73523583119746	-10.1787864673326	NA	NA	NA	NA	NA	NA	NA	NA	-10.4980589502063	-9.91359799478513	-10.2926660813763	NA	NA	-9.61665655787548	NA	NA	-10.5754537621782	NA	NA	NA	NA	NA	NA	NA	-8.37221469082883	-11.4353028262966	NA	NA	NA	-10.0018876264363	NA	NA	NA	NA	NA	NA	NA	-10.3319835926678	NA	NA	-11.3825922529254	-9.8166061672626	NA	-11.2821479222628	NA	NA	-10.894930868049	NA	NA	NA	-11.1249964970039	NA	-5.67899023895609	-10.2727583997545	NA	-3.66324236839638	NA	NA	NA	NA	NA	NA	-4.94297551475298	-6.88158902944289	-10.9304782514279	-6.47788308644911	NA	NA	-10.5202472751833	NA	-10.9854017073273	-7.33705093409099	-10.7632010190021	-10.8994395755154	-7.2546083111425	-6.4162869348558	-6.22009253185809	-2.71186846972149	NA	NA	NA	NA	NA	NA	NA	NA	NA	NA	NA	NA	-7.65844016019184	NA	NA	NA	-10.5145643647582	-9.59660344483653	NA	NA	-9.47317902152654	NA
SLC_SMT_NEG_109I	NA	NA	NA	NA	NA	-9.01629424274292	-6.01517012637196	-9.75230497587612	-5.82280911735914	-8.45374051162617	NA	NA	NA	NA	-9.73739811710116	-9.97083629091527	NA	NA	-10.0343327759132	-9.03716966955247	NA	-5.05762278527876	NA	-6.44606760108722	-10.4507204812249	-9.77343678025182	NA	-8.1757655331031	NA	-8.94713987479663	NA	-7.79234137946238	-10.3926483355775	NA	NA	-9.99729415274179	-1.51843752069093	NA	NA	-8.46188547280029	NA	-9.60582883858487	-5.43247618699936	NA	NA	-8.79157129559882	-7.91547520445427	-5.34117836057585	-9.90297676036091	-10.2292546463307	-8.86431780564909	NA	NA	-11.125985375719	NA	-9.14378325351434	-10.5541208638667	NA	-10.341825407314	-8.96034906424811	-7.62368807439088	-10.0101099720761	NA	-4.36056377788578	NA	-3.89070591928474	-8.80038045172227	NA	NA	NA	NA	NA	NA	NA	-9.66529923957577	NA	-9.88205979283289	NA	NA	NA	NA	NA	NA	NA	NA	NA	NA	NA	NA	NA	NA	-6.38362624106658	-9.42581117612854	-10.4588483621083	NA	-9.92858446165514	NA	-9.63756221084323	NA	NA	NA	-9.82713532714323	NA	NA	-9.54265363521635	NA	-10.1236862596294	NA	-7.56580188235155	NA	NA	NA	NA	-10.268401150496	-7.44743718088231	-9.85606458429995	NA	NA	NA	-9.69902515292029	NA	NA	-7.03193926791822	NA	NA	-10.8967065687973	-9.64496171722975	-11.807743504596	NA	-10.0990582757035	-7.38574464951991	-9.07616287498315	-6.26587360986929	NA	-9.90816098836565	NA	-8.85201507851315	-8.15013055286544	-9.9486651912815	-10.0383871908745	-9.24478601649405	-8.11702517599263	-4.69602644538372	-7.8828189861572	-2.21767057269783	NA	-9.83404912077645	-9.87733142971176	NA	NA	NA	NA	-9.63807484100209	NA	-9.61922779949201	NA	NA	-6.25403839252344	-9.62196315132467	-9.99532244949532	NA	NA	NA	NA	NA	NA	NA
SLC_SMT_NEG_90I	NA	NA	NA	NA	-6.19549059796864	-8.29848879235379	-7.39854826911196	NA	-6.10551240635099	-7.12733606122869	NA	NA	NA	NA	NA	NA	NA	NA	NA	NA	NA	-3.60155007763477	NA	-7.40715777967242	NA	NA	NA	-7.77160555351857	NA	-7.84680980304158	NA	NA	NA	NA	NA	NA	-1.63342739658086	NA	NA	-8.02795400549402	NA	NA	-5.90448574594249	NA	NA	NA	-7.89596970154453	-7.93629475755374	NA	NA	NA	NA	NA	NA	NA	NA	NA	NA	NA	NA	-7.34887720208036	NA	NA	-5.7474610904244	NA	-5.22922789239703	NA	NA	NA	NA	NA	NA	NA	NA	NA	NA	NA	NA	NA	NA	NA	NA	NA	NA	NA	NA	NA	NA	NA	NA	NA	-6.92658667026853	-8.55400785540315	NA	NA	NA	NA	NA	NA	NA	NA	NA	NA	NA	NA	NA	NA	NA	-7.99760373450874	NA	NA	NA	NA	NA	-6.98040095898316	NA	NA	NA	NA	-7.59096883667795	NA	-8.31368355164999	-7.46194240587258	NA	NA	NA	NA	NA	NA	-8.58696805417754	-6.9965053750793	NA	-7.72144388522991	NA	NA	NA	-8.30459281557914	-7.83924176517355	NA	NA	-8.80422632404255	NA	-6.27399499002027	-5.90547326100092	-1.49963488172478	NA	NA	NA	NA	NA	NA	NA	NA	NA	NA	NA	NA	-7.83089726251309	NA	-8.45287515859026	NA	NA	NA	NA	-8.0770312914685	NA	NA
SLC_SMT_NEG_152I	NA	NA	NA	NA	NA	-11.2245453997607	-9.72112276514074	-10.3472486968806	-9.97446340616759	-8.69843107136249	NA	NA	NA	NA	NA	NA	NA	NA	NA	NA	NA	-6.73285357426233	NA	NA	NA	NA	NA	-10.4638520321813	NA	NA	NA	NA	NA	NA	NA	NA	-0.302171222774794	NA	NA	-10.5644045468046	NA	NA	-7.56460824797809	NA	NA	NA	NA	-10.7346443712753	NA	NA	NA	NA	NA	NA	NA	NA	NA	NA	NA	NA	NA	NA	NA	-10.5311636168457	NA	-8.15368796834766	NA	NA	NA	NA	NA	NA	NA	NA	NA	NA	-10.4136166789946	NA	NA	NA	-9.93160600687505	NA	NA	-10.4349903297871	NA	NA	NA	NA	NA	NA	NA	-10.3132450574348	-11.2443441720826	NA	NA	NA	-9.69769974940772	NA	NA	NA	NA	NA	NA	NA	NA	NA	NA	NA	-10.5101817273522	-10.9061329309511	NA	NA	NA	NA	NA	NA	NA	-11.2765013808962	NA	NA	NA	NA	NA	NA	NA	NA	NA	NA	NA	-11.5947939550671	-9.66994160626237	NA	-8.23535391479151	NA	NA	NA	NA	-11.0319881081399	NA	-10.9301736722693	-10.4660643309333	NA	-9.12102011621726	-7.64255108696	-2.81693809021869	NA	NA	NA	NA	NA	NA	NA	NA	NA	NA	NA	NA	NA	NA	NA	NA	NA	NA	NA	NA	-10.7003830775787	NA
SLC_SMT_NEG_75I	NA	NA	NA	NA	NA	NA	NA	NA	-5.74228917517109	-3.20244828718105	-13.4751357022396	NA	-13.8951103196518	NA	NA	NA	NA	NA	NA	NA	-14.9164628807241	-3.45732360986808	NA	NA	NA	NA	-15.8547038579762	-1.52534823706467	NA	NA	NA	NA	NA	NA	NA	NA	-2.19032938093004	NA	NA	-4.05393104281264	NA	NA	NA	NA	NA	NA	NA	NA	NA	-7.83151188323384	-11.6898256562264	NA	NA	NA	NA	NA	NA	NA	NA	NA	NA	NA	NA	NA	-6.28106388307451	-5.20661339510291	NA	NA	-13.315811005951	NA	NA	NA	NA	NA	NA	NA	NA	NA	NA	NA	NA	NA	-10.4957450321438	NA	-12.522371009022	NA	NA	NA	-12.9337754289674	NA	-13.1447830868242	NA	NA	NA	NA	NA	NA	NA	-12.3673155144726	NA	NA	NA	NA	NA	NA	NA	NA	NA	-8.56938971842289	NA	NA	NA	NA	NA	NA	NA	-14.4964147759193	NA	NA	-4.94910052581281	NA	NA	NA	NA	NA	NA	NA	NA	NA	NA	NA	NA	NA	NA	NA	NA	NA	-9.3016067082649	NA	-12.4533854604043	-12.0562089128388	NA	NA	NA	NA	NA	NA	NA	NA	NA	NA	-13.3106189030299	NA	NA	NA	NA	-16.2798526732223	NA	NA	NA	NA	NA	NA	NA	NA	NA	NA
