feature	Acetatifactor_aquisgranensis	Acinetobacter_courvalinii	Acutalibacter_caecimuris	Acutalibacter_intestini	Acutalibacter_muris	Acutalibacter_sp_1XD8_33	Adlercreutzia_SGB42953	Adlercreutzia_aquisgranensis	Adlercreutzia_caecimuris	Adlercreutzia_mucosicola	Adlercreutzia_muris	Akkermansia_muciniphila	Alistipes_finegoldii	Alistipes_muris	Alistipes_timonensis	Anaerostipes_hominis	Anaerostipes_hominis_ex_Lee_et_al_2021	Anaerotruncus_sp_1XD42_93	Atopobiaceae_bacterium_FL090493	Bacillota_unclassified_SGB102205	Bacillota_unclassified_SGB43543	Bacillota_unclassified_SGB43546	Bacillota_unclassified_SGB43549	Bacillota_unclassified_SGB43550	Bacillota_unclassified_SGB63211	Bacteria_unclassified_SGB41508	Bacteria_unclassified_SGB43539	Bacteria_unclassified_SGB43541	Bacteria_unclassified_SGB44461	Bacteria_unclassified_SGB63107	Bacteroidales_bacterium	Bacteroides_SGB40318	Bacteroides_acidifaciens	Bacteroides_caecimuris	Bacteroides_intestinalis	Bacteroides_thetaiotaomicron	Bacteroides_uniformis	Barnesiella_sp_CU968	Bifidobacterium_pseudolongum	Blautia_pseudococcoides	Candidatus_Metalachnospira_SGB63370	Caniella_muris	Clostridia_bacterium	Clostridiaceae_bacterium	Clostridiales_bacterium	Clostridium_SGB40327	Clostridium_SGB65123	Clostridium_cocleatum	Coriobacteriaceae_bacterium	Cutibacterium_acnes	Dorea_sp_5_2	Duncaniella_dubosii	Duncaniella_freteri	Duncaniella_muricolitica	Duncaniella_muris	Eggerthellaceae_bacterium	Enterococcus_faecalis	Enterococcus_gallinarum	Enterorhabdus_sp_P55	Erysipelotrichales_bacterium	Escherichia_coli	Eubacteriaceae_bacterium	Faecalibaculum_rodentium	Flintibacter_SGB43538	GGB115278_SGB160297	GGB115370_SGB161393	GGB128437_SGB159705	GGB14001_SGB21428	GGB140903_SGB63218	GGB141797_SGB41693	GGB143828_SGB43507	GGB143833_SGB43513	GGB15004_SGB41589	GGB1503_SGB2082	GGB1690_SGB40190	GGB18828_SGB27767	GGB22635_SGB33556	GGB22635_SGB63107	GGB23844_SGB35575	GGB24132_SGB35935	GGB24146_SGB35950	GGB24148_SGB35952	GGB24149_SGB35953	GGB25041_SGB36960	GGB27476_SGB39769	GGB27476_SGB43516	GGB27478_SGB39772	GGB27480_SGB39776	GGB27481_SGB39777	GGB27482_SGB39778	GGB27485_SGB39778	GGB27485_SGB41588	GGB27697_SGB40070	GGB27770_SGB40184	GGB27849_SGB40283	GGB27860_SGB40294	GGB27861_SGB40295	GGB27866_SGB40300	GGB27872_SGB40306	GGB27873_SGB41457	GGB27876_SGB40310	GGB27884_SGB40318	GGB27885_SGB40319	GGB27894_SGB40329	GGB27919_SGB40357	GGB27929_SGB40368	GGB28250_SGB40793	GGB28310_SGB40880	GGB28317_SGB40889	GGB28330_SGB40904	GGB28380_SGB40960	GGB28382_SGB40962	GGB28386_SGB40966	GGB28387_SGB40967	GGB28388_SGB40968	GGB28393_SGB40973	GGB28394_SGB40975	GGB28395_SGB40976	GGB28402_SGB40984	GGB28403_SGB40190	GGB28409_SGB40991	GGB28416_SGB40998	GGB28418_SGB41001	GGB28419_SGB41002	GGB28421_SGB41004	GGB28422_SGB41005	GGB28428_SGB41011	GGB28433_SGB41016	GGB28437_SGB41020	GGB28439_SGB41022	GGB28456_SGB41039	GGB28765_SGB41414	GGB28769_SGB41421	GGB28772_SGB41425	GGB28778_SGB41431	GGB28784_SGB41437	GGB28791_SGB41444	GGB28793_SGB41446	GGB28796_SGB41449	GGB28803_SGB41457	GGB28814_SGB41469	GGB28828_SGB41484	GGB28831_SGB41487	GGB28839_SGB41503	GGB28840_SGB102297	GGB28842_SGB41507	GGB28845_SGB41512	GGB28846_SGB41513	GGB28849_SGB41516	GGB28851_SGB41518	GGB28854_SGB41523	GGB28865_SGB41536	GGB28865_SGB41537	GGB28869_SGB41543	GGB28870_SGB41545	GGB28870_SGB41546	GGB28870_SGB41548	GGB28875_SGB41555	GGB28879_SGB41559	GGB28879_SGB43526	GGB28881_SGB41561	GGB28887_SGB41568	GGB28888_SGB41569	GGB28898_SGB41580	GGB28901_SGB41592	GGB28903_SGB41594	GGB28904_SGB41597	GGB28908_SGB41656	GGB28925_SGB41622	GGB28926_SGB41623	GGB28927_SGB41625	GGB28928_SGB41627	GGB28933_SGB59816	GGB28934_SGB41635	GGB28942_SGB41646	GGB28945_SGB41650	GGB28946_SGB41652	GGB28948_SGB41654	GGB28949_SGB41655	GGB28949_SGB41656	GGB28951_SGB102295	GGB28954_SGB41661	GGB28954_SGB41662	GGB28956_SGB41665	GGB28957_SGB41666	GGB28958_SGB41667	GGB28959_SGB41668	GGB28961_SGB41670	GGB28963_SGB41672	GGB28967_SGB41417	GGB28967_SGB41678	GGB28968_SGB41679	GGB28980_SGB41692	GGB28981_SGB41693	GGB28981_SGB41694	GGB28988_SGB41701	GGB28989_SGB41703	GGB28990_SGB41704	GGB29001_SGB41717	GGB29003_SGB41719	GGB29004_SGB41721	GGB29005_SGB41723	GGB29531_SGB42317	GGB29546_SGB42339	GGB29559_SGB42355	GGB30045_SGB42945	GGB30046_SGB42947	GGB30048_SGB42949	GGB30141_SGB43066	GGB30142_SGB43067	GGB30147_SGB43074	GGB30290_SGB43252	GGB30294_SGB43258	GGB30296_SGB43260	GGB30298_SGB43262	GGB30301_SGB43265	GGB30302_SGB43266	GGB30302_SGB43267	GGB30303_SGB43268	GGB30408_SGB43438	GGB30409_SGB43439	GGB30414_SGB43453	GGB30450_SGB43507	GGB30450_SGB43508	GGB30451_SGB102185	GGB30454_SGB100837	GGB30454_SGB43514	GGB30454_SGB43516	GGB30455_SGB43519	GGB30457_SGB63218	GGB30460_SGB43527	GGB30461_SGB102216	GGB30461_SGB43529	GGB30461_SGB63204	GGB30461_SGB63208	GGB30461_SGB63209	GGB30463_SGB102197	GGB30463_SGB43537	GGB30466_SGB63211	GGB30468_SGB43552	GGB30472_SGB43556	GGB30475_SGB63182	GGB30620_SGB43754	GGB30621_SGB43756	GGB30667_SGB43809	GGB30861_SGB44083	GGB31064_SGB44328	GGB31108_SGB44379	GGB31109_SGB44380	GGB31111_SGB44382	GGB31179_SGB44472	GGB31184_SGB44478	GGB31312_SGB44628	GGB31701_SGB45057	GGB3171_SGB4185	GGB31793_SGB45163	GGB31822_SGB45198	GGB31823_SGB45199	GGB31841_SGB45219	GGB32371_SGB41694	GGB3583_SGB21441	GGB3661_SGB41629	GGB42321_SGB59488	GGB42322_SGB59489	GGB42327_SGB59494	GGB42342_SGB59510	GGB42343_SGB59511	GGB42344_SGB59512	GGB42570_SGB59765	GGB42598_SGB59794	GGB42601_SGB59797	GGB42608_SGB59804	GGB42646_SGB59844	GGB45293_SGB41002	GGB45506_SGB63178	GGB45513_SGB63185	GGB45514_SGB63186	GGB45515_SGB63187	GGB45536_SGB63216	GGB45650_SGB63364	GGB45656_SGB63370	GGB45977_SGB41021	GGB46159_SGB63927	GGB46162_SGB63930	GGB5207_SGB43496	GGB62427_SGB41546	GGB70518_SGB94950	GGB70852_SGB95305	GGB73359_SGB46611	GGB74395_SGB43523	GGB74408_SGB43542	GGB75053_SGB43494	GGB75055_SGB43513	GGB75057_SGB102223	GGB75060_SGB102173	GGB75064_SGB102200	GGB75064_SGB43546	GGB75072_SGB102164	GGB75074_SGB102167	GGB75085_SGB102286	GGB75094_SGB102310	GGB75104_SGB102231	GGB75112_SGB102247	GGB75314_SGB102498	GGB75725_SGB102612	GGB75726_SGB102611	GGB75879_SGB103683	GGB75896_SGB102365	GGB79592_SGB45219	GGB79594_SGB41414	GGB79628_SGB35895	GGB79698_SGB41545	GGB79729_SGB45197	GGB79741_SGB1950	GGB79760_SGB63182	GGB79804_SGB41650	GGB79844_SGB41536	GGB79848_SGB41595	GGB79854_SGB41662	GGB79948_SGB41679	GGB79989_SGB41645	GGB80032_SGB42945	GGB80168_SGB43527	GGB9439_SGB42949	Halomonas_SGB40985	Hominisplanchenecus_murintestinalis	Hungateiclostridiaceae_bacterium_KB18	Lachnospiraceae_bacterium	Lachnospiraceae_bacterium_A2	Lachnospiraceae_bacterium_A4	Lachnospiraceae_bacterium_MD308	Lachnospiraceae_bacterium_MD335	Lachnospiraceae_unclassified_SGB41402	Lachnospiraceae_unclassified_SGB41405	Lachnospiraceae_unclassified_SGB41424	Lachnospiraceae_unclassified_SGB7275	Lactobacillus_SGB5158	Lactobacillus_intestinalis	Lactobacillus_johnsonii	Lactococcus_SGB40208	Lepagella_muris	Ligilactobacillus_murinus	Limosilactobacillus_SGB43493	Limosilactobacillus_reuteri	Muribaculaceae_bacterium	Muribaculaceae_bacterium_Isolate_013_NCI	Muribaculaceae_bacterium_Isolate_110_HZI	Muribaculum_gordoncarteri	Muribaculum_intestinale	Muricaecibacterium_torontonense	Neglectibacter_caecimuris	Neglectibacter_sp_X4	Oscillibacter_SGB102176	Oscillibacter_SGB43496	Oscillibacter_SGB43499	Oscillibacter_SGB43502	Oscillibacter_SGB43505	Oscillibacter_SGB94990	Oscillibacter_sp_1_3	Oscillibacter_sp_CU971	Oscillospiraceae_bacterium	Oscillospiraceae_unclassified_SGB102175	Oscillospiraceae_unclassified_SGB43526	Parabacteroides_SGB1950	Parabacteroides_distasonis	Parabacteroides_goldsteinii	Paramuribaculum_intestinale	Parasutterella_muris	Parasutterella_sp_NM82_D38	Parvibacter_caecicola	Piscinibacter_SGB44477	Prevotella_sp_MGM1	Pseudoflavonifractor_sp_524_17	Pseudomonas_aeruginosa	Sangeribacter_muris	Schaedlerella_arabinosiphila	Thomasclavelia_cocleata	Turicibacter_sp_1E2	Turicibacter_sp_TS3	Turicimonas_muris	bacterium_0_1xD8_82	bacterium_1XD21_13	bacterium_1XD42_54	bacterium_1XD42_76	bacterium_1xD42_67	bacterium_1xD8_48	bacterium_D16_29	bacterium_D16_63	bacterium_D16_76
SLC_SMT_NEG_18J	NA	NA	NA	0.000679683027945112	0.000592544178208559	NA	NA	NA	NA	NA	0.00919753199540519	0.113695549639385	NA	NA	NA	NA	0.000678151496646712	NA	NA	NA	0.00060785949119256	NA	NA	NA	0.000542003645361359	NA	NA	NA	NA	NA	NA	NA	NA	NA	NA	NA	NA	NA	0.0169496681250893	NA	NA	0.000874134691417832	0.000507095294042655	0.000682534844845581	NA	NA	NA	NA	NA	NA	NA	NA	NA	0.00383558810828264	NA	NA	NA	NA	NA	NA	NA	0.000494737420807289	0.222165356054357	NA	NA	NA	NA	0.0252602850644487	NA	NA	NA	NA	NA	NA	NA	NA	NA	NA	NA	NA	NA	0.00292966093956699	NA	NA	NA	NA	NA	NA	NA	NA	NA	NA	NA	NA	NA	NA	NA	NA	NA	NA	NA	NA	NA	NA	NA	0.000726790818226934	NA	0.03915454824923	NA	NA	NA	0.000457663801101192	NA	NA	NA	NA	NA	NA	NA	NA	NA	NA	NA	NA	NA	NA	NA	NA	NA	NA	NA	NA	NA	NA	NA	NA	NA	NA	0.000411453805028778	NA	NA	NA	NA	NA	NA	NA	NA	NA	NA	NA	NA	NA	NA	NA	0.000953246204693805	NA	NA	NA	NA	NA	NA	NA	NA	NA	NA	NA	0.00214905528019972	NA	NA	NA	0.000749394107734355	NA	NA	NA	NA	NA	NA	NA	NA	0.000737300291619403	NA	NA	NA	0.000861882441030632	NA	NA	NA	NA	NA	NA	NA	NA	NA	NA	NA	NA	NA	NA	NA	NA	NA	NA	0.000455287287017468	NA	NA	0.00555032223682575	NA	NA	NA	NA	NA	NA	NA	NA	NA	NA	NA	NA	NA	NA	NA	NA	NA	NA	NA	NA	NA	NA	0.000552513118753828	NA	NA	NA	NA	0.000776063876896148	NA	NA	NA	NA	NA	NA	NA	NA	NA	NA	NA	0.00450956750242682	NA	NA	NA	NA	NA	NA	NA	NA	NA	NA	NA	NA	NA	NA	NA	NA	NA	NA	NA	NA	NA	NA	NA	NA	NA	NA	NA	NA	NA	NA	0.000681531427788009	NA	NA	NA	NA	NA	0.00812905126336281	NA	NA	NA	NA	NA	NA	NA	NA	NA	NA	NA	NA	NA	NA	NA	NA	NA	NA	NA	NA	NA	NA	NA	NA	NA	NA	NA	NA	NA	NA	NA	NA	NA	NA	NA	NA	NA	NA	NA	NA	0.00109742139243974	NA	NA	NA	0.0423319475791692	NA	NA	NA	NA	NA	NA	NA	0.00132588361302176	NA	NA	NA	NA	NA	0.000486815707194875	NA	NA	NA	NA	NA	NA	NA	0.482034530538391	NA	NA	NA	NA	NA	NA	NA	NA	NA	NA	NA	NA	NA	NA	NA	NA	NA	0.00523889326900972	NA	NA	NA	NA	NA	NA	NA	NA	0.000936452171835488	NA	NA	NA	NA	NA	NA	NA	NA	NA	NA	NA	NA
SLC_SMT_NEG_101J	NA	NA	0.000732073613522999	0.00104248156031582	NA	NA	NA	0.0011655310700012	0.00766302558763784	0.00150443584201841	0.010176969651973	0.0189787764162021	NA	NA	NA	NA	NA	NA	NA	NA	NA	NA	NA	NA	NA	NA	NA	NA	NA	NA	0.00944980928417831	NA	NA	NA	NA	NA	NA	NA	0.00701131083758284	NA	NA	0.00564269894414349	0.000508466341264222	0.00213617005944481	0.000902945381630903	NA	NA	NA	0.00202698682103721	NA	NA	0.00878477417903758	0.00101616839985959	0.00214861694862328	0.0024719085175482	NA	NA	NA	NA	NA	NA	0.00115887089245833	0.0616998847570919	NA	NA	NA	NA	0.0105826945658956	NA	NA	NA	NA	NA	0.0175403964334203	NA	0.00196114932827742	NA	0.0026354650086828	NA	0.042375106658376	0.00741463372026053	0.00944511440492678	NA	NA	NA	NA	NA	0.00035757510578491	NA	0.000417844253385909	NA	NA	NA	NA	0.0161937303709009	0.00194553612518513	0.00152791023827604	0.00195110447034392	NA	NA	0.00421567401815608	0.00735884108543425	0.00173393900915119	NA	0.253077356870328	0.00191856786529846	NA	0.123939353078394	0.00108364364119549	NA	NA	NA	NA	NA	NA	NA	NA	NA	NA	NA	NA	NA	NA	NA	NA	NA	NA	NA	NA	NA	NA	NA	0.00135419970596954	NA	0.00181528052176486	NA	NA	NA	NA	NA	NA	NA	NA	NA	NA	NA	NA	NA	NA	NA	NA	NA	NA	NA	NA	NA	NA	NA	NA	NA	NA	NA	NA	NA	NA	NA	NA	NA	NA	NA	NA	NA	NA	NA	NA	NA	NA	NA	NA	NA	NA	NA	NA	NA	NA	NA	NA	NA	NA	NA	NA	NA	NA	NA	NA	NA	NA	NA	NA	NA	NA	NA	NA	NA	NA	0.0123572497397345	0.000922052448352234	NA	NA	NA	NA	NA	0.0011110486340358	NA	0.000886895445584985	NA	NA	NA	NA	NA	NA	NA	NA	NA	NA	NA	NA	NA	NA	NA	NA	NA	NA	NA	NA	NA	NA	NA	NA	NA	NA	0.000990837888549026	NA	NA	NA	0.00419394655371297	NA	NA	NA	NA	NA	NA	NA	NA	NA	NA	NA	NA	NA	0.00302273795531458	NA	NA	NA	NA	NA	NA	NA	NA	NA	0.00302088184026165	NA	NA	NA	NA	NA	NA	NA	NA	NA	NA	NA	NA	0.00265402615921209	0.00121750229148322	NA	NA	NA	0.0291141472543418	NA	NA	NA	NA	NA	0.000723884870642429	NA	NA	NA	NA	0.00115090051605458	NA	NA	NA	NA	NA	0.00048117053166232	NA	0.00103079895380621	NA	NA	NA	NA	NA	NA	NA	NA	NA	NA	NA	NA	NA	NA	NA	NA	0.00300308497240121	NA	NA	NA	0.0553080796142338	NA	NA	NA	NA	NA	NA	NA	0.0012243808355029	NA	0.000635009714578637	0.000860582285128752	NA	0.0110893047921069	0.000676936078127158	NA	0.000578016064129867	0.00711885632741433	NA	NA	0.0165071954483692	0.0111160546855168	0.154202217184022	NA	0.00116836983419979	NA	NA	NA	NA	NA	NA	NA	NA	NA	NA	NA	NA	NA	NA	0.0100838363496113	0.0011885687333052	NA	0.0012918560768388	NA	NA	NA	NA	0.00147845023127739	NA	NA	NA	NA	0.00252409810550704	NA	NA	NA	NA	NA	NA	NA	NA	NA
SLC_SMT_NEG_17J	NA	NA	NA	NA	NA	NA	0.00316633979591404	0.00214866335983599	0.00226126786316894	NA	0.00628149572667675	0.0666166829749051	NA	NA	NA	NA	NA	NA	NA	NA	NA	NA	NA	NA	NA	NA	NA	NA	NA	NA	0.006117354366019	NA	NA	NA	NA	NA	NA	NA	0.0321441732993896	NA	NA	NA	NA	NA	NA	NA	NA	NA	0.00296866417877783	NA	NA	0.00741424761130196	NA	0.00495883405273138	0.00466796850180238	NA	NA	NA	NA	NA	NA	NA	0.221500470891559	NA	NA	NA	NA	0.00534006560006552	NA	NA	NA	NA	NA	0.0269763678799714	NA	0.00418895812242051	NA	NA	NA	0.0135248951260253	0.00366864765874411	0.00574600659954167	NA	NA	NA	NA	NA	NA	NA	0.00126053505141684	NA	NA	NA	NA	0.0180693163671175	0.0053086492966278	0.00269474225217478	0.00324964594885002	NA	NA	0.00343567282426214	0.0217178434719745	0.0028101706928954	NA	0.111487636096132	0.00333895296873478	NA	0.0122978943310869	NA	NA	NA	NA	NA	NA	NA	NA	NA	NA	NA	NA	NA	NA	NA	NA	NA	NA	NA	NA	NA	NA	NA	NA	NA	NA	NA	NA	NA	NA	NA	NA	NA	NA	NA	NA	NA	NA	NA	NA	NA	NA	NA	NA	NA	NA	NA	NA	NA	NA	NA	NA	NA	NA	NA	NA	NA	NA	NA	NA	NA	NA	NA	NA	NA	NA	NA	NA	NA	NA	NA	NA	NA	NA	NA	NA	NA	NA	NA	NA	NA	NA	NA	NA	NA	NA	NA	NA	NA	NA	NA	NA	NA	NA	NA	NA	NA	0.00288288708062765	NA	NA	NA	NA	NA	NA	NA	NA	NA	NA	NA	NA	NA	NA	NA	NA	NA	NA	NA	NA	NA	NA	NA	NA	NA	NA	NA	NA	NA	NA	NA	NA	NA	NA	NA	NA	NA	NA	NA	0.00318045948285235	NA	NA	NA	NA	NA	NA	NA	NA	NA	NA	NA	NA	NA	NA	NA	NA	NA	NA	NA	NA	NA	NA	0.00208335980774634	0.00811740802082936	NA	NA	NA	NA	NA	NA	NA	NA	NA	NA	NA	NA	0.0149449826398449	0.00238093220997104	NA	NA	NA	0.109583243320329	NA	NA	NA	NA	NA	NA	NA	NA	NA	NA	NA	NA	NA	NA	NA	NA	NA	NA	0.00919650509508903	NA	NA	NA	NA	NA	NA	NA	NA	NA	NA	NA	NA	NA	NA	NA	NA	0.00376889743600605	NA	0.00352074393806541	NA	0.0107556715252509	NA	NA	NA	NA	NA	NA	NA	NA	NA	NA	NA	NA	0.011893718292478	NA	NA	NA	0.0163611872397565	NA	NA	0.0130014077327877	0.0195017586070082	0.15107217842766	NA	NA	NA	NA	NA	NA	NA	NA	NA	NA	NA	NA	NA	NA	NA	NA	0.0033071836731236	0.00239505189690934	NA	NA	NA	NA	NA	NA	0.00292489314926909	NA	NA	NA	NA	0.00376536751427147	NA	NA	NA	NA	NA	NA	NA	NA	NA
SLC_SMT_NEG_193J	0.000391887586233464	NA	0.000197485197534105	0.000597694049720004	0.000464020677163762	0.000593869512443816	NA	0.00109576469814874	0.00763692874914869	0.000273697794892337	0.00869739180928752	0.00905414001060764	NA	0.000200034889051564	0.000331367181214503	NA	NA	NA	NA	NA	0.000419702402787564	0.000522501328968756	0.00012604747701766	0.000205783284472745	0.000333754619635397	NA	NA	NA	NA	NA	0.00846951892466807	NA	NA	NA	NA	NA	NA	NA	0.00409452642887378	NA	NA	0.00635589419373585	0.000751000046960682	0.00137662480830376	0.000837643200526701	NA	NA	NA	0.00283310131913158	NA	NA	0.00731181990165886	0.000333731440621602	0.00655048201454557	0.00205071688749236	NA	NA	NA	NA	NA	NA	0.000437967465658089	0.21136710889598	0.000287651561196977	NA	0.00028561180798301	0.000120855377927562	0.00691534287069397	NA	0.000773669122452273	NA	NA	NA	0.0162812869748731	0.000195630876430499	0.000782013567418503	0.00033463542215961	0.00165291865274115	NA	0.0257134767004785	0.00444017188258606	0.00175458180724638	NA	0.000560399016523716	NA	NA	0.000134670070149431	0.000196303067830556	NA	0.000355125670354463	NA	NA	NA	NA	0.014331885556679	0.0020000939213639	0.000228637792074697	0.00156291454217484	NA	NA	0.00267597078461472	0.0139549716133572	0.00208625031564022	NA	0.153507677839709	0.00136484986929586	NA	0.0590711371814236	0.000586266795919029	NA	NA	NA	NA	NA	NA	NA	NA	NA	NA	NA	NA	NA	NA	NA	NA	NA	NA	NA	NA	NA	NA	NA	0.000445709256265647	NA	0.000874405116405703	NA	NA	0.000415553359318244	NA	NA	NA	NA	NA	NA	NA	NA	NA	NA	NA	NA	NA	NA	0.000547001546550158	0.000290131715673051	0.000586035005781078	0.000645280565041309	NA	NA	NA	NA	NA	NA	NA	NA	0.000382639159729226	NA	0.000349261379864307	NA	NA	NA	NA	0.000246207484531369	NA	0.000322350544848216	0.000251469120662853	NA	0.000573332906221372	0.000509266112091764	0.00028415153011392	NA	NA	NA	NA	0.000367225115555496	0.000291615172555936	NA	NA	0.000246949212972812	NA	NA	NA	NA	NA	NA	NA	NA	NA	0.000505696543967321	NA	NA	NA	NA	0.000278704461872075	NA	NA	0.0111359863136268	0.000734728379276534	NA	NA	NA	0.000242313410213795	NA	0.000446427805693294	0.000562485127765274	0.000576137566890577	NA	NA	NA	NA	NA	NA	NA	NA	0.000314400143116503	NA	NA	NA	0.000626088341618981	0.000252813503462968	NA	NA	0.00112863253971017	0.000203419025065646	NA	NA	0.000292264184942199	NA	NA	NA	0.000231836495978418	0.000190044734105884	0.000468865091046934	NA	NA	NA	0.00359932997815563	NA	NA	NA	NA	NA	NA	NA	NA	0.000321029341061896	NA	NA	NA	NA	NA	NA	NA	NA	NA	NA	NA	NA	NA	0.00178833045133202	0.000468586942881393	NA	NA	0.000552796299998929	NA	NA	NA	0.000426725643967474	NA	NA	NA	NA	NA	0.00241323666324745	0.000791053382798585	NA	NA	NA	0.0443520230202839	NA	0.000241942545993074	0.000218833069239376	NA	NA	0.00039341740114394	NA	NA	NA	NA	0.00064117787959958	NA	NA	NA	NA	NA	0.000578617721366651	0.000136987971528939	0.00109337725972785	NA	NA	NA	NA	NA	NA	NA	NA	NA	NA	NA	NA	NA	NA	NA	NA	0.00386463697005415	NA	0.00961838674342134	NA	0.0364006477699911	0.000596905963250972	NA	NA	NA	NA	0.000334844033283766	NA	0.000269618288464403	NA	0.00092141215638213	0.00249767781050294	NA	0.0059554767304258	0.000513600587671444	NA	0.000905789501084245	0.00598757966453199	NA	NA	0.0311087166674772	0.0233967110926462	0.162170741529566	0.000215796618432221	0.000548577719488224	NA	0.000267091775960739	0.000301837117639568	NA	NA	0.000328098940269397	NA	0.000263614923891476	0.00065093624440731	0.000269015634105731	0.000301999370736133	NA	NA	NA	0.0275038932630521	0.00165553788129999	NA	0.000392536598619727	NA	NA	NA	NA	0.000828139804870717	0.000642058682123793	NA	0.000232045107102574	NA	0.000843090268768546	NA	NA	NA	NA	0.000308883537833273	NA	NA	NA	NA
SLC_SMT_NEG_159J	NA	NA	NA	NA	NA	NA	NA	NA	NA	NA	NA	0.0955141407083226	NA	NA	NA	NA	NA	NA	NA	NA	NA	NA	NA	NA	NA	NA	NA	NA	NA	NA	NA	NA	NA	NA	NA	NA	NA	NA	NA	NA	NA	0.0458791511897319	NA	NA	NA	NA	NA	NA	NA	NA	NA	NA	NA	0.0665109778970983	NA	NA	NA	NA	NA	NA	NA	NA	0.276286271192674	NA	NA	NA	NA	0.0700691405244382	NA	NA	NA	NA	NA	NA	NA	NA	NA	NA	NA	NA	NA	0.0333566253539774	NA	NA	NA	NA	NA	NA	NA	NA	NA	NA	NA	NA	NA	NA	NA	NA	NA	NA	NA	NA	NA	NA	NA	NA	NA	0.0861544260968703	NA	NA	NA	NA	NA	NA	NA	NA	NA	NA	NA	NA	NA	NA	NA	NA	NA	NA	NA	NA	NA	NA	NA	NA	NA	NA	NA	NA	NA	NA	NA	NA	NA	NA	NA	NA	NA	NA	NA	NA	NA	NA	NA	NA	NA	NA	NA	NA	NA	NA	NA	NA	NA	NA	NA	NA	NA	NA	NA	NA	NA	NA	NA	NA	NA	NA	NA	NA	NA	NA	NA	NA	NA	NA	NA	NA	NA	NA	NA	NA	NA	NA	NA	NA	NA	NA	NA	NA	NA	NA	NA	NA	NA	NA	NA	NA	NA	NA	NA	NA	NA	NA	NA	NA	NA	NA	NA	NA	NA	NA	NA	NA	NA	NA	NA	NA	NA	NA	NA	NA	NA	NA	NA	NA	NA	NA	NA	NA	NA	NA	NA	NA	NA	NA	NA	NA	NA	0.0317246515391122	NA	NA	NA	NA	NA	NA	NA	NA	NA	NA	NA	NA	NA	NA	NA	NA	NA	NA	NA	NA	NA	NA	NA	0.0640285388547681	NA	NA	NA	NA	NA	NA	NA	NA	NA	NA	NA	NA	0.114766834614394	NA	NA	NA	NA	NA	NA	NA	NA	NA	NA	NA	NA	NA	NA	NA	NA	NA	NA	NA	NA	NA	NA	NA	NA	NA	NA	NA	NA	NA	NA	NA	NA	NA	NA	NA	NA	NA	NA	NA	NA	NA	NA	NA	NA	0.115709242028612	NA	NA	NA	NA	NA	NA	NA	NA	NA	NA	NA	NA	NA	NA	NA	NA	NA	NA	NA	NA	NA	NA	NA	NA	NA	NA	NA	NA	NA	NA	NA	NA	NA	NA	NA	NA	NA	NA	NA	NA	NA	NA	NA	NA	NA	NA	NA	NA	NA	NA	NA	NA	NA	NA	NA	NA	NA	NA	NA	NA	NA
SLC_SMT_NEG_103J	NA	NA	NA	NA	NA	NA	NA	0.000924787764909796	0.00548370875969875	0.00118761863987142	0.0088206176249606	0.0210426234950072	NA	NA	NA	NA	NA	NA	NA	NA	NA	NA	NA	NA	NA	NA	NA	NA	NA	NA	0.00461539093181656	NA	NA	NA	NA	NA	NA	NA	0.00679348822877769	NA	NA	0.0145129757348209	0.000292311008952201	0.00181524934640591	NA	NA	NA	NA	0.00215729966818696	NA	NA	0.0167920323947635	0.000837895406503789	0.00126118436236388	0.00138112408558581	NA	NA	NA	NA	NA	NA	0.00149022750384773	0.154003748823066	NA	NA	0.000602794703241058	NA	0.0122798219319139	NA	NA	NA	NA	NA	0.0269692073269844	NA	0.000680735331462713	NA	0.001070371166329	NA	0.0327790821353551	0.00388330093771729	0.00344607958976576	NA	0.00488885619301223	NA	NA	NA	NA	NA	NA	NA	NA	NA	NA	0.00641354449275761	0.0013029142323962	0.000602121640821182	0.000761772046815799	NA	NA	0.00816606442163107	0.00641004456817426	0.000837760794019813	NA	0.233952997224358	0.000830491719885151	NA	0.0791298622113345	NA	NA	NA	0.000486152985876525	NA	NA	NA	NA	NA	NA	NA	NA	NA	NA	NA	NA	NA	NA	NA	NA	NA	NA	NA	NA	NA	NA	NA	NA	NA	NA	0.000572237669378682	0.000865356353234735	NA	NA	NA	NA	NA	NA	NA	NA	NA	NA	NA	NA	NA	NA	NA	NA	NA	NA	NA	NA	NA	NA	NA	NA	NA	NA	0.00168918475516311	NA	NA	NA	NA	NA	NA	NA	NA	NA	0.00165822388384881	NA	NA	NA	NA	NA	NA	NA	NA	NA	NA	NA	NA	NA	NA	NA	NA	NA	NA	NA	NA	NA	NA	NA	NA	NA	NA	NA	NA	0.0103946414000829	0.000617736688962308	NA	NA	NA	NA	NA	NA	NA	NA	NA	NA	NA	NA	NA	NA	NA	NA	NA	NA	NA	NA	0.000978430839773924	NA	NA	NA	NA	0.000794684799147741	NA	NA	NA	NA	NA	NA	NA	NA	NA	NA	NA	NA	0.00314461493190325	NA	0.000585496999050242	NA	NA	NA	NA	NA	NA	NA	NA	NA	NA	NA	0.000940739344260861	NA	NA	NA	NA	NA	NA	NA	NA	NA	NA	NA	NA	NA	NA	NA	NA	NA	NA	NA	NA	NA	NA	0.00135332660764493	0.000807674903851351	NA	NA	NA	0.0072737182653593	NA	NA	NA	NA	NA	NA	NA	NA	NA	NA	0.000774964070245371	NA	NA	NA	NA	NA	0.00016914058611487	NA	0.000372068905707522	NA	NA	NA	NA	NA	NA	NA	NA	NA	NA	NA	NA	NA	NA	NA	NA	0.00371449688281236	NA	NA	NA	0.0236224044441504	NA	NA	NA	NA	NA	NA	NA	NA	NA	0.000355915407630495	0.000606092709098451	NA	0.00224547084519073	0.00172788584430599	NA	0.000777858238650838	0.00638278554016927	NA	NA	0.0208342433698135	0.0239716565338241	0.167449516784932	NA	NA	0.000620025101189887	NA	0.000792732918130101	NA	NA	NA	NA	NA	NA	NA	NA	NA	NA	NA	0.00699735883575816	0.00203964835719261	NA	0.00151250586994563	NA	NA	NA	NA	0.00174922192301606	NA	NA	0.0231722602977372	NA	0.00952941965933215	NA	NA	NA	NA	NA	NA	NA	NA	NA
SLC_SMT_NEG_155J	NA	NA	NA	NA	NA	NA	NA	NA	NA	NA	NA	NA	NA	NA	NA	NA	NA	NA	NA	NA	NA	NA	NA	NA	NA	NA	NA	NA	NA	NA	NA	NA	NA	NA	NA	NA	NA	NA	0.114052396116201	NA	NA	NA	NA	NA	NA	NA	NA	NA	NA	NA	NA	NA	NA	NA	NA	NA	NA	NA	NA	NA	NA	NA	0.677672065172798	NA	NA	NA	NA	NA	NA	NA	NA	NA	NA	NA	NA	NA	NA	NA	NA	NA	NA	NA	NA	NA	NA	NA	NA	NA	NA	NA	NA	NA	NA	NA	NA	NA	NA	NA	NA	NA	NA	NA	NA	NA	NA	NA	NA	NA	NA	NA	NA	NA	NA	NA	NA	NA	NA	NA	NA	NA	NA	NA	NA	NA	NA	NA	NA	NA	NA	NA	NA	NA	NA	NA	NA	NA	NA	NA	NA	NA	NA	NA	NA	NA	NA	NA	NA	NA	NA	NA	NA	NA	NA	NA	NA	NA	NA	NA	NA	NA	NA	NA	NA	NA	NA	NA	NA	NA	NA	NA	NA	NA	NA	NA	NA	NA	NA	NA	NA	NA	NA	NA	NA	NA	NA	NA	NA	NA	NA	NA	NA	NA	NA	NA	NA	NA	NA	NA	NA	NA	NA	NA	NA	NA	NA	NA	NA	NA	NA	NA	NA	NA	NA	NA	NA	NA	NA	NA	NA	NA	NA	NA	NA	NA	NA	NA	NA	NA	NA	NA	NA	NA	NA	NA	NA	NA	NA	NA	NA	NA	NA	NA	NA	NA	NA	NA	NA	NA	NA	NA	NA	NA	NA	NA	NA	NA	NA	NA	NA	NA	NA	NA	NA	NA	NA	NA	NA	NA	NA	NA	NA	NA	NA	NA	NA	NA	NA	NA	NA	NA	NA	NA	NA	NA	NA	NA	NA	NA	NA	NA	NA	NA	NA	NA	NA	NA	NA	NA	NA	NA	NA	NA	NA	NA	NA	NA	NA	NA	NA	NA	NA	NA	NA	NA	NA	NA	NA	NA	NA	NA	NA	NA	NA	NA	NA	NA	NA	NA	NA	NA	NA	NA	NA	NA	NA	NA	NA	NA	NA	NA	NA	NA	NA	NA	NA	NA	NA	NA	NA	0.208275538711001	NA	NA	NA	NA	NA	NA	NA	NA	NA	NA	NA	NA	NA	NA	NA	NA	NA	NA	NA	NA	NA	NA	NA	NA	NA	NA	NA	NA	NA	NA	NA	NA	NA	NA	NA	NA	NA	NA	NA
SLC_SMT_NEG_158J	NA	NA	NA	NA	NA	NA	NA	NA	NA	NA	NA	NA	NA	NA	NA	NA	NA	NA	NA	NA	NA	NA	NA	NA	NA	NA	NA	NA	NA	NA	NA	NA	NA	NA	NA	NA	NA	NA	NA	NA	NA	NA	NA	NA	NA	NA	NA	NA	NA	NA	NA	NA	NA	NA	NA	NA	NA	NA	NA	NA	NA	NA	1	NA	NA	NA	NA	NA	NA	NA	NA	NA	NA	NA	NA	NA	NA	NA	NA	NA	NA	NA	NA	NA	NA	NA	NA	NA	NA	NA	NA	NA	NA	NA	NA	NA	NA	NA	NA	NA	NA	NA	NA	NA	NA	NA	NA	NA	NA	NA	NA	NA	NA	NA	NA	NA	NA	NA	NA	NA	NA	NA	NA	NA	NA	NA	NA	NA	NA	NA	NA	NA	NA	NA	NA	NA	NA	NA	NA	NA	NA	NA	NA	NA	NA	NA	NA	NA	NA	NA	NA	NA	NA	NA	NA	NA	NA	NA	NA	NA	NA	NA	NA	NA	NA	NA	NA	NA	NA	NA	NA	NA	NA	NA	NA	NA	NA	NA	NA	NA	NA	NA	NA	NA	NA	NA	NA	NA	NA	NA	NA	NA	NA	NA	NA	NA	NA	NA	NA	NA	NA	NA	NA	NA	NA	NA	NA	NA	NA	NA	NA	NA	NA	NA	NA	NA	NA	NA	NA	NA	NA	NA	NA	NA	NA	NA	NA	NA	NA	NA	NA	NA	NA	NA	NA	NA	NA	NA	NA	NA	NA	NA	NA	NA	NA	NA	NA	NA	NA	NA	NA	NA	NA	NA	NA	NA	NA	NA	NA	NA	NA	NA	NA	NA	NA	NA	NA	NA	NA	NA	NA	NA	NA	NA	NA	NA	NA	NA	NA	NA	NA	NA	NA	NA	NA	NA	NA	NA	NA	NA	NA	NA	NA	NA	NA	NA	NA	NA	NA	NA	NA	NA	NA	NA	NA	NA	NA	NA	NA	NA	NA	NA	NA	NA	NA	NA	NA	NA	NA	NA	NA	NA	NA	NA	NA	NA	NA	NA	NA	NA	NA	NA	NA	NA	NA	NA	NA	NA	NA	NA	NA	NA	NA	NA	NA	NA	NA	NA	NA	NA	NA	NA	NA	NA	NA	NA	NA	NA	NA	NA	NA	NA	NA	NA	NA	NA	NA	NA	NA	NA	NA	NA	NA	NA	NA	NA	NA	NA	NA	NA	NA	NA	NA	NA	NA	NA	NA	NA	NA
SLC_SMT_NEG_110J	NA	NA	NA	NA	NA	NA	NA	0.00124233194891116	0.00597759254533334	0.00125213496926994	0.0100652913296945	0.0293213963615045	NA	NA	NA	NA	NA	NA	NA	NA	NA	NA	NA	NA	NA	NA	NA	NA	NA	NA	0.0082003872353747	NA	NA	NA	NA	NA	NA	NA	0.00937723179418414	NA	NA	0.0104642421172467	NA	0.000759975135683444	NA	NA	NA	NA	0.00180632703004481	NA	NA	0.0087156082725921	0.00100288112375397	0.00228321986471189	0.0018710912465135	NA	NA	NA	NA	NA	NA	0.000761582188201277	0.17725106274383	NA	NA	NA	NA	0.00904216134421586	NA	NA	NA	NA	NA	0.0146781748768837	NA	0.00160391876542369	NA	0.00222351786367438	NA	0.0372522808896386	0.00511042700671041	0.00441529644012154	NA	0.00136286088774867	NA	NA	NA	NA	NA	0.000300920583964316	NA	NA	NA	NA	0.0181507743100441	0.00238125006829973	0.00104281637882213	0.0009340992759907	NA	NA	0.00753193374058187	0.0192220355184319	0.00144988278158935	NA	0.237926535844021	0.00087455798020497	NA	0.0378440779793307	NA	NA	NA	NA	NA	NA	NA	NA	NA	NA	NA	NA	NA	NA	NA	NA	NA	NA	NA	NA	NA	NA	NA	NA	NA	NA	NA	NA	NA	NA	NA	NA	NA	NA	NA	NA	NA	NA	NA	NA	NA	NA	NA	NA	NA	NA	NA	NA	NA	NA	NA	NA	NA	NA	NA	NA	NA	NA	NA	NA	NA	NA	NA	NA	NA	NA	NA	NA	NA	NA	NA	NA	NA	NA	NA	NA	NA	NA	NA	NA	NA	NA	NA	NA	NA	NA	NA	NA	NA	NA	NA	NA	NA	NA	NA	NA	NA	0.00968916068789562	0.00149319284694496	NA	NA	NA	NA	NA	NA	NA	NA	NA	NA	NA	NA	NA	NA	NA	NA	NA	NA	NA	NA	NA	NA	NA	NA	NA	NA	NA	NA	NA	NA	NA	NA	NA	NA	NA	NA	NA	NA	0.00310595040121673	NA	NA	NA	NA	NA	NA	NA	NA	NA	NA	NA	NA	NA	0.00112365112046916	NA	NA	NA	NA	NA	NA	NA	NA	NA	NA	NA	NA	NA	NA	NA	NA	NA	NA	NA	NA	NA	NA	0.00329526118781751	0.000636312444436159	NA	NA	NA	0.0249784976373114	NA	NA	NA	NA	NA	NA	NA	NA	NA	NA	NA	NA	NA	NA	NA	NA	0.000314500177740008	NA	0.00081598091592994	NA	NA	NA	NA	NA	NA	NA	NA	NA	NA	NA	NA	NA	NA	NA	NA	0.00246795055163685	NA	NA	NA	0.018511396895046	NA	NA	NA	NA	NA	NA	NA	NA	NA	0.000713370612666274	0.0013103906230414	NA	0.00474233162750065	0.000683961551589921	NA	0.000609635372640124	0.00517591439681212	NA	NA	0.0243122940160435	0.0156361388827642	0.188984474587036	NA	NA	NA	NA	NA	NA	NA	NA	NA	NA	NA	NA	NA	NA	NA	NA	0.00665335812908231	0.00156896537316081	NA	0.00109367959101156	NA	NA	NA	NA	0.00143967799810111	NA	NA	0.00192886478452961	NA	0.00501520914502878	NA	NA	NA	NA	NA	NA	NA	NA	NA
SLC_SMT_NEG_153J	NA	NA	NA	NA	NA	NA	0.0010533742232669	0.000765453840754309	0.000855044947372369	NA	0.0039956633331964	0.0695508477754935	NA	NA	NA	NA	NA	NA	NA	NA	NA	NA	NA	NA	NA	NA	NA	NA	NA	NA	0.00476468938713325	NA	NA	NA	NA	NA	NA	NA	0.0275929177301443	NA	NA	0.000600060370402785	NA	NA	0.000525615447678687	NA	NA	NA	0.001072378397398	NA	NA	0.00416770112006744	NA	0.00242324653450669	0.00240617135549415	NA	NA	NA	NA	NA	NA	NA	0.174207263381064	NA	NA	NA	NA	0.00287077340201509	NA	NA	NA	NA	NA	0.039397939190215	NA	0.00248347404876428	0.000680149389955294	0.000550478051429153	NA	0.0211465732651993	0.00233265520819751	0.00226764092827532	NA	0.00146803672949594	NA	NA	0.000286420052975922	0.000211260687615315	NA	0.000701082559204968	NA	NA	NA	NA	0.0213735516908178	0.00400373653498894	0.000929418425832817	0.00150168697767545	NA	NA	0.00273317175022371	0.0184614835044126	0.00124134408093206	NA	0.196853523184557	0.000903984267973144	NA	0.010481159254622	NA	NA	NA	NA	NA	NA	NA	NA	NA	NA	NA	NA	NA	NA	NA	NA	NA	NA	NA	NA	NA	NA	NA	NA	NA	NA	NA	NA	NA	NA	NA	NA	NA	NA	NA	NA	NA	NA	NA	NA	NA	NA	NA	NA	NA	NA	NA	NA	NA	NA	NA	NA	NA	NA	NA	NA	0.000906913482782826	NA	NA	NA	NA	NA	NA	NA	NA	NA	NA	NA	NA	NA	NA	NA	NA	NA	NA	NA	NA	NA	NA	NA	NA	NA	NA	NA	NA	NA	NA	NA	NA	NA	NA	NA	NA	NA	NA	NA	NA	0.00214032725044965	0.000537689528235666	NA	NA	NA	NA	NA	0.000469174479394581	NA	NA	NA	NA	NA	NA	NA	NA	NA	NA	NA	NA	NA	NA	NA	NA	NA	NA	NA	NA	NA	NA	NA	NA	NA	NA	NA	NA	NA	NA	NA	NA	0.00241567344255971	NA	NA	NA	NA	NA	NA	NA	NA	NA	NA	NA	NA	NA	NA	NA	NA	NA	NA	NA	NA	NA	NA	NA	0.00440032364251434	NA	NA	NA	NA	NA	NA	NA	NA	NA	NA	NA	NA	0.0083642657226498	0.00107552194499863	NA	NA	0.000529330549388526	0.103872672033322	0.000212046574515474	NA	NA	NA	NA	NA	NA	NA	NA	NA	NA	NA	NA	NA	NA	NA	0.000319927412628131	NA	0.00510919362645724	NA	NA	NA	NA	NA	NA	NA	NA	NA	NA	NA	NA	NA	NA	NA	NA	0.00321056231993813	NA	0.000837898324096185	NA	0.00422950040812536	NA	NA	NA	NA	NA	0.000890767079197752	NA	NA	NA	0.000439096444397609	0.000355935321508117	NA	0.00682078385073864	NA	NA	NA	0.00788416027091665	NA	NA	0.013756807298746	0.0172314276171373	0.180597309766252	NA	NA	NA	NA	NA	NA	NA	NA	NA	NA	NA	NA	NA	NA	NA	NA	0.00174738380037044	0.0013052866968995	NA	0.000528616106752019	NA	NA	NA	NA	0.000955709914856299	NA	NA	NA	NA	0.0019957240608205	NA	NA	NA	NA	NA	NA	NA	NA	NA
SLC_SMT_NEG_191J	NA	NA	NA	NA	NA	0.000912167990321839	NA	0.00111785719491266	0.00538783890586831	NA	0.00681330533958733	0.00117789973374615	NA	NA	NA	NA	NA	NA	NA	NA	NA	NA	NA	NA	NA	NA	NA	NA	NA	NA	0.00393420033889227	NA	NA	NA	NA	NA	NA	NA	0.0313257805910753	NA	NA	0.0163192792458831	0.000902922309523204	NA	0.000729321055939414	NA	NA	NA	0.00196389137434543	NA	NA	0.00719107297974804	NA	0.00326872886682108	0.00160940109525422	NA	NA	NA	NA	NA	NA	0.00128688999445477	0.392269436107016	NA	NA	NA	NA	0.00419014253794156	NA	NA	NA	NA	NA	0.012561943342033	NA	0.00101854770586378	0.00168064722376136	0.00233012910668667	NA	0.0105660727893958	0.0011151378770307	0.000941427850731638	NA	0.00342862475827983	NA	NA	NA	NA	NA	0.000364606141612068	NA	NA	NA	NA	0.00458944717572733	0.0010209407055999	NA	NA	NA	NA	0.00189155751868552	0.00282689409736159	NA	NA	0.0386771845531432	0.000757384416481155	NA	0.0386807740527474	NA	NA	NA	NA	NA	NA	NA	NA	NA	NA	NA	NA	NA	NA	NA	NA	NA	NA	NA	NA	NA	NA	NA	0.00230511138217272	NA	NA	0.0012515388619894	NA	NA	NA	NA	NA	NA	NA	NA	NA	NA	NA	NA	NA	NA	NA	NA	NA	NA	NA	NA	NA	NA	NA	NA	NA	NA	NA	NA	NA	NA	NA	NA	NA	NA	NA	NA	NA	NA	NA	NA	NA	NA	NA	NA	NA	NA	NA	NA	NA	NA	NA	NA	NA	NA	NA	NA	NA	NA	NA	NA	NA	NA	NA	NA	NA	NA	NA	NA	NA	NA	0.00690162878439312	0.00109740792444038	NA	NA	NA	NA	NA	NA	NA	NA	NA	NA	NA	NA	NA	NA	NA	NA	NA	NA	NA	NA	NA	NA	NA	NA	NA	NA	NA	NA	NA	NA	NA	NA	NA	NA	NA	NA	NA	NA	0.00294654408416746	NA	NA	NA	NA	NA	NA	NA	NA	NA	NA	NA	NA	NA	NA	NA	NA	NA	NA	NA	NA	NA	NA	0.000788602185765959	0.00213346803746393	NA	NA	NA	NA	NA	NA	NA	NA	NA	NA	NA	NA	0.00149812660752477	0.000705934922154631	NA	NA	NA	0.0319582939304172	NA	NA	NA	NA	NA	NA	NA	NA	NA	NA	NA	NA	NA	NA	NA	NA	0.000284984514028526	NA	0.00052178271518887	NA	NA	NA	NA	NA	NA	NA	NA	NA	NA	NA	NA	NA	NA	NA	NA	0.00371067240899585	NA	0.00230989738164495	NA	0.0109930056968622	NA	NA	NA	NA	NA	NA	NA	NA	NA	0.00222081252783222	0.00330462386286284	NA	0.00138532930178141	0.00172328612815036	NA	0.00242182450566608	0.00386045243793374	NA	NA	0.0134176582931255	0.0143091594675445	0.26955978159309	NA	0.000884430947925933	NA	0.00102627056864853	NA	NA	NA	NA	NA	NA	NA	NA	NA	NA	NA	NA	0.00708926171824778	0.00220286502981134	NA	0.000867571177057833	NA	NA	NA	NA	0.00106238311012084	NA	NA	0.00119834900421842	NA	0.00120748591230178	NA	NA	NA	NA	NA	NA	NA	NA	NA
SLC_SMT_NEG_160J	NA	NA	NA	NA	NA	NA	NA	0.00434198392833619	0.00822640846616607	0.0063592851183419	NA	0.184165459096298	NA	NA	NA	NA	NA	NA	NA	NA	NA	NA	NA	NA	NA	NA	NA	NA	NA	NA	0.0220989768585606	NA	NA	NA	NA	NA	NA	NA	0.0173407104904931	NA	NA	NA	NA	NA	NA	NA	NA	NA	NA	NA	NA	0.0124384139112106	NA	0.00773284152285601	0.0108382733939314	NA	NA	NA	NA	NA	NA	NA	0.0485566240723664	NA	NA	NA	NA	0.00785315944320028	NA	NA	NA	NA	NA	0.0365265885039301	NA	0.0091107890923462	NA	NA	NA	0.0206437447854916	0.00751591797303825	0.00634172045843762	NA	NA	NA	NA	NA	NA	NA	NA	NA	NA	NA	NA	0.0224704694155359	0.0129583278443771	0.00587274403899354	NA	NA	NA	NA	0.0325481930356123	0.00666666666666667	NA	0.0568005971984367	0.00756861195275106	NA	0.0330760110657357	NA	NA	NA	NA	NA	NA	NA	NA	NA	NA	NA	NA	NA	NA	NA	NA	NA	NA	NA	NA	NA	NA	NA	NA	NA	NA	NA	NA	NA	NA	NA	NA	NA	NA	NA	NA	NA	NA	NA	NA	NA	NA	NA	NA	NA	NA	NA	NA	NA	NA	NA	NA	NA	NA	NA	NA	NA	NA	NA	NA	NA	NA	NA	NA	NA	NA	NA	NA	NA	NA	NA	NA	NA	NA	NA	NA	NA	NA	NA	NA	NA	NA	NA	NA	NA	NA	NA	NA	NA	NA	NA	NA	NA	NA	NA	NA	NA	0.0062626794888684	NA	NA	NA	NA	NA	NA	NA	NA	NA	NA	NA	NA	NA	NA	NA	NA	NA	NA	NA	NA	NA	NA	NA	NA	NA	NA	NA	NA	NA	NA	NA	NA	NA	NA	NA	NA	NA	NA	NA	NA	NA	NA	NA	NA	NA	NA	NA	NA	NA	NA	NA	NA	NA	NA	NA	NA	NA	NA	NA	NA	NA	NA	0.00524919861239187	NA	NA	NA	NA	NA	NA	NA	NA	NA	NA	NA	NA	NA	0.0346910815439336	0.00546348746322399	NA	NA	NA	0.130069819523119	NA	NA	NA	NA	NA	NA	NA	NA	NA	NA	NA	NA	NA	NA	NA	NA	NA	NA	0.04406973169982	NA	NA	NA	NA	NA	NA	NA	NA	NA	NA	NA	NA	NA	NA	NA	NA	0.00866815966275853	NA	NA	NA	0.0331383656083959	NA	NA	NA	NA	NA	NA	NA	NA	NA	NA	NA	NA	0.0192122250032934	NA	NA	NA	0.0156220085188601	NA	NA	0.0129644754753436	0.0206007113687261	0.0564115399815571	NA	NA	NA	NA	NA	NA	NA	NA	NA	NA	NA	NA	NA	NA	NA	NA	0.0103157247617793	NA	NA	NA	NA	NA	NA	NA	NA	NA	NA	NA	NA	0.00920827295481491	NA	NA	NA	NA	NA	NA	NA	NA	NA
SLC_SMT_NEG_109J	NA	NA	NA	NA	0.000370900344775916	0.000292372243359772	NA	0.00103736807797761	0.00925534706703306	0.000523410877308109	0.00903468441963928	0.00164592792431288	NA	NA	NA	NA	NA	NA	NA	0.000236737191643385	NA	NA	NA	NA	0.000300771851522992	NA	NA	NA	NA	NA	0.00135566381790387	NA	NA	NA	NA	NA	NA	NA	0.0266018884493167	NA	NA	0.0151359621515633	0.000893850067126045	0.00125276038299446	0.000587544356107284	NA	NA	NA	0.00201666357088951	NA	NA	0.00512165284261351	NA	0.00259821291254305	0.000912724480763399	NA	NA	NA	NA	NA	NA	0.00147236896191285	0.479154363024938	NA	NA	0.000334370284175873	NA	0.00198589794726423	NA	NA	0.0004399418299136	NA	NA	0.00432734636713159	NA	NA	0.00116879724100212	0.00279953999134149	NA	0.0140764915752424	0.000432464531666342	0.000251494150298767	NA	0.00367896249621071	NA	NA	8.11962122444613e-05	NA	NA	0.000263550058485978	NA	NA	NA	NA	0.000708992808255491	0.000389642999853847	NA	0.000299355447009194	NA	NA	0.000629805914042231	0.000885944553560661	NA	NA	0.0352293071617793	NA	NA	0.0562620577610419	0.000456312830921916	NA	NA	NA	NA	NA	NA	NA	NA	NA	NA	NA	NA	NA	NA	NA	NA	NA	NA	NA	NA	NA	NA	0.000917138392504071	NA	NA	0.000415500617140623	NA	NA	0.000435659676732351	NA	NA	NA	NA	NA	NA	NA	NA	NA	NA	NA	NA	NA	NA	NA	NA	NA	NA	NA	NA	NA	NA	NA	NA	NA	NA	0.000481544595051432	NA	NA	NA	NA	NA	NA	NA	NA	NA	NA	NA	NA	NA	0.000340233540070199	NA	NA	NA	NA	NA	NA	NA	NA	NA	NA	NA	0.000562016135219066	NA	NA	NA	NA	NA	NA	0.00049610391586768	NA	0.000449626084031195	NA	NA	0.000299553084848329	NA	NA	0.00574296032957295	0.000927613197978204	NA	NA	NA	NA	NA	0.000278043500022514	0.000462439603935088	0.00052278502415085	NA	NA	NA	NA	0.000387007828665386	NA	NA	NA	NA	NA	NA	NA	0.000457564537236435	0.000340167660790487	NA	NA	NA	0.000403411769313557	NA	NA	NA	NA	NA	NA	NA	NA	NA	NA	NA	NA	0.00419772888429915	NA	NA	NA	NA	NA	NA	NA	NA	0.000306865684896309	NA	NA	NA	NA	NA	NA	NA	NA	NA	NA	NA	NA	NA	0.00109646179187886	0.00501084389413872	NA	NA	0.000383055071882694	NA	NA	NA	NA	NA	NA	NA	NA	NA	0.000636789117691653	0.000263187722447564	NA	NA	NA	0.0141398674423249	NA	NA	NA	NA	NA	0.000219674458198098	NA	NA	NA	NA	0.000514319536707918	NA	NA	0.000145461449603059	NA	NA	0.00011815448816263	0.000105637425017439	0.000204456344584735	NA	NA	NA	NA	NA	NA	NA	NA	NA	NA	NA	NA	NA	NA	NA	NA	0.00400549314610091	NA	0.00215484536008445	NA	0.00880288817397427	0.000517877017812341	NA	NA	NA	NA	0.000572062725375075	NA	NA	NA	0.00644012780712023	0.00946566666751212	NA	0.00106223750606872	0.00108825982155477	NA	0.00251009937592888	0.00138306959826387	NA	NA	0.01685409376644	0.00461161545908684	0.202440043349884	NA	0.000464778318364847	NA	0.00055078371802825	NA	NA	NA	NA	NA	NA	0.00032046975615674	NA	0.000437010201966437	NA	NA	NA	0.00933367753061007	0.000340793513947747	NA	0.000413096023431152	NA	NA	NA	NA	0.000221749655509011	NA	NA	0.000244741524128336	NA	NA	NA	NA	NA	NA	NA	NA	NA	NA	NA
SLC_SMT_NEG_152J	NA	NA	NA	NA	NA	NA	NA	NA	NA	NA	NA	NA	NA	NA	NA	NA	NA	NA	NA	NA	NA	NA	NA	NA	NA	NA	NA	NA	NA	NA	NA	NA	NA	NA	NA	NA	NA	NA	0.0022969090714642	NA	NA	NA	NA	NA	NA	NA	NA	NA	NA	NA	NA	NA	NA	NA	NA	NA	NA	NA	NA	NA	NA	NA	0.928537431821355	NA	NA	NA	NA	NA	NA	NA	NA	NA	NA	0.00360027332687298	NA	NA	NA	NA	NA	NA	NA	NA	NA	NA	NA	NA	NA	NA	NA	NA	NA	NA	NA	NA	NA	NA	NA	NA	NA	NA	NA	NA	NA	NA	NA	NA	NA	NA	NA	NA	NA	NA	NA	NA	NA	NA	NA	NA	NA	NA	NA	NA	NA	NA	NA	NA	NA	NA	NA	NA	NA	NA	NA	NA	NA	NA	NA	NA	NA	NA	NA	NA	NA	NA	NA	NA	NA	NA	NA	NA	NA	NA	NA	NA	NA	NA	NA	NA	NA	NA	NA	NA	NA	NA	NA	NA	NA	NA	NA	NA	NA	NA	NA	NA	NA	NA	NA	NA	NA	NA	NA	NA	NA	NA	NA	NA	NA	NA	NA	NA	NA	NA	NA	NA	NA	NA	NA	NA	NA	NA	NA	NA	NA	NA	NA	NA	NA	NA	NA	NA	NA	NA	NA	NA	NA	NA	NA	NA	NA	NA	NA	NA	NA	NA	NA	NA	0.00490363758228176	NA	NA	NA	NA	NA	NA	NA	NA	NA	NA	NA	NA	NA	NA	NA	NA	NA	NA	NA	NA	NA	NA	NA	NA	NA	NA	NA	NA	NA	NA	NA	NA	NA	NA	NA	NA	NA	NA	NA	NA	NA	NA	NA	NA	NA	NA	NA	NA	NA	NA	NA	NA	NA	NA	NA	NA	NA	NA	NA	NA	NA	NA	NA	NA	NA	NA	NA	NA	NA	NA	NA	NA	NA	NA	NA	NA	NA	NA	NA	NA	NA	NA	NA	NA	NA	NA	NA	NA	NA	NA	NA	NA	NA	NA	NA	NA	NA	NA	NA	NA	0.00697277425959685	NA	NA	NA	NA	NA	NA	NA	NA	NA	NA	NA	NA	NA	NA	NA	NA	NA	NA	NA	NA	0.0100305574219104	0.0436584165165192	NA	NA	NA	NA	NA	NA	NA	NA	NA	NA	NA	NA	NA	NA	NA	NA	NA	NA	NA	NA	NA	NA	NA	NA	NA	NA	NA	NA	NA	NA	NA	NA	NA	NA	NA	NA	NA	NA	NA
SLC_SMT_NEG_142J	NA	NA	0.000158835675528296	0.000514286233441603	0.000277015554845304	NA	NA	0.000658019814858394	0.00849684566395745	0.00109180948952788	0.00525166932675272	0.117763493007934	NA	NA	NA	NA	0.000307411515691951	NA	NA	NA	0.000394548201557534	NA	NA	NA	0.000566424415493224	NA	NA	NA	NA	NA	0.00504254128067532	NA	NA	NA	NA	NA	NA	NA	0.00696839388198346	0.000589269329284118	NA	0.0548795237633728	0.000456874304239932	0.000843272169292845	0.000325342256002118	NA	NA	NA	0.00203235832216118	NA	NA	NA	NA	NA	0.00494476121419782	NA	NA	NA	NA	NA	NA	NA	0.392149941069471	NA	NA	NA	NA	0.00843217034663549	0.000269800109880919	NA	NA	NA	NA	NA	NA	0.000494150107959597	NA	0.00228878229154334	NA	0.0414976540574808	0.00339459118259681	0.000641791056583016	NA	NA	NA	NA	NA	NA	NA	0.000102694239958228	NA	NA	NA	NA	0.0125781266686466	0.00133157321223148	0.000573951490971021	0.000449203399294406	NA	NA	0.00319392510353744	0.0169766475359891	0.000478137093885812	0.00034269767844137	NA	0.00149525114650664	NA	0.031102642964753	0.000297127708749355	NA	0.00081067082327436	NA	NA	NA	NA	NA	NA	NA	NA	NA	NA	NA	NA	NA	NA	NA	NA	NA	NA	0.000147233431798188	NA	NA	0.000487030549307031	NA	NA	NA	NA	NA	NA	0.000738420487318688	0.000703661699284273	NA	NA	NA	NA	NA	NA	NA	NA	NA	NA	0.000400301380266679	NA	NA	NA	NA	NA	NA	NA	NA	NA	NA	NA	0.00104599980405632	NA	NA	NA	NA	NA	NA	NA	NA	NA	0.000336249323971537	NA	NA	NA	NA	NA	NA	NA	NA	NA	NA	NA	NA	NA	NA	NA	NA	NA	NA	NA	NA	NA	NA	NA	NA	NA	0.000356289563141724	NA	NA	0.000500310803493973	0.000264166789061548	NA	0.00217029078171292	0.000273539676041863	NA	NA	NA	NA	NA	0.00017911563047803	NA	NA	NA	NA	NA	NA	NA	NA	0.000262608636494488	NA	NA	NA	NA	NA	NA	NA	NA	NA	NA	0.000310887394495392	NA	0.00024688328135616	0.000475644049778516	NA	NA	NA	NA	NA	NA	NA	NA	NA	0.00249791033762074	NA	NA	NA	NA	NA	NA	NA	NA	0.000328554447448057	NA	NA	NA	NA	NA	NA	NA	NA	9.91224748429676e-05	NA	NA	NA	NA	NA	NA	NA	NA	0.000618274938609388	NA	NA	NA	0.000323951904480741	NA	NA	NA	0.000246787395044341	NA	0.0116643780601667	0.000423601754038713	NA	NA	NA	NA	NA	NA	NA	NA	NA	0.000218405046745895	0.000172978906521609	NA	NA	NA	0.000544202762729154	NA	0.000283320079847408	0.000107464583971227	NA	NA	0.000225788292755964	0.000498800594082822	NA	NA	NA	NA	NA	NA	NA	NA	NA	NA	NA	NA	NA	NA	NA	NA	NA	0.00203374867368256	NA	NA	NA	0.00794657809200574	0.000357272397837869	NA	NA	NA	NA	NA	NA	0.00178684142074844	NA	NA	0.000398575426653935	NA	0.00521525649983943	0.000711812035788895	NA	0.000545617085828485	0.00260194698594443	NA	NA	0.0130238062459816	0.0463247148239207	0.14934818043378	NA	0.000537059232498633	NA	NA	NA	NA	NA	NA	0.000283559795626956	NA	NA	NA	0.000364847416471576	NA	NA	NA	NA	0.000545569142672575	NA	0.000749735072113338	NA	NA	0.000130764957743262	NA	0.00054247680911641	0.00415849345728141	NA	NA	NA	0.00459463234659047	NA	NA	0.000182112077722376	NA	NA	NA	NA	NA	NA
SLC_SMT_NEG_15J	NA	NA	NA	NA	NA	NA	NA	NA	NA	NA	0.0340335480088313	0.089247597497183	NA	NA	NA	NA	NA	NA	NA	NA	NA	NA	NA	NA	NA	NA	NA	NA	NA	NA	NA	NA	NA	NA	NA	NA	NA	NA	0.0330212446292954	NA	NA	NA	NA	NA	NA	NA	NA	NA	NA	NA	NA	NA	NA	0.0637338878862556	NA	NA	NA	NA	NA	NA	NA	NA	0.0927379829053565	NA	NA	NA	NA	0.0751486391161355	NA	NA	NA	NA	NA	NA	NA	NA	NA	NA	NA	NA	NA	0.0376613501653582	NA	NA	NA	NA	NA	NA	NA	NA	NA	NA	NA	NA	NA	NA	NA	NA	NA	NA	NA	NA	NA	NA	NA	0.0375193528587264	NA	0.0488470734813159	NA	NA	NA	NA	NA	NA	NA	NA	NA	NA	NA	NA	NA	NA	NA	NA	NA	NA	NA	NA	NA	NA	NA	NA	NA	NA	NA	NA	NA	NA	NA	NA	NA	NA	NA	NA	NA	NA	NA	NA	NA	NA	NA	NA	NA	NA	NA	NA	NA	NA	NA	NA	NA	NA	NA	NA	NA	NA	NA	NA	NA	NA	NA	NA	NA	NA	NA	NA	NA	NA	NA	NA	NA	NA	NA	NA	NA	NA	NA	NA	NA	NA	NA	NA	NA	NA	NA	NA	NA	NA	NA	NA	NA	NA	NA	NA	NA	NA	NA	NA	NA	NA	NA	NA	NA	NA	NA	NA	NA	NA	NA	NA	NA	NA	NA	NA	NA	NA	NA	NA	NA	NA	NA	NA	NA	NA	NA	NA	NA	NA	NA	NA	NA	NA	NA	NA	NA	NA	NA	NA	NA	NA	NA	NA	NA	NA	NA	NA	NA	NA	NA	NA	NA	NA	NA	NA	NA	NA	NA	NA	NA	NA	NA	NA	NA	NA	NA	NA	NA	NA	NA	NA	NA	NA	0.0816118068470185	NA	NA	NA	NA	NA	NA	NA	NA	NA	NA	NA	NA	NA	NA	NA	NA	NA	NA	NA	NA	NA	NA	NA	NA	NA	NA	NA	NA	NA	NA	NA	NA	NA	NA	NA	NA	NA	NA	NA	NA	NA	NA	NA	NA	0.181738230255504	NA	NA	NA	NA	NA	NA	NA	NA	NA	NA	NA	NA	NA	NA	NA	NA	NA	NA	NA	NA	NA	0.22469928634902	NA	NA	NA	NA	NA	NA	NA	NA	NA	NA	NA	NA	NA	NA	NA	NA	NA	NA	NA	NA	NA	NA	NA	NA	NA	NA	NA	NA	NA	NA	NA	NA	NA	NA	NA	NA	NA	NA	NA
SLC_SMT_NEG_91J	NA	NA	NA	NA	NA	NA	0.0121322753566953	0.00149459360532612	0.00444586876460648	0.00102634835205634	0.0099871025714739	0.0170537204342291	NA	NA	NA	NA	NA	NA	NA	NA	NA	NA	NA	NA	NA	NA	NA	NA	NA	NA	0.00489662420412184	NA	NA	NA	NA	NA	NA	NA	0.108554142231983	NA	NA	0.00385037726156645	0.0004500223335496	NA	NA	NA	NA	NA	0.00223963872538008	NA	NA	0.0130022626791986	NA	0.00820680709835088	0.00207552771847474	NA	NA	NA	NA	NA	NA	0.00104488546004756	0.176266532194087	NA	NA	NA	NA	0.00416582228568825	NA	NA	0.0011842803229646	NA	NA	0.0197313376094357	NA	0.0019603253524276	NA	0.00315204146447342	NA	0.0159051528447392	0.0019099504996379	0.00239359097818853	NA	NA	NA	NA	NA	NA	NA	0.000436302779047622	NA	NA	NA	NA	0.0152907053160132	0.00398484984157056	NA	0.000973774181369369	NA	NA	0.00241547942773748	0.0204917779547705	0.00101482811545162	NA	0.0563128016534681	0.000878784594092318	NA	0.0743433334223533	0.00118344248757516	NA	NA	NA	NA	NA	NA	NA	NA	NA	NA	NA	NA	NA	NA	NA	NA	NA	NA	NA	NA	NA	NA	NA	NA	NA	NA	NA	NA	NA	NA	NA	NA	NA	NA	NA	NA	NA	NA	NA	NA	NA	NA	NA	NA	NA	NA	NA	NA	NA	NA	NA	NA	NA	NA	NA	NA	NA	NA	NA	NA	NA	NA	NA	NA	NA	NA	NA	NA	NA	NA	NA	NA	NA	NA	NA	NA	NA	NA	NA	NA	NA	NA	NA	NA	NA	NA	NA	NA	NA	NA	NA	NA	NA	NA	NA	NA	0.00846182324500977	0.00107871306389594	NA	NA	NA	NA	NA	0.000733734342296601	NA	0.00142693839762934	NA	NA	NA	NA	NA	NA	NA	NA	NA	NA	NA	NA	NA	NA	NA	0.00122585790416525	0.00150181993555999	NA	NA	NA	0.0015995324878527	NA	NA	NA	NA	NA	0.000836892824620631	NA	NA	NA	0.00382346179968089	NA	NA	NA	NA	NA	NA	NA	NA	NA	NA	NA	NA	NA	0.00245433404392247	NA	NA	NA	NA	NA	NA	NA	NA	0.000881088641413261	0.00374920863829232	NA	NA	0.00136472911996389	NA	NA	NA	NA	NA	NA	NA	NA	NA	0.0125246965072214	0.000778977453326023	NA	NA	0.00151993812585649	0.0455058771534333	NA	NA	NA	NA	NA	NA	NA	NA	NA	NA	0.00127707059234438	NA	NA	NA	NA	NA	0.000319948389340011	NA	0.00455154075309881	NA	NA	NA	NA	NA	NA	NA	NA	NA	NA	NA	NA	NA	NA	NA	NA	0.00875642711381941	NA	NA	NA	0.00964945490953211	NA	NA	NA	NA	NA	0.00142662420935831	NA	NA	NA	0.00152978269168234	0.00164163371617174	NA	0.0071322832114021	0.00107756104023547	NA	0.00119077354723271	0.00512252557099791	NA	NA	0.0107580158591766	0.00895855490152031	0.232487800331259	0.00121831738566034	0.000985294417974083	NA	NA	NA	NA	NA	NA	NA	NA	NA	NA	NA	NA	NA	NA	0.0124569365701009	0.00101325717409643	NA	0.00128115503986787	NA	NA	NA	NA	0.00102613889320898	NA	NA	0.00102592943436162	NA	0.00119004044126695	NA	NA	NA	NA	NA	NA	NA	NA	NA
SLC_SMT_NEG_141J	NA	NA	NA	NA	NA	NA	NA	NA	0.00325689707933105	0.00651568747959064	0.00496974280615064	0.226222745163881	0.000298567083376976	NA	3.67432620879877e-05	0.00516247645864012	NA	NA	0.207530276447961	NA	NA	NA	NA	NA	NA	NA	NA	NA	NA	0.000277483831681074	0.000997651768605633	0.00399410490461257	NA	9.47302267980259e-05	0.00021099296788517	NA	NA	0.000524899159801934	NA	0.035049959283973	0.000138661690377463	NA	NA	NA	0.000137602714264883	6.12280734182363e-05	NA	NA	0.141077086529516	NA	NA	NA	NA	NA	0.00504255543643679	0.000315253979696411	NA	0.000234835975510824	0.00108599604854295	NA	0.000626304145127734	NA	0.146483287944975	NA	NA	NA	NA	0.0337360266497436	NA	NA	NA	NA	NA	NA	NA	NA	NA	NA	NA	0.00366739472878916	0.0027411757125048	NA	0.00138125784284127	NA	NA	NA	NA	NA	NA	NA	NA	NA	NA	NA	0.000235413598844959	0.00159215454017075	0.00144364116292778	0.000361142944574859	0.000225080559201001	0.000429559219484544	0.000447369272287019	NA	0.000812202588163291	0.00853980800313816	NA	NA	NA	0.0569215705604127	0.00104431089792959	NA	0.0003083224996868	NA	NA	NA	NA	NA	NA	NA	NA	NA	NA	NA	NA	NA	NA	NA	NA	NA	NA	NA	NA	NA	NA	NA	NA	NA	NA	NA	NA	NA	NA	NA	NA	NA	NA	NA	NA	NA	NA	NA	NA	NA	NA	NA	NA	NA	NA	NA	NA	NA	NA	NA	NA	NA	NA	NA	NA	NA	NA	NA	NA	NA	NA	NA	NA	NA	NA	NA	NA	NA	NA	NA	NA	NA	NA	NA	NA	NA	NA	NA	NA	NA	NA	NA	NA	NA	NA	NA	NA	NA	NA	NA	NA	NA	NA	NA	NA	NA	NA	NA	NA	NA	NA	NA	NA	NA	NA	NA	NA	NA	NA	NA	NA	NA	NA	NA	NA	NA	NA	NA	NA	NA	NA	NA	NA	NA	NA	NA	NA	NA	NA	NA	NA	1.88369387298243e-05	NA	0.00839106999459858	NA	NA	NA	NA	NA	0.000227711954389835	NA	NA	0.000256689391652239	NA	NA	NA	NA	NA	NA	NA	NA	NA	NA	NA	NA	NA	NA	NA	NA	NA	NA	NA	NA	NA	4.6851670435338e-06	NA	NA	NA	NA	NA	0.00362577375854626	NA	NA	NA	NA	NA	NA	NA	NA	NA	NA	NA	NA	NA	NA	NA	NA	NA	NA	NA	NA	NA	NA	NA	NA	NA	NA	NA	NA	NA	NA	6.75177497232542e-05	NA	NA	NA	NA	NA	NA	NA	1.44405833533576e-06	NA	NA	NA	NA	NA	NA	NA	NA	0.00913277044581226	NA	NA	NA	NA	NA	NA	NA	1.72966098387994e-05	NA	NA	0.000467874900648787	NA	8.23113251141384e-05	0.000497205329948717	NA	NA	0.0444170522623324	0.023453079784929	NA	NA	7.61820997352688e-05	NA	NA	NA	NA	NA	NA	NA	NA	NA	NA	NA	NA	0.000219561047341495	NA	NA	NA	0.000789931999613891	3.17692833773867e-05	NA	NA	NA	NA	NA	NA	NA	NA	NA	0.00398903465534628	NA	NA	NA	NA	NA	NA	NA	NA	NA
SLC_SMT_NEG_194J	NA	NA	NA	NA	NA	NA	NA	NA	NA	NA	NA	NA	NA	NA	NA	NA	NA	NA	NA	NA	NA	NA	NA	NA	NA	NA	NA	NA	NA	NA	NA	NA	NA	NA	NA	NA	NA	NA	NA	NA	NA	NA	NA	NA	NA	NA	NA	NA	NA	NA	NA	NA	NA	NA	NA	NA	NA	NA	NA	NA	NA	NA	0.0420711974110032	NA	NA	NA	NA	NA	NA	NA	NA	NA	NA	NA	NA	NA	NA	NA	NA	NA	NA	NA	NA	NA	NA	NA	NA	NA	NA	NA	NA	NA	NA	NA	NA	NA	NA	NA	NA	NA	NA	NA	NA	NA	NA	NA	NA	NA	NA	NA	NA	NA	NA	NA	NA	NA	NA	NA	NA	NA	NA	NA	NA	NA	NA	NA	NA	NA	NA	NA	NA	NA	NA	NA	NA	NA	NA	NA	NA	NA	NA	NA	NA	NA	NA	NA	NA	NA	NA	NA	NA	NA	NA	NA	NA	NA	NA	NA	NA	NA	NA	NA	NA	NA	NA	NA	NA	NA	NA	NA	NA	NA	NA	NA	NA	NA	NA	NA	NA	NA	NA	NA	NA	NA	NA	NA	NA	NA	NA	NA	NA	NA	NA	NA	NA	NA	NA	NA	NA	NA	NA	NA	NA	NA	NA	NA	NA	NA	NA	NA	NA	NA	NA	NA	NA	NA	NA	NA	NA	NA	NA	NA	NA	NA	NA	NA	NA	NA	NA	NA	NA	NA	NA	NA	NA	NA	NA	NA	NA	NA	NA	NA	NA	NA	NA	NA	NA	NA	NA	NA	NA	NA	NA	NA	NA	NA	NA	NA	NA	NA	NA	NA	NA	NA	NA	NA	NA	NA	NA	NA	NA	NA	NA	NA	NA	NA	NA	NA	NA	NA	NA	NA	NA	NA	NA	NA	NA	NA	NA	NA	NA	NA	NA	NA	NA	NA	NA	NA	NA	NA	NA	NA	NA	NA	NA	NA	NA	NA	NA	NA	NA	NA	NA	NA	NA	NA	NA	NA	NA	NA	NA	NA	NA	NA	NA	NA	NA	NA	NA	NA	NA	NA	NA	NA	NA	NA	NA	NA	0.00954116525800945	NA	NA	0.889800064934385	NA	0.0270001361527424	NA	NA	NA	NA	NA	NA	NA	NA	NA	NA	NA	NA	NA	NA	NA	NA	NA	NA	NA	NA	NA	NA	NA	NA	NA	NA	NA	NA	NA	0.03158743624386	NA	NA	NA	NA	NA	NA	NA	NA	NA	NA	NA	NA	NA	NA	NA
SLC_SMT_NEG_89J	NA	NA	NA	NA	NA	NA	NA	NA	0.00042206276409782	NA	0.00277632447336789	0.0002060939060391	NA	NA	NA	NA	NA	NA	NA	NA	NA	NA	NA	NA	NA	NA	NA	NA	NA	NA	NA	NA	NA	NA	NA	NA	NA	NA	5.68724088537357e-05	NA	NA	NA	NA	NA	0.000155987668013622	NA	NA	NA	0.23917938417239	NA	NA	0.000127277159363987	NA	NA	NA	NA	NA	NA	NA	NA	NA	NA	0.46040098522762	NA	NA	NA	NA	0.00304916574028035	NA	NA	NA	NA	NA	0.0132746785565965	NA	NA	NA	NA	NA	0.000366836180580687	0.00154122399298805	NA	NA	NA	NA	NA	NA	NA	NA	NA	NA	NA	NA	NA	NA	NA	NA	NA	NA	0.000876676295964016	0.000187258349409085	NA	NA	NA	0.158575454051208	NA	NA	0.0169307881071198	NA	NA	NA	NA	NA	NA	NA	NA	NA	NA	NA	NA	NA	NA	NA	NA	NA	NA	NA	NA	NA	NA	NA	NA	NA	0.00208599217940374	NA	NA	NA	NA	NA	NA	NA	NA	NA	NA	NA	NA	0.000648089443658004	NA	NA	NA	NA	NA	NA	NA	NA	NA	NA	NA	NA	0.000892403071402669	NA	NA	NA	NA	NA	NA	NA	NA	NA	NA	NA	NA	NA	NA	NA	NA	NA	NA	NA	NA	NA	NA	NA	NA	NA	NA	NA	NA	NA	NA	NA	NA	NA	NA	0.000194390259201032	4.88261516525641e-05	NA	NA	NA	NA	NA	NA	5.54094529989772e-05	NA	NA	NA	NA	NA	NA	NA	NA	NA	NA	NA	0.000394449472339254	NA	NA	NA	NA	NA	NA	NA	0.000156719145941002	NA	NA	NA	NA	NA	0.000397923992494305	NA	NA	NA	NA	NA	NA	NA	NA	NA	NA	NA	NA	NA	NA	NA	NA	NA	NA	NA	NA	NA	NA	NA	NA	NA	NA	NA	NA	NA	NA	NA	NA	NA	NA	NA	NA	NA	NA	NA	NA	0.0145543991905465	NA	NA	NA	NA	NA	NA	NA	NA	NA	NA	NA	NA	NA	NA	NA	NA	NA	0.00209202687230462	NA	NA	NA	NA	NA	NA	NA	NA	NA	NA	NA	NA	NA	NA	NA	NA	NA	NA	NA	NA	NA	NA	NA	NA	NA	NA	NA	NA	NA	NA	NA	NA	NA	NA	0.00027759587344042	NA	NA	NA	NA	0.00448962864877191	NA	NA	NA	NA	NA	NA	NA	NA	NA	NA	0.000728186276706031	NA	NA	0.00447371900385141	NA	0.00910580297898043	NA	NA	NA	0.0196467656514789	0.0316338601864062	NA	NA	NA	NA	NA	NA	NA	NA	NA	NA	NA	NA	NA	NA	NA	NA	NA	0.000338674280376587	NA	NA	NA	NA	NA	NA	NA	NA	NA	NA	NA	0.00956754842063858	9.05203935131806e-05	NA	NA	NA	NA	NA	NA	NA	NA	NA
