"","pathway","pval","padj","log2err","ES","NES","size"
"1","CUI_B_CELL_41BBL_RESPONSE_UP",0.926216640502355,1,0.0380842053196415,0.265314464273653,0.634902966177097,12
"2","CUI_B_CELL_CD40L_RESPONSE_UP",3.10918518008328e-20,1.61988547882339e-18,1.16017957183021,0.62147686312964,2.39557441522263,194
"3","CUI_B_CELL_EGF_RESPONSE_DN",0.563025210084034,0.821669844408352,0.0911073131586733,-0.319758552106208,-0.907048180969645,15
"4","CUI_B_CELL_GM_CSF_RESPONSE_UP",0.167456556082148,0.42351876562524,0.132846300606183,0.530722171042962,1.28929639724764,13
"5","CUI_B_CELL_IFNA1_RESPONSE_DN",0.709567198177677,0.920222308531691,0.0355420211253902,0.235736470938134,0.899460796017652,177
"6","CUI_B_CELL_IFNA1_RESPONSE_UP",2.67840386895022e-12,5.8143683988461e-11,0.898671232061694,0.443419690098497,1.81252033538574,493
"7","CUI_B_CELL_IFNB_RESPONSE_DN",0.857961053837342,1,0.0264649017470855,0.214347377303466,0.815682653287303,170
"8","CUI_B_CELL_IFNB_RESPONSE_UP",3.97160796894021e-05,0.000440256968471883,0.557332238758646,0.369982463245015,1.50220531141273,415
"9","CUI_B_CELL_IFNE_RESPONSE_UP",0.375,0.666808873720137,0.0756946307932749,0.346689865994859,1.05284448005917,35
"10","CUI_B_CELL_IFNG_RESPONSE_UP",0.756038647342995,0.951439940255315,0.0353157046479879,0.238410704165776,0.861079215637918,109
"11","CUI_B_CELL_IFNK_RESPONSE_UP",0.516528925619835,0.786738431636391,0.120985142145252,-0.244904836791654,-0.970025038533455,68
"12","CUI_B_CELL_IL10_RESPONSE_UP",0.00288760040285684,0.0192876898703643,0.431707695803346,0.591409990892758,1.73642877050141,30
"13","CUI_B_CELL_IL12_RESPONSE_UP",0.41304347826087,0.710216673841297,0.0723570851036907,0.36645241439245,1.03862405594251,25
"14","CUI_B_CELL_IL15_RESPONSE_UP",0.769230769230769,0.961077292012544,0.11331290842208,-0.210114360548006,-0.899973787862829,101
"15","CUI_B_CELL_IL17E_RESPONSE_UP",0.28902627511592,0.580874785591767,0.0952879846194844,0.460202348780004,1.16466317595242,16
"16","CUI_B_CELL_IL18_RESPONSE_UP",0.541191381495564,0.805825868402397,0.0529129848430583,0.275622477822415,0.964598519775806,87
"17","CUI_B_CELL_IL1A_RESPONSE_DN",0.546052631578947,0.805825868402397,0.102449405629826,-0.293368673956439,-0.949679482153068,27
"18","CUI_B_CELL_IL1A_RESPONSE_UP",0.62516733601071,0.85264969126068,0.0487989701682839,0.281914294444451,0.913332894149993,53
"19","CUI_B_CELL_IL21_RESPONSE_UP",2.38897160563926e-16,8.29769471025371e-15,1.03769615548758,0.605960238458066,2.30849933849764,172
"20","CUI_B_CELL_IL23_RESPONSE_UP",0.991489361702128,1,0.0299906706583812,0.171175023772934,0.512219394684156,32
"21","CUI_B_CELL_IL27_RESPONSE_UP",0.19281045751634,0.462922803530014,0.125033367555272,0.551827941415065,1.25307145936004,10
"22","CUI_B_CELL_IL2_RESPONSE_UP",0.472353870458136,0.758639219934995,0.0699458736501659,0.408367927457661,0.992058229992481,13
"23","CUI_B_CELL_IL33_RESPONSE_UP",0.648286140089419,0.878279662848498,0.0520570030732099,0.316973436596791,0.867572316364393,21
"24","CUI_B_CELL_IL36A_RESPONSE_UP",0.0276725240570852,0.125368565510795,0.352487857583619,0.551942891793995,1.564353630673,25
"25","CUI_B_CELL_IL4_RESPONSE_DN",0.541223404255319,0.805825868402397,0.0551351763385257,0.290306739977809,0.95895116295873,60
"26","CUI_B_CELL_IL5_RESPONSE_UP",4.86709654172674e-05,0.000516779234148672,0.557332238758646,0.632606220243401,1.96374649294227,40
"27","CUI_B_CELL_IL7_RESPONSE_UP",0.283667621776504,0.572832678083561,0.0919686140000427,0.393749908605884,1.1425626794046,28
"28","CUI_B_CELL_LTA1_B2_RESPONSE_DN",0.124653739612188,0.341813675462895,0.211400189384923,-0.470613736908439,-1.3086720897183,14
"29","CUI_B_CELL_TNFA_RESPONSE_UP",0.879487179487179,1,0.0632191170859458,-0.277000575336628,-0.704143531033012,10
"30","CUI_CDC1_C5A_RESPONSE_DN",0.021679557304936,0.10556120893338,0.352487857583619,-0.666846593559607,-1.74672880218363,11
"31","CUI_CDC1_EGF_RESPONSE_DN",0.0527766755633405,0.197222933281495,0.321775918075361,-0.503269648120215,-1.51301214562395,19
"32","CUI_CDC1_FLT3L_RESPONSE_DN",0.331034482758621,0.620391962292235,0.140406238523342,-0.314273314917489,-1.06820958046738,35
"33","CUI_CDC1_FLT3L_RESPONSE_UP",1.90414137734959e-08,2.83445045028325e-07,0.73376198835648,0.580121942190561,2.07421736121095,102
"34","CUI_CDC1_GM_CSF_RESPONSE_DN",0.585253456221198,0.827068521731242,0.119887845115423,-0.23144063872112,-0.962305175507764,82
"35","CUI_CDC1_GM_CSF_RESPONSE_UP",1.42371726555908e-12,3.37162134252854e-11,0.910119734774459,0.49043232930908,1.95628626168069,312
"36","CUI_CDC1_IFNA1_RESPONSE_DN",7.1069484433256e-13,1.76320006617745e-11,0.921426003494898,0.453803940286952,1.84557271194654,452
"37","CUI_CDC1_IFNB_RESPONSE_DN",0.0894039735099338,0.264656080674293,0.154190966581424,0.314892321723367,1.2233449492745,213
"38","CUI_CDC1_IFNB_RESPONSE_UP",0.257414236690404,0.540777489176212,0.203508959461977,-0.209710022856513,-1.06207886311902,435
"39","CUI_CDC1_IFNE_RESPONSE_UP",0.0127176812887671,0.0669284035499766,0.380730400722792,0.465133976246477,1.50691954634602,53
"40","CUI_CDC1_IFNG_RESPONSE_DN",0.647058823529412,0.878279662848498,0.0471642455670861,0.275908877992262,0.892406030114362,51
"41","CUI_CDC1_IFNG_RESPONSE_UP",1,1,0.0164369248025913,0.161188880485374,0.619717006927664,190
"42","CUI_CDC1_IFNK_RESPONSE_DN",0.594155844155844,0.834380578989743,0.0965629554309422,-0.280937004463073,-0.935251971581746,29
"43","CUI_CDC1_IFNK_RESPONSE_UP",0.0997652582159624,0.284088510518539,0.150169802128406,0.34251763292681,1.2644172873899,133
"44","CUI_CDC1_IFNL2_RESPONSE_UP",0.0032482920501478,0.0211545019765875,0.431707695803346,0.459782353628841,1.60303785726292,85
"45","CUI_CDC1_IL10_RESPONSE_DN",0.0229832792827613,0.109855857856134,0.352487857583619,-0.358189685101551,-1.40180814971025,63
"46","CUI_CDC1_IL10_RESPONSE_UP",0.00293372445914441,0.0193477271292941,0.431707695803346,0.448255268706576,1.56876308526135,87
"47","CUI_CDC1_IL11_RESPONSE_UP",0.00808826395380668,0.04630753318608,0.380730400722792,0.74165352878963,1.68412071936192,10
"48","CUI_CDC1_IL12_RESPONSE_UP",0.677835051546392,0.90089811697875,0.0433636987883266,0.256705778012622,0.88418206506096,77
"49","CUI_CDC1_IL13_RESPONSE_DN",0.571847507331378,0.826567615210275,0.0571258510018113,0.326798054227924,0.916961337461108,24
"50","CUI_CDC1_IL13_RESPONSE_UP",0.000103387273064017,0.00105617194639907,0.538434096309916,0.533299806124288,1.82344461258689,72
"51","CUI_CDC1_IL15_RESPONSE_DN",0.192519251925193,0.462922803530014,0.0992333343771191,0.291215121176033,1.13519909738211,227
"52","CUI_CDC1_IL15_RESPONSE_UP",0.0123416801135212,0.0662888179293253,0.380730400722792,-0.244301481424163,-1.22186405842847,397
"53","CUI_CDC1_IL18_RESPONSE_DN",0.692307692307692,0.906262079628914,0.138022242496643,-0.207629624417138,-0.923437350109258,139
"54","CUI_CDC1_IL18_RESPONSE_UP",0.921079958463136,1,0.016356070983033,0.203754231261399,0.824435293433769,379
"55","CUI_CDC1_IL1A_RESPONSE_DN",0.317987152034261,0.60025835583279,0.0702812841717392,0.267880823394957,1.06359094681305,299
"56","CUI_CDC1_IL1A_RESPONSE_UP",0.0638916055327229,0.213577033255742,0.287805130535564,-0.22785605197253,-1.12998249496424,321
"57","CUI_CDC1_IL1B_RESPONSE_DN",0.943478260869565,1,0.0178589946943486,0.198645734653017,0.778898685958047,246
"58","CUI_CDC1_IL1B_RESPONSE_UP",0.619718309859155,0.849666419570052,0.213927855492356,-0.19886885106678,-0.963944901252223,282
"59","CUI_CDC1_IL2_RESPONSE_DN",0.483695652173913,0.767219952332312,0.14641623786055,-0.232648792854909,-0.999256221525496,98
"60","CUI_CDC1_IL2_RESPONSE_UP",0.750841750841751,0.94948677715668,0.0321428397352941,0.229525703138671,0.884081376801265,192
"61","CUI_CDC1_IL33_RESPONSE_DN",0.330128205128205,0.620391962292235,0.135002033828631,-0.338153934068122,-1.07387020553364,25
"62","CUI_CDC1_IL33_RESPONSE_UP",0.795238095238095,0.974868347338935,0.0322153154599285,0.230447366128603,0.840710254328757,118
"63","CUI_CDC1_IL36A_RESPONSE_DN",0.295454545454545,0.580874785591767,0.195789002148949,-0.24267386944478,-1.06270818800652,111
"64","CUI_CDC1_IL36A_RESPONSE_UP",0.926803013993541,1,0.0183973177537706,0.202083959079815,0.79815101285923,261
"65","CUI_CDC1_IL3_RESPONSE_DN",0.0546133093885191,0.198020429170956,0.321775918075361,-0.308206690304172,-1.26608798356165,80
"66","CUI_CDC1_IL3_RESPONSE_UP",2.02315663718394e-09,3.19413517567525e-08,0.774939030136436,0.519455069847419,1.98199908890204,177
"67","CUI_CDC1_IL7_RESPONSE_DN",0.930513595166163,1,0.0684714904492087,-0.21837453464427,-0.678073917510356,21
"68","CUI_CDC1_IL7_RESPONSE_UP",0.585774058577406,0.827068521731242,0.0536769600638126,0.302929153316051,0.918932347390568,34
"69","CUI_CDC1_LIF_RESPONSE_UP",0.0401854714064915,0.168843795183726,0.282013350011725,0.590639734537087,1.49476931374485,16
"70","CUI_CDC1_NOGGIN_RESPONSE_DN",0.0728291316526611,0.229650308551278,0.282013350011725,-0.513086412457102,-1.45545472993283,15
"71","CUI_CDC1_OSM_RESPONSE_DN",0.649016641452345,0.878279662848498,0.0526973085708419,0.323051048199492,0.865009795486295,20
"72","CUI_CDC1_OSM_RESPONSE_UP",0.734870317002882,0.938386491557223,0.044774889329693,0.282926233118379,0.82265693655315,29
"73","CUI_CDC1_PERSEPHIN_RESPONSE_DN",0.583987441130298,0.827068521731242,0.0593487680335629,0.379203725595456,0.907442309355725,12
"74","CUI_CDC1_SCF_RESPONSE_UP",0.867269984917044,1,0.0392758570896778,0.263939737543586,0.698182842796332,19
"75","CUI_CDC1_TL1A_RESPONSE_DN",0.0183523880756251,0.0919384056480836,0.352487857583619,-0.449465405343993,-1.52772516560358,35
"76","CUI_CDC1_TL1A_RESPONSE_UP",0.2710027100271,0.558072774403633,0.0913924325943768,0.360370979991067,1.12639306235512,41
"77","CUI_CDC1_TNFA_RESPONSE_DN",0.000178489743952737,0.00166059208213171,0.518848077743792,0.3693912508079,1.49004341991109,353
"78","CUI_CDC1_TNFA_RESPONSE_UP",0.00526583660858484,0.0322764808596789,0.407017918923954,-0.259730914567116,-1.28974051437608,301
"79","CUI_CDC2_ADIPONECTIN_RESPONSE_DN",0.779527559055118,0.96172155834062,0.0919686140000427,-0.22923789228742,-0.845926208452626,51
"80","CUI_CDC2_ADIPONECTIN_RESPONSE_UP",0.970260223048327,1,0.0768736734126542,-0.18737168188938,-0.667665264312888,43
"81","CUI_CDC2_BAFF_RESPONSE_DN",0.0721861962326819,0.229323220958703,0.287805130535564,-0.401306753628738,-1.34922005576226,31
"82","CUI_CDC2_BAFF_RESPONSE_UP",0.308056872037915,0.594435667895384,0.0928481214159878,0.463570783928021,1.126163884228,13
"83","CUI_CDC2_CARDIOTROPHIN_1_RESPONSE_DN",0.233552631578947,0.500744531080788,0.165656695205483,-0.355279194110893,-1.16116670856255,28
"84","CUI_CDC2_CARDIOTROPHIN_1_RESPONSE_UP",1.71758841303186e-05,0.00020810780539293,0.575610261071129,0.58614520638425,1.93907991554457,61
"85","CUI_CDC2_CD30L_RESPONSE_DN",0.00766785710303292,0.044388372785335,0.407017918923954,-0.60662189506299,-1.76166283205475,16
"86","CUI_CDC2_EGF_RESPONSE_DN",0.00456836128336737,0.0283347170075524,0.407017918923954,-0.661692668766412,-1.84002008371952,14
"87","CUI_CDC2_FASL_RESPONSE_DN",0.232686980609418,0.500744531080788,0.151148761385484,-0.423934496045657,-1.17886750711589,14
"88","CUI_CDC2_FLT3L_RESPONSE_DN",0.241095890410959,0.514799011902089,0.147331213699377,-0.446310877371799,-1.18503361023187,12
"89","CUI_CDC2_FLT3L_RESPONSE_UP",0.0170398157796043,0.0861916895259595,0.352487857583619,0.549071708077556,1.58057315142796,27
"90","CUI_CDC2_GM_CSF_RESPONSE_DN",0.962162162162162,1,0.0982123351217438,-0.181723547428568,-0.766509704198518,92
"91","CUI_CDC2_GM_CSF_RESPONSE_UP",1.13242319366303e-14,3.68745302436523e-13,0.986546283587582,0.488496966082547,1.97579472799089,367
"92","CUI_CDC2_IFNA1_RESPONSE_DN",0.0990712074303406,0.284088510518539,0.140406238523342,0.287675058122421,1.16802022582969,415
"93","CUI_CDC2_IFNB_RESPONSE_DN",0.0820568927789934,0.250009597297401,0.160801401070022,0.311399566266897,1.2183879522106,237
"94","CUI_CDC2_IFNE_RESPONSE_DN",0.00959219842651871,0.0531652700023005,0.380730400722792,-0.627530241570555,-1.74502197490539,14
"95","CUI_CDC2_IFNE_RESPONSE_UP",0.290155440414508,0.580874785591767,0.0850427463764322,0.322787522801071,1.10749415622787,74
"96","CUI_CDC2_IFNG_RESPONSE_DN",0.959731543624161,1,0.111918316325105,-0.175270567198547,-0.798730670365705,148
"97","CUI_CDC2_IFNG_RESPONSE_UP",1,1,0.00773927265828568,0.17825876903233,0.727052605833908,475
"98","CUI_CDC2_IFNK_RESPONSE_DN",0.0688577026033888,0.221351732576517,0.287805130535564,-0.548285782042585,-1.50304463195997,13
"99","CUI_CDC2_IFNK_RESPONSE_UP",0.691428571428571,0.906262079628914,0.123257226381337,-0.209653831766399,-0.922107815972807,113
"100","CUI_CDC2_IFNL2_RESPONSE_DN",0.207692307692308,0.481656161166728,0.154190966581424,-0.479268172406114,-1.21831365447404,10
"101","CUI_CDC2_IFNL2_RESPONSE_UP",0.454293628808864,0.749424626006904,0.0653834195468773,0.320490140444802,0.989845711415784,38
"102","CUI_CDC2_IL10_RESPONSE_DN",0.417721518987342,0.713550529155426,0.172324344900946,-0.232172397093376,-1.01702354020781,121
"103","CUI_CDC2_IL10_RESPONSE_UP",1.18712149833914e-06,1.67159540712079e-05,0.643551836150722,0.475637335002713,1.8100017284944,170
"104","CUI_CDC2_IL11_RESPONSE_UP",0.0122286751808402,0.0662888179293253,0.380730400722792,0.576202207935691,1.60194178405468,23
"105","CUI_CDC2_IL12_RESPONSE_UP",0.916167664670659,1,0.107554375265169,-0.182980190547211,-0.809288589674655,117
"106","CUI_CDC2_IL13_RESPONSE_DN",0.185770750988142,0.460888386975344,0.206587922696891,-0.301887134292146,-1.17319589942065,61
"107","CUI_CDC2_IL13_RESPONSE_UP",3.25206961812339e-19,1.54029842822026e-17,1.13308993200902,0.556783261830922,2.2008559557388,284
"108","CUI_CDC2_IL15_RESPONSE_DN",1,1,0.0142522226913804,0.151717387266466,0.593793799697484,242
"109","CUI_CDC2_IL17E_RESPONSE_UP",0.772853185595568,0.96172155834062,0.0734381410838857,-0.292699982230358,-0.813933524172579,14
"110","CUI_CDC2_IL18_RESPONSE_DN",0.872340425531915,1,0.153158808683073,-0.183577237790494,-0.874684870017516,229
"111","CUI_CDC2_IL1A_RESPONSE_UP",0.00637817907782275,0.0377617193130188,0.407017918923954,-0.236866272172883,-1.21217664468827,475
"112","CUI_CDC2_IL1B_RESPONSE_UP",1,1,0.0086840800745758,0.168969159581293,0.686258116989352,425
"113","CUI_CDC2_IL27_RESPONSE_DN",0.016672841329402,0.0851622581629257,0.352487857583619,-0.558724600904826,-1.64207992764397,17
"114","CUI_CDC2_IL27_RESPONSE_UP",0.0190145792199816,0.0943485311772422,0.352487857583619,0.424908706039452,1.46115677164919,76
"115","CUI_CDC2_IL2_RESPONSE_DN",0.0389507368689622,0.167540315935793,0.321775918075361,-0.248098411900684,-1.17577003022531,233
"116","CUI_CDC2_IL2_RESPONSE_UP",0.0997854077253219,0.284088510518539,0.142901149386948,0.30073756321436,1.18917801315628,283
"117","CUI_CDC2_IL33_RESPONSE_DN",0.144981412639405,0.381491494874394,0.227987202850442,-0.348700483323341,-1.23823081665054,42
"118","CUI_CDC2_IL33_RESPONSE_UP",0.208008898776418,0.481656161166728,0.0952879846194844,0.294854108380959,1.13751402919201,199
"119","CUI_CDC2_IL36A_RESPONSE_DN",0.973432518597237,1,0.0138978052489646,0.189024596894721,0.753873328487707,307
"120","CUI_CDC2_IL36A_RESPONSE_UP",0.585139318885449,0.827068521731242,0.0399218624292714,0.23802757821216,0.968700623653911,455
"121","CUI_CDC2_IL3_RESPONSE_DN",0.454545454545455,0.749424626006904,0.155241966228839,-0.227150056593969,-0.994726896640525,111
"122","CUI_CDC2_IL3_RESPONSE_UP",2.12970485877943e-13,5.54788115712042e-12,0.943632225232838,0.487961643141749,1.96338685597455,342
"123","CUI_CDC2_IL4_RESPONSE_DN",0.363380281690141,0.659655493939245,0.118815039412263,-0.371049650455475,-1.07754827739352,16
"124","CUI_CDC2_IL4_RESPONSE_UP",7.50552203713902e-10,1.3965632076248e-08,0.801215574617779,0.520716036292872,2.00586670072009,187
"125","CUI_CDC2_IL5_RESPONSE_UP",0.215686274509804,0.487656487656488,0.158514105424824,-0.421779752925981,-1.19644824240468,15
"126","CUI_CDC2_IL7_RESPONSE_DN",0.0279134920953855,0.125370080876688,0.352487857583619,-0.357493492428065,-1.37217659684879,57
"127","CUI_CDC2_IL7_RESPONSE_UP",0.354460093896714,0.652557275336353,0.0694481442003175,0.283149966617196,1.04657195426583,135
"128","CUI_CDC2_LEPTIN_RESPONSE_UP",0.728549141965679,0.934911583655465,0.0487989701682839,0.322024680017503,0.798905979856479,14
"129","CUI_CDC2_LIF_RESPONSE_DN",0.101973684210526,0.288740703661327,0.257206466468838,-0.40791277013732,-1.32047632449385,27
"130","CUI_CDC2_LIF_RESPONSE_UP",0.00012600709009383,0.00122744987050401,0.518848077743792,0.496674299705723,1.75590280336791,91
"131","CUI_CDC2_M_CSF_RESPONSE_UP",0.000191239011377932,0.0017479916654018,0.518848077743792,0.410257204632375,1.5817191679884,203
"132","CUI_CDC2_NEUROPOIETIN_RESPONSE_DN",0.042788146276695,0.172811040388823,0.321775918075361,-0.626243853797568,-1.64037454368567,11
"133","CUI_CDC2_NEUROPOIETIN_RESPONSE_UP",0.132332878581173,0.357762656844997,0.139599673451922,0.412069308076542,1.27915223197317,40
"134","CUI_CDC2_OSM_RESPONSE_DN",0.484098939929329,0.767219952332312,0.114750719227023,-0.283488094137444,-0.971724779619108,36
"135","CUI_CDC2_OSM_RESPONSE_UP",0.117647058823529,0.324307500778089,0.140406238523342,0.344549386932831,1.23593798494994,105
"136","CUI_CDC2_TL1A_RESPONSE_DN",0.0228626080019189,0.109855857856134,0.352487857583619,-0.330761346288365,-1.39447905215104,88
"137","CUI_CDC2_TL1A_RESPONSE_UP",0.0561660561660562,0.199064729676975,0.208955027549354,0.375244339059027,1.33778174100147,95
"138","CUI_CDC2_TNFA_RESPONSE_DN",1,1,0.231126709673834,-0.154018040240325,-0.762926280155116,381
"139","CUI_CDC2_TPO_RESPONSE_DN",0.0820512820512821,0.250009597297401,0.252961123069611,-0.564380200733126,-1.43467090964123,10
"140","CUI_CDC2_TSLP_RESPONSE_UP",0.97071129707113,1,0.083129129135339,-0.182294318609688,-0.712985719979833,65
"141","CUI_ETAC_IFNA1_RESPONSE_UP",0.964383561643836,1,0.0619762736001998,-0.227036986488331,-0.602822994901605,12
"142","CUI_ETAC_IFNB_RESPONSE_UP",0.11400651465798,0.317633123726245,0.241339976815091,-0.411087855583424,-1.3161239361331,26
"143","CUI_ETAC_IFNG_RESPONSE_UP",0.0974358974358974,0.283598338346942,0.231126709673834,-0.552093439742836,-1.40343760531272,10
"144","CUI_ETAC_IL15_RESPONSE_UP",0.976401179941003,1,0.0649407684612899,-0.193109891768338,-0.580558777539929,19
"145","CUI_ILC_IFNA1_RESPONSE_UP",0.39193083573487,0.685221360462642,0.0747385227439092,0.359916041379859,1.04651811447264,29
"146","CUI_ILC_IFNB_RESPONSE_UP",0.25,0.527327935222672,0.16823816568964,-0.312080607817573,-1.12826617184763,45
"147","CUI_ILC_IFNG_RESPONSE_UP",0.767511177347243,0.961077292012544,0.0443293451680314,0.286458272662755,0.784050770386496,21
"148","CUI_ILC_IL15_RESPONSE_UP",0.978851963746224,1,0.065981614400873,-0.195359087891335,-0.606608743384464,21
"149","CUI_ILC_IL18_RESPONSE_UP",0.953757225433526,1,0.0650877566917313,-0.222059627388874,-0.652628605013731,17
"150","CUI_ILC_IL1A_RESPONSE_UP",0.155339805825243,0.398679994260845,0.128788713061714,0.410642240396007,1.26359836423019,37
"151","CUI_ILC_IL1B_RESPONSE_UP",0.421705426356589,0.715662954826655,0.0747385227439092,0.41543018366118,1.03832027816039,15
"152","CUI_ILC_IL23_RESPONSE_UP",0.473239436619718,0.758639219934995,0.101713902282311,-0.341800776673618,-0.992607964094065,16
"153","CUI_ILC_IL2_RESPONSE_UP",0.369397217928903,0.663641208761925,0.0815265143256594,0.42272170217562,1.06980853423506,16
"154","CUI_ILC_IL36A_RESPONSE_UP",0.982839313572543,1,0.0350150690873584,0.211916461916462,0.525740227879078,14
"155","CUI_ILC_TL1A_RESPONSE_UP",0.818428184281843,0.987039546321389,0.0694481442003175,-0.274651075595032,-0.75291542906192,13
"156","CUI_ILC_TRAIL_RESPONSE_UP",0.504885993485342,0.779618536689321,0.106729884364606,-0.302754916123017,-0.969289134863797,26
"157","CUI_LANGERHANS_GM_CSF_RESPONSE_DN",0.76078431372549,0.955105126387904,0.0931454575337804,-0.221670177685782,-0.853324220982586,58
"158","CUI_LANGERHANS_GM_CSF_RESPONSE_UP",0.000332229361339266,0.00274748408345647,0.49849310876659,-0.286806759839799,-1.40977142136752,312
"159","CUI_LANGERHANS_IFNA1_RESPONSE_UP",0.40080971659919,0.698400877418656,0.138022242496643,-0.280194897846853,-1.04019663434481,52
"160","CUI_LANGERHANS_IFNB_RESPONSE_UP",0.21875,0.491244612068966,0.166933848713193,-0.374908566900132,-1.19289991710545,24
"161","CUI_LANGERHANS_IFNG_RESPONSE_UP",0.0106413717286895,0.0583595228489184,0.380730400722792,-0.371204982157417,-1.55432941446358,85
"162","CUI_LANGERHANS_IL15_RESPONSE_UP",0.898595943837754,1,0.0391956336118146,0.26672222685858,0.661706990862856,14
"163","CUI_LANGERHANS_IL18_RESPONSE_DN",0.128205128205128,0.349711370653779,0.199915231309662,-0.523438774984937,-1.33059661283942,10
"164","CUI_LANGERHANS_IL18_RESPONSE_UP",0.0502068050556779,0.190932448423417,0.321775918075361,-0.276273963340765,-1.2547795349338,147
"165","CUI_LANGERHANS_IL1A_RESPONSE_DN",0.71003717472119,0.920222308531691,0.0940503465727813,-0.245072312854559,-0.877854380030773,44
"166","CUI_LANGERHANS_IL1A_RESPONSE_UP",0.027095531559546,0.123844992201134,0.352487857583619,-0.277668106235572,-1.28379970885715,164
"167","CUI_LANGERHANS_IL1B_RESPONSE_DN",0.216216216216216,0.487656487656488,0.224966093540314,-0.262429701131286,-1.10692816331971,92
"168","CUI_LANGERHANS_IL1B_RESPONSE_UP",0.2,0.475772860545118,0.271288554688953,-0.240168212623779,-1.11244444838026,166
"169","CUI_LANGERHANS_IL36A_RESPONSE_UP",0.293893129770992,0.580874785591767,0.158514105424824,-0.303177783748921,-1.09734457721535,48
"170","CUI_LANGERHANS_IL3_RESPONSE_UP",0.378676470588235,0.668781156530409,0.135002033828631,-0.287482886790036,-1.04249116515259,47
"171","CUI_LANGERHANS_SCF_RESPONSE_UP",0.501633986928105,0.779618536689321,0.0686325631836726,0.430185018576806,0.976848993257861,10
"172","CUI_LANGERHANS_TNFA_RESPONSE_DN",0.984917043740573,1,0.0333092817548776,0.200256928903155,0.529726797535285,19
"173","CUI_LANGERHANS_TNFA_RESPONSE_UP",0.970449172576832,1,0.0213630317196063,0.189418015021862,0.694259300767368,123
"174","CUI_LANGERHANS_TRAIL_RESPONSE_UP",0.0916271721958926,0.268189644461011,0.184706471207739,0.580659802036817,1.4106111099926,13
"175","CUI_LANGERHANS_TSLP_RESPONSE_UP",0.226315789473684,0.495422379478107,0.216542836735348,-0.25536464036877,-1.10200437836111,102
"176","CUI_MACROPHAGE_CARDIOTROPHIN_1_RESPONSE_UP",0.19136690647482,0.462922803530014,0.116739204791222,0.430435641226014,1.22897201517903,26
"177","CUI_MACROPHAGE_GM_CSF_RESPONSE_UP",0.0154097813866283,0.079490060420132,0.380730400722792,0.489729588679629,1.54321916560834,43
"178","CUI_MACROPHAGE_IFNA1_RESPONSE_UP",0.0283085848679731,0.126057886463367,0.352487857583619,-0.253179631600738,-1.19985057872436,233
"179","CUI_MACROPHAGE_IFNB_RESPONSE_DN",0.0789889415481833,0.244959753253592,0.199915231309662,0.593265493912028,1.441234426685,13
"180","CUI_MACROPHAGE_IFNB_RESPONSE_UP",0.0872125110877958,0.259644104438523,0.287805130535564,-0.236948364826549,-1.14787341534646,275
"181","CUI_MACROPHAGE_IFNE_RESPONSE_UP",0.509868421052632,0.779618536689321,0.106729884364606,-0.299744007664593,-0.979659852196709,28
"182","CUI_MACROPHAGE_IFNG_RESPONSE_DN",0.876923076923077,1,0.0840745577910723,-0.216483222891914,-0.797819142918904,50
"183","CUI_MACROPHAGE_IFNG_RESPONSE_UP",0.96551724137931,1,0.128788713061714,-0.171490735672428,-0.790381895405776,183
"184","CUI_MACROPHAGE_IFNK_RESPONSE_UP",0.263779527559055,0.547526429714214,0.170932335370056,-0.298083735966565,-1.12867357395871,55
"185","CUI_MACROPHAGE_IL10_RESPONSE_UP",0.0663507109004739,0.218377421758569,0.219250346703755,0.606834823756864,1.47419873275051,13
"186","CUI_MACROPHAGE_IL12_RESPONSE_UP",0.96474358974359,1,0.0696133438850965,-0.209509610109786,-0.665336420497018,25
"187","CUI_MACROPHAGE_IL13_RESPONSE_UP",0.00905014295495254,0.0507002632207556,0.380730400722792,0.5806340957252,1.65781591104432,26
"188","CUI_MACROPHAGE_IL15_RESPONSE_DN",0.00564874522886681,0.0338275432671219,0.407017918923954,0.557170251659548,1.66726081148177,32
"189","CUI_MACROPHAGE_IL15_RESPONSE_UP",3.70725939696605e-06,4.95251832261362e-05,0.627256739718528,-0.295736821257867,-1.50762772677926,433
"190","CUI_MACROPHAGE_IL18_RESPONSE_DN",0.89409984871407,1,0.0380056241581377,0.250509262596337,0.670770044590806,20
"191","CUI_MACROPHAGE_IL18_RESPONSE_UP",0.983516483516483,1,0.0978773277424561,-0.175352175996708,-0.751078420485639,101
"192","CUI_MACROPHAGE_IL1A_RESPONSE_DN",0.0655737704918033,0.217604677874073,0.213927855492356,0.524510927842628,1.43561291921669,21
"193","CUI_MACROPHAGE_IL1A_RESPONSE_UP",0.797219003476246,0.975002584063671,0.0307752597613667,0.226398242403168,0.855810066930056,161
"194","CUI_MACROPHAGE_IL1B_RESPONSE_DN",0.0243975120020353,0.114514448225769,0.352487857583619,0.504019038571094,1.55093063992912,37
"195","CUI_MACROPHAGE_IL1B_RESPONSE_UP",0.0575373993095512,0.201187819062256,0.199915231309662,0.345535311664014,1.3046171188142,155
"196","CUI_MACROPHAGE_IL2_RESPONSE_UP",0.997138769670958,1,0.0301329841082956,0.164114470991201,0.481853694514972,30
"197","CUI_MACROPHAGE_IL31_RESPONSE_UP",0.0056382650803583,0.0338275432671219,0.407017918923954,0.667772858657768,1.68997498696159,16
"198","CUI_MACROPHAGE_IL33_RESPONSE_UP",0.834821428571429,0.99986658456486,0.0404114482034376,0.268074121771114,0.739911707962244,22
"199","CUI_MACROPHAGE_IL36A_RESPONSE_DN",0.0915032679738562,0.268189644461011,0.188204146308491,0.616998201023259,1.40105779021654,10
"200","CUI_MACROPHAGE_IL36A_RESPONSE_UP",0.00266742801103011,0.0182346602622619,0.431707695803346,0.4184664665531,1.53284495667914,125
"201","CUI_MACROPHAGE_IL36RA_RESPONSE_UP",0.681372549019608,0.903295414858055,0.0540088272801684,0.373527446786559,0.848192974164401,10
"202","CUI_MACROPHAGE_IL3_RESPONSE_UP",0.185567010309278,0.460888386975344,0.120433371642259,0.451180937615584,1.25436103191059,23
"203","CUI_MACROPHAGE_IL4_RESPONSE_UP",0.00269494978924024,0.0182346602622619,0.431707695803346,0.588070793162854,1.70991749986406,29
"204","CUI_MACROPHAGE_IL5_RESPONSE_UP",0.146341463414634,0.383135188135801,0.191892240384838,-0.472782151765654,-1.296062561846,13
"205","CUI_MACROPHAGE_IL7_RESPONSE_UP",0.995238095238095,1,0.0202691096367175,0.174865221139851,0.640532261833675,125
"206","CUI_MACROPHAGE_LIF_RESPONSE_UP",0.521052631578947,0.789152386780906,0.138022242496643,-0.232327615143569,-0.985112149984665,93
"207","CUI_MACROPHAGE_M_CSF_RESPONSE_UP",0.0533707865168539,0.197222933281495,0.231126709673834,0.479428567281282,1.45595176021748,35
"208","CUI_MACROPHAGE_PROLACTIN_RESPONSE_UP",0.0554800464745637,0.198020429170956,0.321775918075361,-0.507794739347461,-1.47466342033114,16
"209","CUI_MACROPHAGE_TNFA_RESPONSE_DN",0.0600272851296044,0.204406637598195,0.213927855492356,0.443798127877657,1.39293860752,42
"210","CUI_MACROPHAGE_TNFA_RESPONSE_UP",0.558548009367681,0.817425597979107,0.0478299633114229,0.256758219591453,0.956128168698548,143
"211","CUI_MAST_CELL_ADIPONECTIN_RESPONSE_UP",0.599673202614379,0.835564196769987,0.059989249649033,0.395388390811175,0.897834036125977,10
"212","CUI_MAST_CELL_GM_CSF_RESPONSE_UP",0.510268562401264,0.779618536689321,0.066132620475844,0.394882707131937,0.959298253246308,13
"213","CUI_MAST_CELL_IFNA1_RESPONSE_UP",0.106362255765281,0.299015884269341,0.287805130535564,-0.285104563043323,-1.21575984906536,94
"214","CUI_MAST_CELL_IFNB_RESPONSE_UP",0.23015873015873,0.499636243386243,0.184706471207739,-0.296342856289204,-1.14067807189651,59
"215","CUI_MAST_CELL_IFNE_RESPONSE_UP",0.307332293291732,0.594435667895384,0.0922597260527354,0.455098569431746,1.12904690573216,14
"216","CUI_MAST_CELL_IFNG_RESPONSE_UP",0.415942028985507,0.712848016781083,0.072003313661988,0.364759861366755,1.03382690842921,25
"217","CUI_MAST_CELL_IFNK_RESPONSE_UP",0.334967320261438,0.623674317372378,0.0899860794997137,0.484394632324803,1.09994627542222,10
"218","CUI_MAST_CELL_IL15_RESPONSE_UP",0.471380471380471,0.758639219934995,0.11331290842208,-0.290175385859561,-0.973689550418602,32
"219","CUI_MAST_CELL_IL17E_RESPONSE_UP",0.780185758513932,0.96172155834062,0.0787113806986485,-0.258671149998576,-0.81848931876283,23
"220","CUI_MAST_CELL_IL18_RESPONSE_UP",0.888544891640867,1,0.072003313661988,-0.226824829602068,-0.717720937416151,23
"221","CUI_MAST_CELL_IL1A_RESPONSE_UP",0.268698060941828,0.555522578375764,0.139599673451922,-0.413619217336439,-1.15018301219847,14
"222","CUI_MAST_CELL_IL1B_RESPONSE_UP",0.432876712328767,0.729866560269539,0.105520936843198,-0.384457922199141,-1.02080317246303,12
"223","CUI_MAST_CELL_IL36A_RESPONSE_UP",0.585557299843014,0.827068521731242,0.059221919380382,0.378528396525209,0.905826233010173,12
"224","CUI_MAST_CELL_IL3_RESPONSE_UP",0.598513011152416,0.835564196769987,0.104343952581949,-0.264605805769838,-0.933477467757303,40
"225","CUI_MAST_CELL_M_CSF_RESPONSE_UP",0.225416036308623,0.495422379478107,0.109250039480711,0.45763996075604,1.22538852935553,20
"226","CUI_MAST_CELL_TRAIL_RESPONSE_UP",0.707740916271722,0.920222308531691,0.0507027937029348,0.33262485340254,0.80805372099709,13
"227","CUI_MIGDC_BAFF_RESPONSE_DN",0.0692520775623269,0.221351732576517,0.287857117255149,-0.525858420279444,-1.46229526210569,14
"228","CUI_MIGDC_BAFF_RESPONSE_UP",0.311627906976744,0.596904924760602,0.0911073131586733,0.445410044412329,1.11325151469214,15
"229","CUI_MIGDC_GM_CSF_RESPONSE_DN",0.0432410676056026,0.173296894019377,0.321775918075361,-0.3313610492325,-1.32756994743347,71
"230","CUI_MIGDC_GM_CSF_RESPONSE_UP",0.00154699700029126,0.0111942421826631,0.45505986738723,-0.27154708310448,-1.33645003508899,334
"231","CUI_MIGDC_IFNA1_RESPONSE_DN",0.547528517110266,0.805825868402397,0.0523759084097997,0.274446089589918,0.960481503062533,87
"232","CUI_MIGDC_IFNA1_RESPONSE_UP",0.0002543287282985,0.00213718173295997,0.49849310876659,-0.291319130052281,-1.43928110427114,316
"233","CUI_MIGDC_IFNB_RESPONSE_DN",0.738197424892704,0.938386491557223,0.0442407423477375,0.281703937882464,0.827106119333981,30
"234","CUI_MIGDC_IFNB_RESPONSE_UP",4.72231007111281e-05,0.00051256740563537,0.557332238758646,-0.316037592912923,-1.50332006958556,257
"235","CUI_MIGDC_IFNG_RESPONSE_UP",0.75,0.94948677715668,0.129442887745046,-0.206583981554812,-0.916127369401788,132
"236","CUI_MIGDC_IFNK_RESPONSE_UP",0.900452488687783,1,0.037536290520292,0.252063345033969,0.666766984154885,19
"237","CUI_MIGDC_IFNL2_RESPONSE_UP",0.499227202472952,0.778946565467791,0.066132620475844,0.383025843680206,0.969347715749481,16
"238","CUI_MIGDC_IL10_RESPONSE_DN",0.115131578947368,0.319061450167973,0.241339976815091,-0.397669489500747,-1.2997118319155,28
"239","CUI_MIGDC_IL10_RESPONSE_UP",0.242658423493045,0.516020565877046,0.105920292736253,0.475209910785808,1.20264376183017,16
"240","CUI_MIGDC_IL13_RESPONSE_UP",0.301449275362319,0.590432603247249,0.0891647117820678,0.401183149019645,1.13706023768841,25
"241","CUI_MIGDC_IL15_RESPONSE_UP",0.201365187713311,0.475772860545118,0.183023938384487,-0.346437090237126,-1.1642019096442,33
"242","CUI_MIGDC_IL18_RESPONSE_DN",0.0639501289594927,0.213577033255742,0.287805130535564,-0.501013886521985,-1.45497145654037,16
"243","CUI_MIGDC_IL18_RESPONSE_UP",0.894736842105263,1,0.124434168630393,-0.187470590106855,-0.854516398180006,155
"244","CUI_MIGDC_IL1A_RESPONSE_DN",0.00107273173496323,0.0082190181458212,0.45505986738723,-0.289740978728705,-1.37999461057013,238
"245","CUI_MIGDC_IL1A_RESPONSE_UP",0.00334560735322504,0.0215192769262993,0.431707695803346,-0.255786469380163,-1.26496816704771,325
"246","CUI_MIGDC_IL1B_RESPONSE_DN",0.000960898000828327,0.00758527058229634,0.477270815362862,-0.30383395906625,-1.43540535456971,211
"247","CUI_MIGDC_IL1B_RESPONSE_UP",0.00099392372702612,0.00772886957881505,0.45505986738723,-0.304217589569375,-1.42978867287086,216
"248","CUI_MIGDC_IL36A_RESPONSE_DN",0.030266112529413,0.13363258159173,0.352487857583619,-0.449387629241956,-1.46874335160965,28
"249","CUI_MIGDC_IL36A_RESPONSE_UP",0.917936694021102,1,0.0240742072753014,0.207728225392501,0.774905317682259,145
"250","CUI_MIGDC_IL3_RESPONSE_DN",0.232198142414861,0.500744531080788,0.160801401070022,-0.371396649592719,-1.17517624488705,23
"251","CUI_MIGDC_IL3_RESPONSE_UP",0.990643274853801,1,0.0194541744944906,0.179898002069522,0.666300150374385,136
"252","CUI_MIGDC_IL4_RESPONSE_UP",0.371060171919771,0.664337971031617,0.077274697304471,0.370782266182417,1.06734418534412,27
"253","CUI_MIGDC_LIF_RESPONSE_UP",0.592307692307692,0.834033264033264,0.0833634065110386,-0.351118995633188,-0.892554714362808,10
"254","CUI_MIGDC_OSM_RESPONSE_UP",0.510140405616225,0.779618536689321,0.0655321029282414,0.389175862441831,0.965500295516734,14
"255","CUI_MIGDC_SCF_RESPONSE_UP",0.00069638095411063,0.0055817611860252,0.477270815362862,0.788812059175253,1.84225907970344,11
"256","CUI_MIGDC_TL1A_RESPONSE_DN",0.584856396866841,0.827068521731242,0.0850427463764322,-0.341767141441112,-0.895220153121759,11
"257","CUI_MIGDC_TNFA_RESPONSE_DN",0.992982456140351,1,0.0727141077934447,-0.192005789124766,-0.642751668309869,34
"258","CUI_MIGDC_TNFA_RESPONSE_UP",1,1,0.107554375265169,-0.141706601308925,-0.632044426478819,134
"259","CUI_MIGDC_TRAIL_RESPONSE_UP",0.0125896296706167,0.0669284035499766,0.380730400722792,0.726230884932357,1.64909952272612,10
"260","CUI_MIGDC_TSLP_RESPONSE_UP",0.143478260869565,0.380949702602753,0.248911114434702,-0.297259101766141,-1.20470998281329,74
"261","CUI_MONOCYTE_GM_CSF_RESPONSE_DN",0.311170212765957,0.596904924760602,0.0826646449123753,0.338931801833489,1.1001472577053,54
"262","CUI_MONOCYTE_GM_CSF_RESPONSE_UP",1.33620254917233e-13,3.66400804273044e-12,0.943632225232838,0.47890662989504,1.93700526358358,367
"263","CUI_MONOCYTE_IFNA1_RESPONSE_DN",0.364864864864865,0.660050675675676,0.0702812841717392,0.296825748932054,1.05409296713401,94
"264","CUI_MONOCYTE_IFNA1_RESPONSE_UP",0.983333333333333,1,0.183023938384487,-0.174122447454524,-0.850573324327903,310
"265","CUI_MONOCYTE_IFNB_RESPONSE_DN",0.930851063829787,1,0.0299195667151671,0.215655061195303,0.700000185585534,54
"266","CUI_MONOCYTE_IFNB_RESPONSE_UP",0.462365591397849,0.754376727655654,0.216542836735348,-0.212495030943601,-1.00932483896433,228
"267","CUI_MONOCYTE_IFNG_RESPONSE_UP",0.989024390243902,1,0.0220834140571177,0.175551807676171,0.628458920221598,100
"268","CUI_MONOCYTE_IFNK_RESPONSE_UP",0.911627906976744,1,0.0382416816260774,0.260289615780315,0.650564154673226,15
"269","CUI_MONOCYTE_IL10_RESPONSE_DN",0.147945205479452,0.385397260273973,0.191892240384838,-0.493005330004139,-1.30901556672496,12
"270","CUI_MONOCYTE_IL10_RESPONSE_UP",0.041726618705036,0.172811040388823,0.266350657088526,0.517711006053519,1.47815904969605,26
"271","CUI_MONOCYTE_IL12_RESPONSE_UP",0.866666666666667,1,0.0405756447890657,0.279022220907417,0.697384160852903,15
"272","CUI_MONOCYTE_IL13_RESPONSE_UP",0.0670640834575261,0.218377421758569,0.211400189384923,0.524170631191314,1.43468151008285,21
"273","CUI_MONOCYTE_IL15_RESPONSE_DN",0.956989247311828,1,0.0982123351217438,-0.181245812403721,-0.781618543900452,99
"274","CUI_MONOCYTE_IL15_RESPONSE_UP",0.315789473684211,0.598277511961722,0.261663521711573,-0.22524188446715,-1.05802244620724,215
"275","CUI_MONOCYTE_IL18_RESPONSE_DN",0.572727272727273,0.826567615210275,0.0946646223153342,-0.296451583444577,-0.936116461661055,22
"276","CUI_MONOCYTE_IL18_RESPONSE_UP",0.95045045045045,1,0.019677649030838,0.193500101893616,0.743276789188741,184
"277","CUI_MONOCYTE_IL1A_RESPONSE_DN",0.738461538461539,0.938386491557223,0.0937465422491719,-0.225899272115471,-0.867075068518622,57
"278","CUI_MONOCYTE_IL1A_RESPONSE_UP",0.775943396226415,0.96172155834062,0.0329431471724691,0.233348103999323,0.8563256218836,127
"279","CUI_MONOCYTE_IL1B_RESPONSE_DN",0.989336492890995,1,0.0203426159572209,0.177787103797244,0.650483793026322,121
"280","CUI_MONOCYTE_IL1B_RESPONSE_UP",0.38015607580825,0.669126065865196,0.0635007968065945,0.270600991341003,1.04385080647569,205
"281","CUI_MONOCYTE_IL2_RESPONSE_DN",0.622464898595944,0.851192157922537,0.0560595875032335,0.35333354276205,0.876579646569739,14
"282","CUI_MONOCYTE_IL2_RESPONSE_UP",0.856209150326797,1,0.0435378240914002,0.314228304789487,0.713538570455658,10
"283","CUI_MONOCYTE_IL33_RESPONSE_DN",0.686274509803922,0.905187391412261,0.0536769600638126,0.372650460217018,0.846201543941213,10
"284","CUI_MONOCYTE_IL33_RESPONSE_UP",0.0487483530961792,0.189496687953755,0.234392647294686,0.417019621067094,1.40604256407176,67
"285","CUI_MONOCYTE_IL36A_RESPONSE_DN",0.968215158924205,1,0.0234376252595191,0.193643362471171,0.69425443704702,104
"286","CUI_MONOCYTE_IL36A_RESPONSE_UP",0.890928725701944,1,0.0210730272985761,0.206533261861069,0.813118696781004,251
"287","CUI_MONOCYTE_IL3_RESPONSE_DN",0.601626016260163,0.835564196769987,0.0511147954416412,0.290286074001627,0.907332271488238,41
"288","CUI_MONOCYTE_IL3_RESPONSE_UP",1.42923069737113e-05,0.000177292665078657,0.593325476396405,0.50120050242968,1.81962370130293,115
"289","CUI_MONOCYTE_M_CSF_RESPONSE_UP",3.98226538832726e-06,5.18690066829625e-05,0.610526878385931,0.540418532529024,1.91800035091405,92
"290","CUI_MONOCYTE_TNFA_RESPONSE_DN",0.273684210526316,0.561375880646498,0.0891647117820678,0.329310448305248,1.1126576730036,68
"291","CUI_MONOCYTE_TNFA_RESPONSE_UP",0.3515625,0.64951795212766,0.211400189384923,-0.225636468021765,-1.04053620145796,174
"292","CUI_NEUTROPHIL_GM_CSF_RESPONSE_UP",0.903069466882068,1,0.0405756447890657,0.282863284836602,0.660623083462766,11
"293","CUI_NEUTROPHIL_IFNA1_RESPONSE_UP",0.178571428571429,0.447287087912088,0.199915231309662,-0.345121955414535,-1.20487847899684,38
"294","CUI_NEUTROPHIL_IFNG_RESPONSE_UP",0.615131578947368,0.845603041244272,0.0952879846194844,-0.28461869087017,-0.921354442215605,27
"295","CUI_NEUTROPHIL_IL15_RESPONSE_UP",0.814814814814815,0.985386129468557,0.0808589150280032,-0.244483741904469,-0.820370287557166,32
"296","CUI_NEUTROPHIL_IL18_RESPONSE_UP",0.967611336032389,1,0.0815265143256594,-0.183905076162554,-0.682729923825286,52
"297","CUI_NEUTROPHIL_IL1A_RESPONSE_DN",0.420190995907231,0.715423231593683,0.0684714904492087,0.326483571319707,1.02472620465311,42
"298","CUI_NEUTROPHIL_IL1A_RESPONSE_UP",0.885088919288646,1,0.0337507376805299,0.237191124445721,0.735041893037337,39
"299","CUI_NEUTROPHIL_IL1B_RESPONSE_DN",0.260130718954248,0.544289576607082,0.0916795246008379,0.329353528148881,1.12290004546086,71
"300","CUI_NEUTROPHIL_IL1B_RESPONSE_UP",0.436797752808989,0.731741573033708,0.0679922591544058,0.332009726387641,1.00826312517127,35
"301","CUI_NEUTROPHIL_IL36A_RESPONSE_DN",0.92093023255814,1,0.037770500132479,0.257228728716001,0.642913817184441,15
"302","CUI_NEUTROPHIL_IL36A_RESPONSE_UP",0.669871794871795,0.896491693860884,0.0888945288620449,-0.277291341552326,-0.880589814121484,25
"303","CUI_NEUTROPHIL_TNFA_RESPONSE_DN",0.914127423822715,1,0.0650877566917313,-0.24322314527932,-0.676349449320203,14
"304","CUI_NEUTROPHIL_TNFA_RESPONSE_UP",0.546875,0.805825868402397,0.0992333343771191,-0.297034592330102,-0.94511721483926,24
"305","CUI_NK_CELL_41BBL_RESPONSE_UP",0.372434017595308,0.664514120435464,0.0782955249944794,0.38126732825567,1.06979645296086,24
"306","CUI_NK_CELL_BAFF_RESPONSE_DN",0.276712328767123,0.565321180555556,0.136490437780413,-0.434189149365314,-1.15284829763908,12
"307","CUI_NK_CELL_CD40L_RESPONSE_UP",0.151937984496124,0.391879653081587,0.13880510939114,0.518823258103578,1.29673945432321,15
"308","CUI_NK_CELL_FASL_RESPONSE_DN",0.517948717948718,0.786738431636391,0.0908241419007155,-0.374429020672722,-0.951809476992303,10
"309","CUI_NK_CELL_GM_CSF_RESPONSE_UP",2.5760703540405e-05,0.000298251700990022,0.575610261071129,0.550952425767832,1.87842075783626,71
"310","CUI_NK_CELL_G_CSF_RESPONSE_UP",0.0331646924092871,0.143990039543655,0.321775918075361,0.685409072490039,1.55640278837874,10
"311","CUI_NK_CELL_IFNA1_RESPONSE_DN",0.509289617486339,0.779618536689321,0.0488970772260102,0.251511596621678,0.983983388886549,240
"312","CUI_NK_CELL_IFNB_RESPONSE_DN",0.192396313364055,0.462922803530014,0.102080107662747,0.301111019951214,1.14447214268297,169
"313","CUI_NK_CELL_IFNB_RESPONSE_UP",0.142709410548087,0.380949702602753,0.114266502484433,0.280981412520638,1.1410051207006,421
"314","CUI_NK_CELL_IFNE_RESPONSE_DN",0.073746951761678,0.230072825555894,0.287805130535564,-0.544143253686404,-1.4916885012478,13
"315","CUI_NK_CELL_IFNE_RESPONSE_UP",0.337367624810893,0.625510791909164,0.0852884689790502,0.413807845498925,1.10802253018727,20
"316","CUI_NK_CELL_IFNG_RESPONSE_DN",0.484615384615385,0.767219952332312,0.0946646223153342,-0.385284067260885,-0.979403321607349,10
"317","CUI_NK_CELL_IFNG_RESPONSE_UP",1.44511592049753e-09,2.39997265885824e-08,0.788186810800237,0.543059028502868,2.02698155817247,146
"318","CUI_NK_CELL_IFNK_RESPONSE_DN",0.14404432132964,0.380949702602753,0.195789002148949,-0.457848698635627,-1.27317535853159,14
"319","CUI_NK_CELL_IFNK_RESPONSE_UP",3.61539141852367e-05,0.000409482375880616,0.557332238758646,0.446713492494208,1.70328307072167,173
"320","CUI_NK_CELL_IL10_RESPONSE_DN",0.858736059479554,1,0.0833634065110386,-0.218784137089972,-0.771827593434813,40
"321","CUI_NK_CELL_IL10_RESPONSE_UP",1.22572660633021e-09,2.12867853966013e-08,0.788186810800237,0.63268208750853,2.20579318553575,84
"322","CUI_NK_CELL_IL11_RESPONSE_UP",0.0581583198707593,0.201360326082061,0.237793834423688,0.637758535697912,1.4894757748459,11
"323","CUI_NK_CELL_IL12_RESPONSE_DN",0.200704225352113,0.475772860545118,0.100633389423036,0.310518873511036,1.1462926109036,133
"324","CUI_NK_CELL_IL15_RESPONSE_DN",0.671291355389541,0.896491693860884,0.035090109926935,0.232892469554419,0.924690917578199,297
"325","CUI_NK_CELL_IL17E_RESPONSE_UP",0.000222408625228303,0.00193124822906576,0.518848077743792,0.647372170438402,1.90073836979704,30
"326","CUI_NK_CELL_IL18_RESPONSE_DN",0.908428720083247,1,0.0174698106128933,0.203072923902271,0.818725743446892,350
"327","CUI_NK_CELL_IL1A_RESPONSE_DN",0.0574866310160428,0.201187819062256,0.216542836735348,0.436504284111021,1.41183951073279,51
"328","CUI_NK_CELL_IL1A_RESPONSE_UP",0.463709677419355,0.754376727655654,0.126875729929857,-0.26489623251624,-1.00424839015755,56
"329","CUI_NK_CELL_IL1B_RESPONSE_DN",0.000115376877623346,0.00115598756234161,0.538434096309916,0.475525729689098,1.71854192838255,110
"330","CUI_NK_CELL_IL1B_RESPONSE_UP",0.000683541967325612,0.00556445882776006,0.477270815362862,-0.466651194118907,-1.76694266579296,55
"331","CUI_NK_CELL_IL27_RESPONSE_UP",0.487903225806452,0.76796852158659,0.0605092988656667,0.30796767734477,0.986659812642325,49
"332","CUI_NK_CELL_IL2_RESPONSE_DN",0.752916224814422,0.949804729124247,0.0292103127923884,0.224274502438236,0.89569153063839,323
"333","CUI_NK_CELL_IL33_RESPONSE_UP",0.224702380952381,0.495422379478107,0.108394255853397,0.433175837338928,1.19560915293077,22
"334","CUI_NK_CELL_IL36A_RESPONSE_UP",0.997118155619596,1,0.0304894126298511,0.174043838516992,0.50606255009387,29
"335","CUI_NK_CELL_IL3_RESPONSE_DN",0.0533751124619786,0.197222933281495,0.321775918075361,-0.559627549990481,-1.5341364165536,13
"336","CUI_NK_CELL_IL4_RESPONSE_DN",0.998614958448753,1,0.0284333438791734,0.16734827242441,0.516861359735566,38
"337","CUI_NK_CELL_IL4_RESPONSE_UP",1.58355223097664e-34,2.06257678084707e-32,1.52970525162309,0.593681117956212,2.40378211108417,406
"338","CUI_NK_CELL_IL5_RESPONSE_UP",0.00418885275910681,0.0266145400913981,0.407017918923954,0.695420310146182,1.7252573444347,14
"339","CUI_NK_CELL_IL7_RESPONSE_DN",0.905149051490515,1,0.0645031249656493,-0.243282942104468,-0.666924316029677,13
"340","CUI_NK_CELL_IL7_RESPONSE_UP",4.43280460250207e-11,8.5536711033466e-10,0.851339057116899,0.615490435580851,2.207834457288,105
"341","CUI_NK_CELL_LIF_RESPONSE_UP",0.0394944707740916,0.167540315935793,0.287857117255149,0.627260278976766,1.52381879248046,13
"342","CUI_NK_CELL_NEUROPOIETIN_RESPONSE_UP",0.106750392464678,0.299015884269341,0.169570644405628,0.57347536097008,1.37233832579079,12
"343","CUI_NK_CELL_OSM_RESPONSE_UP",0.40422322775264,0.702001005530417,0.0755015292281669,0.394899992853751,1.04460359852162,19
"344","CUI_NK_CELL_RANKL_RESPONSE_UP",0.0474820143884892,0.186000973657165,0.248911114434702,0.511862793365006,1.46146133917997,26
"345","CUI_NK_CELL_SCF_RESPONSE_UP",0.410557184750733,0.710216673841297,0.11331290842208,-0.33811921424619,-1.03700791130529,20
"346","CUI_NK_CELL_TGF_BETA_1_RESPONSE_UP",0.464788732394366,0.754376727655654,0.102821842840815,-0.348568363147151,-1.01226140168042,16
"347","CUI_NK_CELL_TNFA_RESPONSE_DN",0.0501432664756447,0.190932448423417,0.241339976815091,0.5106909607542,1.47008926041956,27
"348","CUI_NK_CELL_TNFA_RESPONSE_UP",0.424903722721438,0.718749479019055,0.0649407684612899,0.296257664190032,1.02591557836417,79
"349","CUI_NK_CELL_TSLP_RESPONSE_UP",0.335180055401662,0.623674317372378,0.123257226381337,-0.392305463976022,-1.09091420646162,14
"350","CUI_PDC_CD40L_RESPONSE_UP",0.780821917808219,0.96172155834062,0.0723570851036907,-0.299338071323677,-0.79479504830674,12
"351","CUI_PDC_FLT3L_RESPONSE_UP",0.0425531914893617,0.172811040388823,0.271288554688953,0.567738520220198,1.47195366102049,18
"352","CUI_PDC_GM_CSF_RESPONSE_UP",0.0015797723522436,0.0112748136372454,0.45505986738723,0.487504973189107,1.65577251092029,70
"353","CUI_PDC_IFNA1_RESPONSE_DN",0.0554913294797688,0.198020429170956,0.204294756516886,0.33916649623605,1.28884541994975,168
"354","CUI_PDC_IFNA1_RESPONSE_UP",0.536157024793388,0.80500809774454,0.0439759278026345,0.241201976713233,0.981334591240858,435
"355","CUI_PDC_IFNB_RESPONSE_DN",0.0324675324675325,0.142147768198188,0.287857117255149,0.413322898706392,1.41749370603467,75
"356","CUI_PDC_IFNB_RESPONSE_UP",0.92576882290562,1,0.0174698106128933,0.200194956783983,0.798807887309814,314
"357","CUI_PDC_IFNE_RESPONSE_UP",0.0268695995886359,0.123844992201134,0.352487857583619,0.480241909903705,1.50732383764905,42
"358","CUI_PDC_IFNG_RESPONSE_UP",0.456226880394575,0.749823989544395,0.0596037042575973,0.284449552489572,1.00562031683362,91
"359","CUI_PDC_IFNK_RESPONSE_DN",0.662015503875969,0.893001784352487,0.0529129848430583,0.3436251661984,0.858851841254341,15
"360","CUI_PDC_IFNK_RESPONSE_UP",0.814814814814815,0.985386129468557,0.0312052969963336,0.227151319064075,0.828468142165633,119
"361","CUI_PDC_IFNL2_RESPONSE_UP",0.369281045751634,0.663641208761925,0.0845557442441281,0.475230761759611,1.07913728080505,10
"362","CUI_PDC_IL10_RESPONSE_DN",0.715425531914894,0.924904968058709,0.042331839351853,0.261103987503626,0.862487631148015,60
"363","CUI_PDC_IL10_RESPONSE_UP",0.0270985203664669,0.123844992201134,0.352487857583619,0.440291030354841,1.45656653787562,61
"364","CUI_PDC_IL15_RESPONSE_DN",0.247232472324723,0.523610236102361,0.170932335370056,-0.322020412184987,-1.1347263608714,39
"365","CUI_PDC_IL15_RESPONSE_UP",0.821857923497268,0.988886785547521,0.0262543396498271,0.218102448952751,0.854944708391419,243
"366","CUI_PDC_IL17E_RESPONSE_UP",0.775342465753425,0.96172155834062,0.0727141077934447,-0.301282807453016,-0.799958663609754,12
"367","CUI_PDC_IL18_RESPONSE_UP",0.903105590062112,1,0.0280106629226489,0.213714298814776,0.753349719342812,90
"368","CUI_PDC_IL1A_RESPONSE_DN",0.0840220385674931,0.253037468749502,0.179782316298324,0.426402050072926,1.34039292697154,45
"369","CUI_PDC_IL1A_RESPONSE_UP",0.292682926829268,0.580874785591767,0.0840745577910723,0.31953935204753,1.10728763614837,81
"370","CUI_PDC_IL1B_RESPONSE_DN",0.132530120481928,0.357762656844997,0.138022242496643,0.384494803306649,1.24566848297538,53
"371","CUI_PDC_IL1B_RESPONSE_UP",0.0552147239263804,0.198020429170956,0.211400189384923,0.370591734211547,1.32750605709228,103
"372","CUI_PDC_IL2_RESPONSE_DN",0.294797687861272,0.580874785591767,0.135740943810425,-0.380305351812624,-1.11770948258902,17
"373","CUI_PDC_IL2_RESPONSE_UP",0.315384615384615,0.598277511961722,0.153158808683073,-0.281381207618553,-1.0800328287512,57
"374","CUI_PDC_IL36A_RESPONSE_DN",0.000168754248637634,0.00159856297345832,0.518848077743792,0.447146932334384,1.65160529830796,132
"375","CUI_PDC_IL36A_RESPONSE_UP",0.556407447973713,0.816586705336069,0.0449543067640062,0.247247362576998,0.966851341510701,232
"376","CUI_PDC_IL3_RESPONSE_DN",0.604621309370988,0.835564196769987,0.0484087618816951,0.268161439225205,0.928620694994839,79
"377","CUI_PDC_IL3_RESPONSE_UP",1.44961571842571e-22,9.44062236624746e-21,1.22950405660873,0.534911545519301,2.1638167276843,400
"378","CUI_PDC_IL4_RESPONSE_UP",0.376701966717095,0.667556886597302,0.0793434960134973,0.401655143150399,1.07548214181306,20
"379","CUI_PDC_IL7_RESPONSE_UP",0.0678513731825525,0.219568729367142,0.219250346703755,0.610800901722899,1.42651661317979,11
"380","CUI_PDC_LIF_RESPONSE_UP",0.000209751504056699,0.0018522124341278,0.518848077743792,0.548681423918205,1.78097882999485,54
"381","CUI_PDC_TNFA_RESPONSE_DN",0.202462380300958,0.475772860545118,0.109684061970549,0.388274931211556,1.20324207376484,39
"382","CUI_PDC_TNFA_RESPONSE_UP",0.0143278524041576,0.074648111025661,0.380730400722792,0.382839216917409,1.41157511882085,131
"383","CUI_TREG_IFNA1_RESPONSE_DN",1.31536288056657e-06,1.80343173888206e-05,0.643551836150722,0.492961776455923,1.84217452103894,147
"384","CUI_TREG_IFNA1_RESPONSE_UP",0.165949114655353,0.42351876562524,0.249246554383295,-0.234603523452754,-1.10183518917667,203
"385","CUI_TREG_IFNB_RESPONSE_DN",0.0509803921568627,0.192469451548735,0.227987202850442,0.403160553458618,1.3745381941136,71
"386","CUI_TREG_IFNB_RESPONSE_UP",0.133221619190752,0.35777558555867,0.249246554383295,-0.235495827914536,-1.11310897459922,209
"387","CUI_TREG_IFNE_RESPONSE_UP",0.705263157894737,0.920222308531691,0.0911073131586733,-0.265156978833177,-0.88762995785655,34
"388","CUI_TREG_IFNG_RESPONSE_UP",0.495412844036697,0.777440035370841,0.0585937568945671,0.293916632031077,0.986280697175918,65
"389","CUI_TREG_IFNK_RESPONSE_UP",0.224066390041494,0.495422379478107,0.191892240384838,-0.291906344345448,-1.14827039884244,66
"390","CUI_TREG_IL12_RESPONSE_UP",0.663323782234957,0.893001784352487,0.0491927521045191,0.299744990928108,0.862854301116285,27
"391","CUI_TREG_IL15_RESPONSE_DN",0.975,1,0.0745500777420554,-0.188667095366822,-0.658668390509341,38
"392","CUI_TREG_IL15_RESPONSE_UP",7.02377955413443e-07,1.01649698547334e-05,0.659444398037935,0.453806531540283,1.76497141290183,224
"393","CUI_TREG_IL18_RESPONSE_DN",0.805128205128205,0.982369543025281,0.0675188953767744,-0.301474362798158,-0.766356611637522,10
"394","CUI_TREG_IL18_RESPONSE_UP",6.74938775618471e-12,1.40657240838889e-10,0.887074988399873,0.585516960450799,2.18016582880805,142
"395","CUI_TREG_IL1A_RESPONSE_DN",0.0419091967403958,0.172811040388823,0.237793834423688,0.360575175008417,1.34257582679152,139
"396","CUI_TREG_IL1A_RESPONSE_UP",0.263636363636364,0.547526429714214,0.266350657088526,-0.232574884523674,-1.06651021379531,187
"397","CUI_TREG_IL1B_RESPONSE_DN",0.229346485819975,0.499636243386243,0.0956031492204301,0.32367069425731,1.14427962097331,91
"398","CUI_TREG_IL1B_RESPONSE_UP",1,1,0.0187018035626708,0.159770791236417,0.595352456193471,141
"399","CUI_TREG_IL27_RESPONSE_UP",0.0440729483282675,0.173954591507783,0.266350657088526,0.567244872703988,1.47067380023448,18
"400","CUI_TREG_IL2_RESPONSE_DN",0.571428571428571,0.826567615210275,0.0532386494755899,0.288958029167908,0.942766104904011,57
"401","CUI_TREG_IL2_RESPONSE_UP",2.41370809247714e-12,5.46757354861127e-11,0.898671232061694,0.484233417666898,1.93519720271665,326
"402","CUI_TREG_IL36A_RESPONSE_DN",0.361702127659574,0.659655493939245,0.0780892306943345,0.3540424200902,1.05942672075615,32
"403","CUI_TREG_IL36A_RESPONSE_UP",1.12544831185726e-05,0.000143014285482349,0.593325476396405,0.407030468421073,1.61124416486583,287
"404","CUI_TREG_IL4_RESPONSE_UP",0.725761772853186,0.933634280633357,0.0766746872490091,-0.299084765027602,-0.831688184503057,14
"405","CUI_TREG_IL7_RESPONSE_DN",0.293663060278207,0.580874785591767,0.0943563635421779,0.458371708378176,1.16003025856277,16
"406","CUI_TREG_IL7_RESPONSE_UP",1.70255172514006e-08,2.60891014352344e-07,0.73376198835648,0.683410643654348,2.21043912714755,51
"407","CUI_TREG_OSM_RESPONSE_UP",0.913446676970634,1,0.0380056241581377,0.262406047068068,0.664087571429393,16
"408","CUI_TREG_SCF_RESPONSE_UP",0.543589743589744,0.805825868402397,0.0880945010398517,-0.367069813279657,-0.933102157438689,10
"409","CUI_TREG_TL1A_RESPONSE_DN",0.545454545454545,0.805825868402397,0.0956031492204301,-0.312171177799391,-0.957425568911176,20
"410","CUI_TREG_TL1A_RESPONSE_UP",0.00165256231848751,0.011634931999081,0.45505986738723,0.411815392447845,1.53893437497969,147
"411","CUI_TREG_TNFA_RESPONSE_DN",0.978580990629183,1,0.0277292221875017,0.192447033694947,0.631416713221494,58
"412","CUI_TREG_TNFA_RESPONSE_UP",0.0540540540540541,0.198020429170956,0.208955027549354,0.351619117554905,1.31466093765531,150
"413","CUI_T_CELL_CD4_IFNA1_RESPONSE_DN",0.00261120806803029,0.0181391920459171,0.431707695803346,0.366476932307856,1.44789042056224,264
"414","CUI_T_CELL_CD4_IFNA1_RESPONSE_UP",0.00843727387276976,0.0477806487794896,0.380730400722792,-0.26083676163139,-1.27839242230722,289
"415","CUI_T_CELL_CD4_IFNB_RESPONSE_DN",0.0044727673379138,0.0280760455789529,0.407017918923954,0.365139367119793,1.4195584824979,214
"416","CUI_T_CELL_CD4_IFNB_RESPONSE_UP",0.00126249952782654,0.00939660362853753,0.45505986738723,-0.283448314315484,-1.34656205565898,260
"417","CUI_T_CELL_CD4_IFNE_RESPONSE_UP",0.451162790697674,0.748585394756332,0.0713052987340038,0.405577246510524,1.0136939875216,15
"418","CUI_T_CELL_CD4_IFNG_RESPONSE_UP",0.982926829268293,1,0.0224414263839237,0.182167848213136,0.652368122892425,101
"419","CUI_T_CELL_CD4_IFNK_RESPONSE_UP",0.208,0.481656161166728,0.195789002148949,-0.296469888087343,-1.15487446351332,62
"420","CUI_T_CELL_CD4_IL12_RESPONSE_UP",0.485955056179775,0.767219952332312,0.0628003977812234,0.324524705107547,0.985532252103322,35
"421","CUI_T_CELL_CD4_IL15_RESPONSE_DN",0.472012102874433,0.758639219934995,0.0678338263479455,0.369151780504872,0.988450302011504,20
"422","CUI_T_CELL_CD4_IL15_RESPONSE_UP",0.868292682926829,1,0.0290688186426821,0.219714835241448,0.78682904828727,101
"423","CUI_T_CELL_CD4_IL17C_RESPONSE_DN",0.438461538461538,0.732174556213018,0.100633389423036,-0.395271525678735,-1.00479173182218,10
"424","CUI_T_CELL_CD4_IL17D_RESPONSE_DN",0.974151857835218,1,0.0370705393657621,0.245230973436422,0.572733368085321,11
"425","CUI_T_CELL_CD4_IL18_RESPONSE_UP",0.387057387057387,0.678979456757234,0.0670512579829467,0.292465210713956,1.04266627913002,95
"426","CUI_T_CELL_CD4_IL1A_RESPONSE_DN",0.362573099415205,0.659655493939245,0.0681513438679483,0.281648005011406,1.04315837826382,136
"427","CUI_T_CELL_CD4_IL1A_RESPONSE_UP",0.45952380952381,0.752867625037436,0.057609110864425,0.27361354791235,1.00224792311599,125
"428","CUI_T_CELL_CD4_IL1B_RESPONSE_DN",0.042603550295858,0.172811040388823,0.237793834423688,0.369115129409514,1.35226827266051,122
"429","CUI_T_CELL_CD4_IL1B_RESPONSE_UP",0.833131801692866,0.99986658456486,0.0307037368093842,0.224882447251201,0.812721353292793,110
"430","CUI_T_CELL_CD4_IL27_RESPONSE_UP",0.209169054441261,0.482097774925118,0.110564716336619,0.413392203990196,1.19955965426973,28
"431","CUI_T_CELL_CD4_IL2_RESPONSE_UP",0.813144329896907,0.985386129468557,0.0349401058848478,0.235391397175585,0.810768083459576,77
"432","CUI_T_CELL_CD4_IL36A_RESPONSE_DN",0.435087719298246,0.731228070175439,0.0593487680335629,0.267943189876649,1.01000741858804,159
"433","CUI_T_CELL_CD4_IL36A_RESPONSE_UP",8.27585586861368e-10,1.48680031294749e-08,0.801215574617779,0.458610446514605,1.83304146695544,328
"434","CUI_T_CELL_CD4_IL4_RESPONSE_DN",0.604621309370988,0.835564196769987,0.0484087618816951,0.268051027611028,0.928238348785075,79
"435","CUI_T_CELL_CD4_IL4_RESPONSE_UP",1.11663206927211e-18,4.84804423408973e-17,1.11466447751729,0.627407602885556,2.38417244743984,168
"436","CUI_T_CELL_CD4_IL7_RESPONSE_DN",0.985879332477535,1,0.0251307059474849,0.188106599449988,0.65139746273388,79
"437","CUI_T_CELL_CD4_IL7_RESPONSE_UP",4.87920926713434e-28,3.63152575453856e-26,1.37274298193398,0.606713544374118,2.40800302145573,295
"438","CUI_T_CELL_CD4_OSM_RESPONSE_UP",0.60790273556231,0.837876521767099,0.0559428593065705,0.341492747863697,0.885375014249446,18
"439","CUI_T_CELL_CD4_TL1A_RESPONSE_DN",0.858231707317073,1,0.0402477565068868,0.274798810196553,0.706475958584472,17
"440","CUI_T_CELL_CD4_TL1A_RESPONSE_UP",0.579268292682927,0.827068521731242,0.0480220415968251,0.263070161770496,0.942090436411324,101
"441","CUI_T_CELL_CD4_TNFA_RESPONSE_DN",0.0624133148404993,0.211151539168183,0.211400189384923,0.457269045391215,1.40707496922924,37
"442","CUI_T_CELL_CD4_TNFA_RESPONSE_UP",0.213936430317848,0.486728734478598,0.0992333343771191,0.323647122992376,1.15556859072439,97
"443","CUI_T_CELL_CD4_TSLP_RESPONSE_DN",0.971794871794872,1,0.0584693210386381,-0.222957396807993,-0.566764197032876,10
"444","CUI_T_CELL_CD4_TSLP_RESPONSE_UP",0.000241543784468582,0.00206302150341199,0.518848077743792,0.644617717737687,1.90624493045039,31
"445","CUI_T_CELL_CD8_IFNA1_RESPONSE_DN",0.167396061269147,0.42351876562524,0.107554375265169,0.293694817359362,1.14987438895641,241
"446","CUI_T_CELL_CD8_IFNA1_RESPONSE_UP",0.717321997874601,0.925061289338286,0.0317090865085553,0.228503967591796,0.911779574743426,316
"447","CUI_T_CELL_CD8_IFNB_RESPONSE_DN",0.187927107061503,0.462922803530014,0.102821842840815,0.302433892528187,1.15315641414703,173
"448","CUI_T_CELL_CD8_IFNB_RESPONSE_UP",0.971030042918455,1,0.0148592627836833,0.191016763546518,0.755948346468855,268
"449","CUI_T_CELL_CD8_IFNE_RESPONSE_UP",0.93448275862069,1,0.0749278818393739,-0.214652621913927,-0.729600562049307,35
"450","CUI_T_CELL_CD8_IFNG_RESPONSE_UP",0.581578947368421,0.827068521731242,0.0513223330421143,0.277546552527986,0.937760410807591,68
"451","CUI_T_CELL_CD8_IFNK_RESPONSE_UP",0.411764705882353,0.710216673841297,0.13880510939114,-0.254796266291775,-1.01494225982242,70
"452","CUI_T_CELL_CD8_IL12_RESPONSE_UP",0.0209834715836694,0.103135742406526,0.352487857583619,0.480904169360706,1.50313746139874,41
"453","CUI_T_CELL_CD8_IL15_RESPONSE_DN",0.983606557377049,1,0.12384217120105,-0.162563035810036,-0.746651234960307,178
"454","CUI_T_CELL_CD8_IL18_RESPONSE_DN",0.899515738498789,1,0.0268860833830403,0.211539801372963,0.764712882154599,111
"455","CUI_T_CELL_CD8_IL18_RESPONSE_UP",6.69324877382157e-31,6.97436522232208e-29,1.44620288250144,0.638237185807306,2.52798294235725,276
"456","CUI_T_CELL_CD8_IL1A_RESPONSE_DN",0.168421052631579,0.423900330536486,0.11146266692298,0.315257144801936,1.16904175757435,137
"457","CUI_T_CELL_CD8_IL1A_RESPONSE_UP",0.84971098265896,1,0.0274480081801021,0.215733897280272,0.819796909551097,168
"458","CUI_T_CELL_CD8_IL1B_RESPONSE_DN",0.210975609756098,0.482097774925118,0.0999276973731092,0.32096501564612,1.14902449500239,100
"459","CUI_T_CELL_CD8_IL1B_RESPONSE_UP",0.527186761229314,0.796128413334704,0.0509082865515105,0.264608649837296,0.972214650766586,128
"460","CUI_T_CELL_CD8_IL21_RESPONSE_UP",1.47407149872291e-09,2.39997265885824e-08,0.788186810800237,0.728084403056122,2.32180540635623,48
"461","CUI_T_CELL_CD8_IL27_RESPONSE_UP",0.191977077363897,0.462922803530014,0.116234148779716,0.422376451074452,1.21586464671643,27
"462","CUI_T_CELL_CD8_IL2_RESPONSE_DN",0.932098765432099,1,0.108394255853397,-0.18443715679985,-0.815974876665219,124
"463","CUI_T_CELL_CD8_IL36A_RESPONSE_DN",0.506787330316742,0.779618536689321,0.0507027937029348,0.257546460385577,0.986880393360364,182
"464","CUI_T_CELL_CD8_IL36A_RESPONSE_UP",3.45938803259461e-36,6.00780388327264e-34,1.56318197862453,0.598344622134644,2.42940290072793,415
"465","CUI_T_CELL_CD8_IL4_RESPONSE_DN",0.362676056338028,0.659655493939245,0.0683110858318647,0.280063884426733,1.04805706067006,149
"466","CUI_T_CELL_CD8_IL4_RESPONSE_UP",2.60009602713531e-39,6.77325015068749e-37,1.63441895776255,0.636346218924503,2.56620474437772,351
"467","CUI_T_CELL_CD8_IL7_RESPONSE_DN",0.226315789473684,0.495422379478107,0.216542836735348,-0.255534878653343,-1.10273902719383,102
"468","CUI_T_CELL_CD8_IL7_RESPONSE_UP",6.90736031538811e-47,3.59873472431721e-44,1.78578387179408,0.64202578171201,2.59840304961745,402
"469","CUI_T_CELL_CD8_OSM_RESPONSE_UP",0.0596546310832025,0.204406637598195,0.231126709673834,0.620733864094045,1.48542889509932,12
"470","CUI_T_CELL_CD8_TL1A_RESPONSE_UP",0.224928366762178,0.495422379478107,0.105920292736253,0.407398527713002,1.18216752114899,28
"471","CUI_T_CELL_CD8_TNFA_RESPONSE_DN",0.277777777777778,0.565321180555556,0.0899860794997137,0.358469954160229,1.12045112355842,41
"472","CUI_T_CELL_CD8_TNFA_RESPONSE_UP",0.08300395256917,0.251424763305451,0.176694268938498,0.387628477123132,1.30694602927029,67
"473","CUI_T_CELL_CD8_TSLP_RESPONSE_UP",0.000127221291760493,0.00122744987050401,0.518848077743792,0.700297117886192,1.94694709417039,23
"474","CUI_T_CELL_GD_APRIL_RESPONSE_DN",0.529411764705882,0.79717783066984,0.065981614400873,0.420375718027273,0.954574378958005,10
"475","CUI_T_CELL_GD_BAFF_RESPONSE_DN",0.666666666666667,0.895189003436426,0.0891647117820678,-0.279562812223897,-0.887803288315315,25
"476","CUI_T_CELL_GD_C5A_RESPONSE_DN",0.307692307692308,0.594435667895384,0.12384217120105,-0.439671032029865,-1.11765657024432,10
"477","CUI_T_CELL_GD_CD40L_RESPONSE_UP",0.450549450549451,0.748585394756332,0.072003313661988,0.423191868400707,1.01270683920386,12
"478","CUI_T_CELL_GD_EGF_RESPONSE_DN",0.0731707317073171,0.229650308551278,0.276500599254472,-0.533910048376473,-1.46363567767915,13
"479","CUI_T_CELL_GD_FASL_RESPONSE_DN",0.049101828932355,0.189496687953755,0.321775918075361,-0.505731626012147,-1.48633468170977,17
"480","CUI_T_CELL_GD_GM_CSF_RESPONSE_UP",2.02642315444476e-05,0.000239946923514936,0.575610261071129,0.636648651502756,1.98993998969679,41
"481","CUI_T_CELL_GD_IFNA1_RESPONSE_DN",0.210778443113772,0.482097774925118,0.0988903007520636,0.313055753783334,1.13871044561378,117
"482","CUI_T_CELL_GD_IFNA1_RESPONSE_UP",0.0437477299985686,0.173954591507783,0.321775918075361,-0.244344204754836,-1.15119898834368,248
"483","CUI_T_CELL_GD_IFNB_RESPONSE_DN",0.688644688644689,0.906019906019906,0.0401660980049421,0.248497945677907,0.885918799569114,95
"484","CUI_T_CELL_GD_IFNB_RESPONSE_UP",0.202728550942449,0.475772860545118,0.249246554383295,-0.221094449677761,-1.06608635746674,277
"485","CUI_T_CELL_GD_IFNE_RESPONSE_UP",0.795053003533569,0.974868347338935,0.0847985102819124,-0.240031341909625,-0.822766132484296,36
"486","CUI_T_CELL_GD_IFNG_RESPONSE_UP",0.569682151589242,0.826567615210275,0.0488970772260102,0.265225985696662,0.947742289491177,98
"487","CUI_T_CELL_GD_IFNK_RESPONSE_UP",0.0239684342667701,0.113523220481702,0.352487857583619,-0.360724529232583,-1.39222030462557,60
"488","CUI_T_CELL_GD_IL12_RESPONSE_UP",0.192118226600985,0.462922803530014,0.106323255932708,0.329713341445507,1.16852147742722,93
"489","CUI_T_CELL_GD_IL13_RESPONSE_DN",0.150684931506849,0.390581339875963,0.190023305279108,-0.48970803615262,-1.30026067358888,12
"490","CUI_T_CELL_GD_IL15_RESPONSE_DN",0.0583597106303095,0.201360326082061,0.321775918075361,-0.312086522294437,-1.27119251056594,75
"491","CUI_T_CELL_GD_IL15_RESPONSE_UP",4.8214265956563e-14,1.39553514240941e-12,0.965327754226083,0.471577519259601,1.91336462389203,412
"492","CUI_T_CELL_GD_IL17E_RESPONSE_UP",4.95949360987209e-05,0.000516779234148672,0.557332238758646,0.59621931623739,1.91991175546018,50
"493","CUI_T_CELL_GD_IL18_RESPONSE_DN",0.858024691358025,1,0.11378726182188,-0.193805867010591,-0.853409768135147,118
"494","CUI_T_CELL_GD_IL18_RESPONSE_UP",3.24551119950625e-28,2.81818555823793e-26,1.38026491759359,0.54687488954782,2.22561625230439,455
"495","CUI_T_CELL_GD_IL1A_RESPONSE_DN",0.0668080593849417,0.218377421758569,0.176694268938498,0.305044532980912,1.21826512460457,323
"496","CUI_T_CELL_GD_IL1B_RESPONSE_DN",0.305084745762712,0.594435667895384,0.0718276293603809,0.268355407665373,1.07235567697385,325
"497","CUI_T_CELL_GD_IL1B_RESPONSE_UP",2.78561851362672e-18,1.11639018892271e-16,1.10533657731401,0.486549075899558,1.98766961594262,487
"498","CUI_T_CELL_GD_IL1RA_RESPONSE_DN",0.0794871794871795,0.24504627522379,0.257206466468838,-0.567130978852177,-1.44166346774506,10
"499","CUI_T_CELL_GD_IL21_RESPONSE_DN",0.0395536638389684,0.167540315935793,0.321775918075361,-0.615625741797827,-1.63459425333838,12
"500","CUI_T_CELL_GD_IL21_RESPONSE_UP",0.000200065769088161,0.00179714251198159,0.518848077743792,0.639947667173721,1.92616853281406,33
"501","CUI_T_CELL_GD_IL23_RESPONSE_DN",0.928571428571429,1,0.0307037368093842,0.220885386989398,0.711282643049198,50
"502","CUI_T_CELL_GD_IL23_RESPONSE_UP",1.19388658743259e-17,4.44296365751699e-16,1.0864405425825,0.525413812477731,2.11103203717543,337
"503","CUI_T_CELL_GD_IL27_RESPONSE_DN",0.0015196391659223,0.0111511550062749,0.45505986738723,-0.746478661167046,-1.98203169058531,12
"504","CUI_T_CELL_GD_IL27_RESPONSE_UP",0.313807531380753,0.598277511961722,0.0847985102819124,0.362382416919924,1.09928318680462,34
"505","CUI_T_CELL_GD_IL2_RESPONSE_DN",0.734042553191489,0.938386491557223,0.114266502484433,-0.212491577819071,-0.906119235060146,94
"506","CUI_T_CELL_GD_IL2_RESPONSE_UP",1.86996182169505e-20,1.08250012122569e-18,1.16906996676109,0.538239444570946,2.17469484089914,361
"507","CUI_T_CELL_GD_IL33_RESPONSE_UP",0.282714054927302,0.572832678083561,0.0992333343771191,0.490859087003142,1.1463942511629,11
"508","CUI_T_CELL_GD_IL36A_RESPONSE_DN",0.499363057324841,0.778946565467791,0.0568864160475701,0.284463137708105,0.987480962447399,82
"509","CUI_T_CELL_GD_IL36A_RESPONSE_UP",1.3006474828919e-14,3.98610199168636e-13,0.986546283587582,0.508194354553745,2.02780388176795,316
"510","CUI_T_CELL_GD_IL4_RESPONSE_DN",0.684053651266766,0.904548102309607,0.0495901956956338,0.308175344516904,0.843491493670582,21
"511","CUI_T_CELL_GD_IL4_RESPONSE_UP",4.36395289237107e-11,8.5536711033466e-10,0.851339057116899,0.597400127940439,2.18145709961263,120
"512","CUI_T_CELL_GD_IL7_RESPONSE_DN",0.875912408759124,1,0.12384217120105,-0.188413867964314,-0.869819026124295,167
"513","CUI_T_CELL_GD_NOGGIN_RESPONSE_DN",0.0867554992739267,0.259644104438523,0.287805130535564,-0.45904119956624,-1.42536704197483,21
"514","CUI_T_CELL_GD_OSM_RESPONSE_DN",0.0986301369863014,0.284088510518539,0.237793834423688,-0.518147823966972,-1.3757732952537,12
"515","CUI_T_CELL_GD_OSM_RESPONSE_UP",0.815165876777251,0.985386129468557,0.0442407423477375,0.303867717539859,0.738193304971782,13
"516","CUI_T_CELL_GD_TGF_BETA_1_RESPONSE_UP",0.477124183006536,0.762520550142347,0.0711327399327894,0.435566579228193,0.989069251698881,10
"517","CUI_T_CELL_GD_TL1A_RESPONSE_DN",0.951156812339332,1,0.0270967423183296,0.201045991205589,0.694077123250906,78
"518","CUI_T_CELL_GD_TL1A_RESPONSE_UP",0.00109835481612204,0.00829337477100841,0.45505986738723,0.410141112064529,1.55231996086672,162
"519","CUI_T_CELL_GD_TNFA_RESPONSE_DN",0.603151862464183,0.835564196769987,0.0535669384770951,0.3112779030858,0.896053264104287,27
"520","CUI_T_CELL_GD_TNFA_RESPONSE_UP",0.672798948751643,0.896491693860884,0.0445961615888961,0.263976217310989,0.886029713629099,66
"521","CUI_T_CELL_GD_TSLP_RESPONSE_UP",0.00752667726128902,0.0440606612711413,0.407017918923954,0.549811973074932,1.66784874123377,34
