"pathway","HET","padj_HET","MUT","padj_MUT","description","mean_coef"
"REACTOME_INSULIN_RECEPTOR_SIGNALLING_CASCADE",-2.22581423584049,0.000163606531625473,-2.24996034818626,0.000101445310989882,NA,-2.23788729201337
"REACTOME_SIGNALING_BY_EGFR",-2.12455866274432,0.000440345594789267,-2.31157228765315,1.24226214093913e-05,NA,-2.21806547519873
"REACTOME_RHOC_GTPASE_CYCLE",-2.15102692349428,5.77524085923253e-05,-2.25077157058576,8.03267026655333e-06,NA,-2.20089924704002
"REACTOME_SYNTHESIS_OF_PIPS_AT_THE_PLASMA_MEMBRANE",-2.13607689967938,0.000159016428680728,-2.23295179621696,3.50678153548351e-05,NA,-2.18451434794817
"REACTOME_IRS_MEDIATED_SIGNALLING",-2.1373432801106,0.00134744896971984,-2.17385423953639,0.000552920585574973,NA,-2.1555987598235
"REACTOME_SIGNALING_BY_TYPE_1_INSULIN_LIKE_GROWTH_FACTOR_1_RECEPTOR_IGF1R",-2.14775231595482,0.000784373416448285,-2.16199217402667,0.000344841713539472,NA,-2.15487224499075
"REACTOME_SIGNALING_BY_BMP",-2.06284182305637,0.00217662018379522,-2.21362235458072,0.000344841713539472,NA,-2.13823208881854
"REACTOME_EGFR_DOWNREGULATION",-2.09742137524622,0.00176727097338964,-2.08909307931266,0.00114991187338572,NA,-2.09325722727944
"REACTOME_RHOB_GTPASE_CYCLE",-1.86707278665056,0.00203020300595922,-2.30199677759022,1.61221754372044e-06,NA,-2.08453478212039
"REACTOME_DOWNREGULATION_OF_SMAD2_3_SMAD4_TRANSCRIPTIONAL_ACTIVITY",-2.01717513908926,0.00701528161722966,-2.09630996570985,0.00161870719609536,NA,-2.05674255239956
"REACTOME_RHOF_GTPASE_CYCLE",-1.89951313791825,0.00658979782318839,-2.20361688420436,0.000101445310989882,NA,-2.0515650110613
"REACTOME_INTERLEUKIN_17_SIGNALING",-1.9923019094909,0.00147039375646694,-2.07727152021831,0.000119647447157898,NA,-2.0347867148546
"REACTOME_PI_METABOLISM",-2.06056214949445,0.000159016428680728,-1.96939354716416,0.000350724036326276,NA,-2.01497784832931
"REACTOME_SIGNALING_BY_MET",-1.85947768786461,0.00241185597130827,-2.15832531928088,2.35623517472956e-05,NA,-2.00890150357275
"REACTOME_RHOJ_GTPASE_CYCLE",-1.98690274644757,0.00499689216660971,-2.02677444779861,0.00222191361477433,NA,-2.00683859712309
"REACTOME_TRANSCRIPTIONAL_ACTIVITY_OF_SMAD2_SMAD3_SMAD4_HETEROTRIMER",-1.90710965044073,0.00839029746888121,-2.05722773583447,0.000975165780027396,NA,-1.9821686931376
"REACTOME_NRAGE_SIGNALS_DEATH_THROUGH_JNK",-1.85345493533314,0.00653866773209761,-2.03822341610924,0.00045074063598828,NA,-1.94583917572119
"REACTOME_SIGNALING_BY_HIPPO",-1.85172553891157,0.0198502894151852,-2.03671509085775,0.00240921512209357,NA,-1.94422031488466
"REACTOME_PI3K_EVENTS_IN_ERBB2_SIGNALING",-2.0801087637574,0.00211797101930629,-1.79915009998712,0.0405359046760577,NA,-1.93962943187226
"REACTOME_RETROGRADE_TRANSPORT_AT_THE_TRANS_GOLGI_NETWORK",-1.95071936078522,0.00224781734465003,-1.92777779443453,0.00259970308113871,NA,-1.93924857760988
"REACTOME_BETA_CATENIN_PHOSPHORYLATION_CASCADE",-1.89310755313162,0.0102684993306814,-1.96938694353587,0.00394800087107279,NA,-1.93124724833375
"REACTOME_PI_3K_CASCADE_FGFR4",-1.91594503247614,0.0141923495257501,-1.93174709250746,0.0116429834569083,NA,-1.9238460624918
"REACTOME_NEGATIVE_REGULATION_OF_THE_PI3K_AKT_NETWORK",-2.03268703385498,8.20563811055039e-05,-1.80693632014248,0.000383596690893855,NA,-1.91981167699873
"REACTOME_DEATH_RECEPTOR_SIGNALING",-1.83861617101817,0.000341289109388055,-1.99410204781789,5.2097809621932e-06,NA,-1.91635910941803
"REACTOME_RHOQ_GTPASE_CYCLE",-1.74749445956049,0.0141923495257501,-2.08444370853111,0.000147953014951483,NA,-1.9159690840458
"REACTOME_RHOA_GTPASE_CYCLE",-1.84472570143594,0.000159016428680728,-1.98570847728709,4.465599968007e-06,NA,-1.91521708936152
"REACTOME_GOLGI_ASSOCIATED_VESICLE_BIOGENESIS",-1.76944495091827,0.00714081720180508,-2.05424619169578,0.00063257507350506,NA,-1.91184557130703
"REACTOME_SIGNALING_BY_NTRK1_TRKA",-1.84356188995032,0.00300353849605373,-1.95821453718553,0.000429968709909083,NA,-1.90088821356793
"REACTOME_DISASSEMBLY_OF_THE_DESTRUCTION_COMPLEX_AND_RECRUITMENT_OF_AXIN_TO_THE_MEMBRANE",-1.73752309509555,0.0340583579238434,-2.05572277433037,0.00161870719609536,NA,-1.89662293471296
"REACTOME_PI_3K_CASCADE_FGFR3",-1.92509085528478,0.0118517880888165,-1.85125509090842,0.0211023270359866,NA,-1.8881729730966
"REACTOME_OVARIAN_TUMOR_DOMAIN_PROTEASES",-1.94135783963128,0.0081221947210542,-1.828229836257,0.0150766096125806,NA,-1.88479383794414
"REACTOME_RHOD_GTPASE_CYCLE",-1.84474316260978,0.0067011202095021,-1.92454289975443,0.00155241966772668,NA,-1.8846430311821
"REACTOME_SIGNALING_BY_NTRKS",-1.86597726895121,0.00176727097338964,-1.89251348301149,0.000802183615169799,NA,-1.87924537598135
"REACTOME_MISCELLANEOUS_TRANSPORT_AND_BINDING_EVENTS",-1.81214286337422,0.0269445482710947,-1.92472781570347,0.00458676996169709,NA,-1.86843533953884
"REACTOME_RHO_GTPASE_CYCLE",-1.70092826700805,1.25948122303546e-06,-2.03446372364669,1.18664390195555e-12,NA,-1.86769599532737
"REACTOME_GAB1_SIGNALOSOME",-1.85872835741649,0.0141923495257501,-1.87484791292589,0.0101774820589726,NA,-1.86678813517119
"REACTOME_SHC1_EVENTS_IN_ERBB2_SIGNALING",-1.80545244415878,0.0298783256608893,-1.92242337820746,0.0124541309940965,NA,-1.86393791118312
"REACTOME_SUMOYLATION_OF_TRANSCRIPTION_COFACTORS",-1.85740011381456,0.0115847670612321,-1.86400881201221,0.00754134418717837,NA,-1.86070446291339
"REACTOME_SIGNALING_BY_FGFR3",-1.87862818936256,0.0126486282530721,-1.83739789961569,0.0146732352614593,NA,-1.85801304448912
"REACTOME_PI_3K_CASCADE_FGFR2",-1.89615978592806,0.0125853727190293,-1.81882623890051,0.0158895980944041,NA,-1.85749301241428
"REACTOME_P75_NTR_RECEPTOR_MEDIATED_SIGNALLING",-1.75492682285013,0.00893052939147047,-1.95549527055002,0.000273625541311423,NA,-1.85521104670008
"REACTOME_PREDNISONE_ADME",-1.84995428758583,0.0300914997622594,-1.85836359739593,0.0181687130092516,NA,-1.85415894249088
"REACTOME_JNK_C_JUN_KINASES_PHOSPHORYLATION_AND_ACTIVATION_MEDIATED_BY_ACTIVATED_HUMAN_TAK1",-1.89384823726332,0.0147204169046978,-1.79296892295411,0.0279392767105973,NA,-1.84340858010872
"REACTOME_MET_ACTIVATES_RAP1_AND_RAC1",-1.78979130118942,0.0387075016432264,-1.87544633233848,0.0160751468366968,NA,-1.83261881676395
"REACTOME_PROLONGED_ERK_ACTIVATION_EVENTS",-1.90488831516521,0.0147439440157761,-1.7484470215815,0.0604890087623175,NA,-1.82666766837335
"REACTOME_CELL_DEATH_SIGNALLING_VIA_NRAGE_NRIF_AND_NADE",-1.67414888685168,0.0117552700080487,-1.96925814019915,0.000351353382576368,NA,-1.82170351352541
"REACTOME_SIGNALING_BY_FGFR4",-1.84316557072588,0.0141923495257501,-1.79894951425876,0.0157211611125701,NA,-1.82105754249232
"REACTOME_ERYTHROPOIETIN_ACTIVATES_PHOSPHOINOSITIDE_3_KINASE_PI3K",-1.94836151189816,0.0147204169046978,-1.68370800798703,0.0569649728097041,NA,-1.8160347599426
"REACTOME_RAC1_GTPASE_CYCLE",-1.60288222702845,0.00224781734465003,-2.02673698643552,6.80001396407751e-07,NA,-1.81480960673198
"REACTOME_GASTRIN_CREB_SIGNALLING_PATHWAY_VIA_PKC_AND_MAPK",-1.70542483672256,0.0531943262161061,-1.92280291233343,0.0080802242304562,NA,-1.81411387452799
"REACTOME_DOWNSTREAM_SIGNALING_OF_ACTIVATED_FGFR2",-1.81882246362409,0.0220763169487401,-1.79766598634305,0.0272451136259753,NA,-1.80824422498357
"REACTOME_MITOTIC_TELOPHASE_CYTOKINESIS",-1.82329694313622,0.0269445482710947,-1.78798933650484,0.0456978745088593,NA,-1.80564313982053
"REACTOME_SIGNALING_BY_PDGF",-1.70480329034339,0.0110263462067092,-1.90334474732157,0.00239457009791085,NA,-1.80407401883248
"REACTOME_DOWNSTREAM_SIGNALING_OF_ACTIVATED_FGFR3",-1.77482291169164,0.0422320677422025,-1.83319022085826,0.0175188865018789,NA,-1.80400656627495
"REACTOME_SIGNALING_BY_ERYTHROPOIETIN",-1.94503683197331,0.0147204169046978,-1.66080684952974,0.0618063020082652,NA,-1.80292184075152
"REACTOME_ERBB2_REGULATES_CELL_MOTILITY",-1.94549091906136,0.00918612419227024,-1.65277071420568,0.058290873160763,NA,-1.79913081663352
"REACTOME_DOWNSTREAM_SIGNALING_OF_ACTIVATED_FGFR4",-1.70987305882488,0.0463390171641698,-1.88333651272828,0.0145451406636744,NA,-1.79660478577658
"REACTOME_ERBB2_ACTIVATES_PTK6_SIGNALING",-1.88438720442425,0.023660801882814,-1.70434570494731,0.052071997391162,NA,-1.79436645468578
"REACTOME_RAC3_GTPASE_CYCLE",-1.60649309222976,0.0206753031014514,-1.97747980296314,6.59808267154071e-05,NA,-1.79198644759645
"REACTOME_MET_PROMOTES_CELL_MOTILITY",-1.65730695965661,0.0387075016432264,-1.92655347180955,0.00677131473156009,NA,-1.79193021573308
"REACTOME_SIGNALING_BY_ERBB4",-1.74125281001948,0.0309516188255834,-1.83596939983796,0.01528061651348,NA,-1.78861110492872
"REACTOME_TOLL_LIKE_RECEPTOR_9_TLR9_CASCADE",-1.74526081390555,0.00398626588612206,-1.83192894619385,0.000744402809830789,NA,-1.7885948800497
"REACTOME_SIGNALING_BY_TGFB_FAMILY_MEMBERS",-1.69789036898742,0.00420816650932194,-1.86272656387669,0.00028038440352299,NA,-1.78030846643205
"REACTOME_COHESIN_LOADING_ONTO_CHROMATIN",-1.83567574990185,0.0347682755389836,-1.72474735567557,0.0444417969819325,NA,-1.78021155278871
"REACTOME_SUMOYLATION_OF_INTRACELLULAR_RECEPTORS",-1.83457774694064,0.0147204169046978,-1.72107029657052,0.0245069276792878,NA,-1.77782402175558
"REACTOME_RAC2_GTPASE_CYCLE",-1.75494679527108,0.00712162409899111,-1.79159347955592,0.00066285486924078,NA,-1.7732701374135
"REACTOME_SIGNALING_BY_ERBB2",-1.72282396772274,0.0309516188255834,-1.82239751317718,0.00880133571511268,NA,-1.77261074044996
"REACTOME_ACTIVATED_TAK1_MEDIATES_P38_MAPK_ACTIVATION",-1.77831278640505,0.0340537165879553,-1.75853286472577,0.0279111706713874,NA,-1.76842282556541
"REACTOME_TOLL_LIKE_RECEPTOR_4_TLR4_CASCADE",-1.70197835274993,0.00502401138094531,-1.81965556633234,0.000350724036326276,NA,-1.76081695954113
"REACTOME_NEGATIVE_REGULATION_OF_MET_ACTIVITY",-1.67287497818359,0.0825966103725279,-1.84873442355913,0.0158895980944041,NA,-1.76080470087136
"REACTOME_RND2_GTPASE_CYCLE",-1.56969646107764,0.0560353603329141,-1.94199926509994,0.00299811739634815,NA,-1.75584786308879
"REACTOME_SIGNALING_BY_TGF_BETA_RECEPTOR_COMPLEX",-1.62346792361999,0.0178872896555591,-1.88147473482011,0.00218039623393507,NA,-1.75247132922005
"REACTOME_SYNTHESIS_OF_PIPS_AT_THE_EARLY_ENDOSOME_MEMBRANE",-1.89603883273995,0.0213026294505181,-1.60671752405218,0.0815665428719469,NA,-1.75137817839606
"REACTOME_FOXO_MEDIATED_TRANSCRIPTION",-1.5139089637223,0.133883626536803,-1.9845174251251,0.00525660734707462,NA,-1.7492131944237
"REACTOME_SYNTHESIS_OF_PIPS_AT_THE_LATE_ENDOSOME_MEMBRANE",-1.91037007065375,0.0194764272732497,-1.58767763523239,0.0982543749363702,NA,-1.74902385294307
"REACTOME_RHOU_GTPASE_CYCLE",-1.56077952953603,0.0557064310281115,-1.9104144742701,0.00284150269998689,NA,-1.73559700190307
"REACTOME_SIGNALING_BY_FGFR1",-1.71824359021216,0.0298783256608893,-1.73403256313441,0.0177066955392424,NA,-1.72613807667329
"REACTOME_SIGNALLING_TO_ERKS",-1.61484860126209,0.050188441791417,-1.82479471642594,0.0173362790624105,NA,-1.71982165884401
"REACTOME_XENOBIOTICS",-2.06026438645937,0.00453954099311413,-1.37451550282705,0.221136142360007,NA,-1.71738994464321
"REACTOME_MAPK_TARGETS_NUCLEAR_EVENTS_MEDIATED_BY_MAP_KINASES",-1.62738047313068,0.0779498516754027,-1.80594161780616,0.0195390431345819,NA,-1.71666104546842
"REACTOME_PI_3K_CASCADE_FGFR1",-1.7736785413891,0.0272813112803406,-1.65620620637594,0.0569649728097041,NA,-1.71494237388252
"REACTOME_CDC42_GTPASE_CYCLE",-1.60432144584099,0.015830509053043,-1.81990958775765,0.000930611523726276,NA,-1.71211551679932
"REACTOME_TOLL_LIKE_RECEPTOR_CASCADES",-1.70338240980732,0.00211797101930629,-1.71897388899133,0.000519072467233441,NA,-1.71117814939932
"REACTOME_TRANS_GOLGI_NETWORK_VESICLE_BUDDING",-1.63934977921821,0.0168108157960106,-1.76951419496932,0.00274659442189699,NA,-1.70443198709376
"REACTOME_VEGFR2_MEDIATED_VASCULAR_PERMEABILITY",-1.64438300131672,0.0362311754042135,-1.76286918580443,0.0189340463368006,NA,-1.70362609356058
"REACTOME_PEROXISOMAL_LIPID_METABOLISM",-1.75576921867584,0.0168108157960106,-1.6398153358789,0.0444417969819325,NA,-1.69779227727737
"REACTOME_REGULATION_OF_TP53_DEGRADATION",-1.80861563486991,0.0147204169046978,-1.56806315102339,0.0563737578376796,NA,-1.68833939294665
"REACTOME_MYD88_MAL_TIRAP_CASCADE_INITIATED_ON_PLASMA_MEMBRANE",-1.65932687988007,0.0147691770498435,-1.69266212045191,0.00458676996169709,NA,-1.67599450016599
"REACTOME_DOWNSTREAM_SIGNALING_OF_ACTIVATED_FGFR1",-1.60221367846347,0.0829833404786255,-1.73940057603044,0.0426711996233242,NA,-1.67080712724696
"REACTOME_RUNX1_INTERACTS_WITH_CO_FACTORS_WHOSE_PRECISE_EFFECT_ON_RUNX1_TARGETS_IS_NOT_KNOWN",-1.65405662934161,0.0420490102832231,-1.67880024191335,0.0262152118837651,NA,-1.66642843562748
"REACTOME_NEGATIVE_REGULATION_OF_FGFR2_SIGNALING",-1.68905033238922,0.0592218562094215,-1.62777066136629,0.0569649728097041,NA,-1.65841049687775
"REACTOME_INTRA_GOLGI_TRAFFIC",-1.88330927829322,0.0100373365671411,-1.42984809104316,0.125128585680314,NA,-1.65657868466819
"REACTOME_RAF_ACTIVATION",-1.5168843013049,0.113565659835125,-1.78305746686169,0.0151192174223553,NA,-1.6499708840833
"REACTOME_APOPTOTIC_CLEAVAGE_OF_CELLULAR_PROTEINS",-1.50639706836083,0.103145125516722,-1.79121985808743,0.0104612539062235,NA,-1.64880846322413
"REACTOME_SIGNALING_BY_ACTIVIN",-1.57715228271888,0.143604477053231,-1.71497417603692,0.0450688992634504,NA,-1.6460632293779
"REACTOME_NUCLEAR_RECEPTOR_TRANSCRIPTION_PATHWAY",-1.61094428706846,0.0408270114005728,-1.66130997454967,0.0239201068949259,NA,-1.63612713080907
"REACTOME_ATORVASTATIN_ADME",-1.68275313192301,0.050188441791417,-1.58718034881292,0.0904915936820594,NA,-1.63496674036797
"REACTOME_IKK_COMPLEX_RECRUITMENT_MEDIATED_BY_RIP1",-1.62583331728954,0.0837612607180966,-1.62874941039001,0.0569649728097041,NA,-1.62729136383978
"REACTOME_MISCELLANEOUS_SUBSTRATES",-1.74881334910249,0.0326843442253092,-1.4931562416615,0.123005470271957,NA,-1.62098479538199
"REACTOME_SHC1_EVENTS_IN_EGFR_SIGNALING",-1.50567428866488,0.138223837179518,-1.73313886311699,0.0316924221459233,NA,-1.61940657589094
"REACTOME_TURBULENT_OSCILLATORY_DISTURBED_FLOW_SHEAR_STRESS_ACTIVATES_SIGNALING_BY_PIEZO1_AND_INTEGRINS_IN_ENDOTHELIAL_CELLS",-1.21197918141889,0.345931674300551,-2.02509245612038,0.00161989380013002,NA,-1.61853581876964
"REACTOME_CO_STIMULATION_BY_CD28",-1.59536814475314,0.0257264919728712,-1.63928596070272,0.0266118779384392,NA,-1.61732705272793
"REACTOME_NEGATIVE_REGULATION_OF_FGFR3_SIGNALING",-1.66335166156374,0.0690532751869605,-1.55774474551702,0.104673029129745,NA,-1.61054820354038
"REACTOME_INTERLEUKIN_20_FAMILY_SIGNALING",-1.70874584348061,0.0698102948626973,-1.51076804161028,0.178804246600857,NA,-1.60975694254544
"REACTOME_RHOV_GTPASE_CYCLE",-1.47915480432248,0.125730045425049,-1.74033626545675,0.0190187827445908,NA,-1.60974553488962
"REACTOME_NOD1_2_SIGNALING_PATHWAY",-1.61789630267703,0.080333080535147,-1.59534677040431,0.0769562262052269,NA,-1.60662153654067
"REACTOME_PTK6_REGULATES_RHO_GTPASES_RAS_GTPASE_AND_MAP_KINASES",-1.42260033526494,0.212435469870711,-1.78774331610316,0.0203008227470989,NA,-1.60517182568405
"REACTOME_SIGNALING_BY_RECEPTOR_TYROSINE_KINASES",-1.50460167026524,0.000440345594789267,-1.69869251632003,2.42427972407156e-06,NA,-1.60164709329263
"REACTOME_RHOG_GTPASE_CYCLE",-1.4895352296606,0.0444315393124954,-1.70759980050378,0.00578407524862914,NA,-1.59856751508219
"REACTOME_MODULATION_OF_HOST_RESPONSES_BY_IFN_STIMULATED_GENES",-1.66506958852973,0.0896492171232676,-1.5168730454666,0.162831756129651,NA,-1.59097131699816
"REACTOME_SIGNALING_BY_NOTCH",-1.42585881313952,0.171036247957882,-1.74540372883838,0.0132985080696798,NA,-1.58563127098895
"REACTOME_RND1_GTPASE_CYCLE",-1.32743394666151,0.261147927664832,-1.84009309601653,0.0056966574027762,NA,-1.58376352133902
"REACTOME_PHOSPHOLIPID_METABOLISM",-1.57439860547428,0.00262831053049563,-1.5838690203183,0.00170873037233683,NA,-1.57913381289629
"REACTOME_RAB_REGULATION_OF_TRAFFICKING",-1.56819449409154,0.0141923495257501,-1.57803531179404,0.0113788996275087,NA,-1.57311490294279
"REACTOME_RND3_GTPASE_CYCLE",-1.26253888279658,0.270839757426251,-1.87399280464173,0.00409027001607959,NA,-1.56826584371916
"REACTOME_RHOBTB1_GTPASE_CYCLE",-1.44136771755886,0.198051746355676,-1.69020652526726,0.0366663331890691,NA,-1.56578712141306
"REACTOME_RAB_GEFS_EXCHANGE_GTP_FOR_GDP_ON_RABS",-1.56640607525028,0.0170582787361618,-1.55854748638032,0.0167194163780159,NA,-1.5624767808153
"REACTOME_ABC_TRANSPORTERS_IN_LIPID_HOMEOSTASIS",-1.75457215820009,0.0317846594224287,-1.34794998203198,0.231156403405207,NA,-1.55126107011603
"REACTOME_NEGATIVE_REGULATION_OF_FGFR4_SIGNALING",-1.5219027811426,0.125511184377879,-1.58055895995963,0.104766777912371,NA,-1.55123087055112
"REACTOME_SYNTHESIS_OF_BILE_ACIDS_AND_BILE_SALTS",-1.56290409898616,0.0660775613215775,-1.51880592987713,0.0924355215577379,NA,-1.54085501443164
"REACTOME_DOWNSTREAM_SIGNAL_TRANSDUCTION",-1.43276897570611,0.169620049240553,-1.62982655537498,0.0497433858840368,NA,-1.53129776554055
"REACTOME_BILE_ACID_AND_BILE_SALT_METABOLISM",-1.44412127893422,0.13647369579573,-1.59916968645749,0.0569649728097041,NA,-1.52164548269585
"REACTOME_CLATHRIN_MEDIATED_ENDOCYTOSIS",-1.41860581612781,0.0286039163199377,-1.59416754505108,0.00801488647616573,NA,-1.50638668058944
"REACTOME_SIGNALING_BY_INSULIN_RECEPTOR",-1.44908110492302,0.0760082767810194,-1.5567184450428,0.0329415149018504,NA,-1.50289977498291
"REACTOME_RHOBTB_GTPASE_CYCLE",-1.43634180108607,0.138223837179518,-1.56841465458406,0.0563737578376796,NA,-1.50237822783507
"REACTOME_NCAM_SIGNALING_FOR_NEURITE_OUT_GROWTH",-1.4353093215402,0.150716458483195,-1.56634041555041,0.0595905133522088,NA,-1.5008248685453
"REACTOME_REGULATION_OF_LIPID_METABOLISM_BY_PPARALPHA",-1.4837726366202,0.186458250326712,-1.51324739965457,0.119244513995344,NA,-1.49851001813738
"REACTOME_NERVOUS_SYSTEM_DEVELOPMENT",-1.27325777088989,0.0345722573931561,-1.70261528783874,0.000119647447157898,NA,-1.48793652936431
"REACTOME_PLATELET_SENSITIZATION_BY_LDL",-1.27778535382334,0.303824305944476,-1.6968977331035,0.0434277480428606,NA,-1.48734154346342
"REACTOME_CYTOCHROME_P450_ARRANGED_BY_SUBSTRATE_TYPE",-1.69491078058303,0.0163481183425523,-1.27696745426462,0.207314524555904,NA,-1.48593911742383
"REACTOME_FCERI_MEDIATED_MAPK_ACTIVATION",-1.55212650298979,0.110865685448883,-1.40698306679746,0.202871994315845,NA,-1.47955478489363
"REACTOME_APOPTOTIC_EXECUTION_PHASE",-1.35610024608494,0.176923043664365,-1.6018149002567,0.0346755192421927,NA,-1.47895757317082
"REACTOME_TRANSPORT_OF_INORGANIC_CATIONS_ANIONS_AND_AMINO_ACIDS_OLIGOPEPTIDES",-1.67406408040812,0.00929962668498461,-1.26825405792224,0.178804246600857,NA,-1.47115906916518
"REACTOME_G_ALPHA_12_13_SIGNALLING_EVENTS",-1.38311346725469,0.0883348659781663,-1.55752114666701,0.0282808646913016,NA,-1.47031730696085
"REACTOME_TNF_SIGNALING",-1.41233485595079,0.105194279702553,-1.52793649129166,0.0595905133522088,NA,-1.47013567362122
"REACTOME_ADENYLATE_CYCLASE_INHIBITORY_PATHWAY",-1.28455181056188,0.327262625015434,-1.64838814937891,0.0717247578336783,NA,-1.4664699799704
"REACTOME_SMAD2_SMAD3_SMAD4_HETEROTRIMER_REGULATES_TRANSCRIPTION",-1.42401671956514,0.206226012793177,-1.50077880200322,0.170837245376985,NA,-1.46239776078418
"REACTOME_RHOBTB3_ATPASE_CYCLE",-1.47096541732958,0.223273548933766,-1.44127970092061,0.181590846807344,NA,-1.4561225591251
"REACTOME_P2Y_RECEPTORS",-1.53796049954706,0.155355736306821,-1.36146291624138,0.242037196452523,NA,-1.44971170789422
"REACTOME_UNBLOCKING_OF_NMDA_RECEPTORS_GLUTAMATE_BINDING_AND_ACTIVATION",-1.36103604387739,0.23575593230755,-1.53636196419765,0.117117338992664,NA,-1.44869900403752
"REACTOME_MET_RECEPTOR_RECYCLING",-1.46507715207325,0.22858788168207,-1.4283220900769,0.185379523829066,NA,-1.44669962107508
"REACTOME_SYNDECAN_INTERACTIONS",-1.08761398193196,0.533657654729743,-1.80017808908249,0.0279392767105973,NA,-1.44389603550723
"REACTOME_NUCLEOTIDE_BINDING_DOMAIN_LEUCINE_RICH_REPEAT_CONTAINING_RECEPTOR_NLR_SIGNALING_PATHWAYS",-1.43752303744154,0.110079107969032,-1.4489199618857,0.0860062735509799,NA,-1.44322149966362
"REACTOME_FRS_MEDIATED_FGFR3_SIGNALING",-1.36888778854506,0.254491222789279,-1.51685303947931,0.138483110822357,NA,-1.44287041401219
"REACTOME_SHC1_EVENTS_IN_ERBB4_SIGNALING",-1.38927743528645,0.265014311406064,-1.49241440719707,0.162831756129651,NA,-1.44084592124176
"REACTOME_ASPIRIN_ADME",-1.84450046903718,0.0146695914819794,-1.03353913555806,0.5610071520355,NA,-1.43901980229762
"REACTOME_IRAK1_RECRUITS_IKK_COMPLEX",-1.54143361840093,0.155355736306821,-1.33483348383892,0.261220773686148,NA,-1.43813355111992
"REACTOME_EXTRA_NUCLEAR_ESTROGEN_SIGNALING",-1.36322121164108,0.126402284779155,-1.50166868205421,0.0704775768057577,NA,-1.43244494684765
"REACTOME_HYALURONAN_METABOLISM",-1.37179821262864,0.223779806259314,-1.48575222040514,0.128515126270619,NA,-1.42877521651689
"REACTOME_TRAF6_MEDIATED_INDUCTION_OF_TAK1_COMPLEX_WITHIN_TLR4_COMPLEX",-1.49558979655023,0.138223837179518,-1.36121633448251,0.245526547374597,NA,-1.42840306551637
"REACTOME_ERK_MAPK_TARGETS",-1.34558760172826,0.248526508009561,-1.51040860879778,0.132734805036511,NA,-1.42799810526302
"REACTOME_FCGAMMA_RECEPTOR_FCGR_DEPENDENT_PHAGOCYTOSIS",-1.44685317727315,0.0798221473862593,-1.40277712268089,0.0890398651270912,NA,-1.42481514997702
"REACTOME_SYNTHESIS_OF_PE",-1.34220194463108,0.307772968631476,-1.50618814652703,0.162831756129651,NA,-1.42419504557905
"REACTOME_DOWNREGULATION_OF_TGF_BETA_RECEPTOR_SIGNALING",-1.2825232045812,0.313867153321167,-1.56532064664896,0.14666008037506,NA,-1.42392192561508
"REACTOME_RECYCLING_OF_BILE_ACIDS_AND_SALTS",-1.07383257199823,0.593950017015286,-1.7586986954494,0.047542503273198,NA,-1.41626563372381
"REACTOME_BIOSYNTHESIS_OF_MARESINS",-1.59716760311205,0.119602037116963,-1.23501891077663,0.345452776623124,NA,-1.41609325694434
"REACTOME_CELLULAR_RESPONSES_TO_MECHANICAL_STIMULI",-1.23411962822126,0.231072482455106,-1.59072938845299,0.0375457064656427,NA,-1.41242450833712
"REACTOME_FRS_MEDIATED_FGFR2_SIGNALING",-1.33842607339469,0.271727581810455,-1.48373233834307,0.158582796513831,NA,-1.41107920586888
"REACTOME_SYNTHESIS_OF_PIPS_AT_THE_GOLGI_MEMBRANE",-1.5026306008997,0.213139483519862,-1.3169237989657,0.261876603130232,NA,-1.4097771999327
"REACTOME_NUCLEAR_EVENTS_KINASE_AND_TRANSCRIPTION_FACTOR_ACTIVATION",-1.3178853985033,0.247957340672572,-1.49381352632412,0.100183721063568,NA,-1.40584946241371
"REACTOME_HS_GAG_BIOSYNTHESIS",-1.51123691879878,0.118009038783155,-1.29875964614122,0.215698708802339,NA,-1.40499828247
"REACTOME_DEUBIQUITINATION",-1.48050073046215,0.00507880080970282,-1.32297167658105,0.0421815705916846,NA,-1.4017362035216
"REACTOME_INOSITOL_PHOSPHATE_METABOLISM",-1.24182203651916,0.307772968631476,-1.54955534891157,0.0498903971166832,NA,-1.39568869271536
"REACTOME_CARGO_RECOGNITION_FOR_CLATHRIN_MEDIATED_ENDOCYTOSIS",-1.36501380036855,0.0976722524271074,-1.42536923521988,0.0456978745088593,NA,-1.39519151779421
"REACTOME_GRB2_EVENTS_IN_ERBB2_SIGNALING",-1.41224041606362,0.25486102048806,-1.37634711997248,0.244456014598614,NA,-1.39429376801805
"REACTOME_SYNTHESIS_OF_IP3_AND_IP4_IN_THE_CYTOSOL",-1.34155726637538,0.246176704152471,-1.44071353662911,0.147035594434067,NA,-1.39113540150225
"REACTOME_SIGNALING_BY_VEGF",-1.26119932598966,0.155355736306821,-1.51707899042946,0.0211573182991484,NA,-1.38913915820956
"REACTOME_RHO_GTPASES_ACTIVATE_WASPS_AND_WAVES",-1.39984447827632,0.168620229205095,-1.37555865461723,0.166312374106211,NA,-1.38770156644678
"REACTOME_TAK1_DEPENDENT_IKK_AND_NF_KAPPA_B_ACTIVATION",-1.46958843452661,0.115036932572265,-1.30369376394194,0.162831756129651,NA,-1.38664109923428
"REACTOME_FRS_MEDIATED_FGFR4_SIGNALING",-1.22277505254839,0.38646227721858,-1.55033269999192,0.140363545216492,NA,-1.38655387627016
"REACTOME_FLT3_SIGNALING",-1.30728201974561,0.26645606817514,-1.45969168384234,0.131659493352037,NA,-1.38348685179397
"REACTOME_DOWNREGULATION_OF_ERBB2_SIGNALING",-1.37406406215421,0.254491222789279,-1.38842086579816,0.2045944005743,NA,-1.38124246397618
"REACTOME_CO_INHIBITION_BY_CTLA4",-1.2200569329016,0.380863737900223,-1.53780726491597,0.0982543749363702,NA,-1.37893209890878
"REACTOME_ACTIVATION_OF_THE_AP_1_FAMILY_OF_TRANSCRIPTION_FACTORS",-1.29781259246187,0.364412017925341,-1.44743606569267,0.178804246600857,NA,-1.37262432907727
"REACTOME_ROLE_OF_LAT2_NTAL_LAB_ON_CALCIUM_MOBILIZATION",-1.44913731699621,0.204786273594461,-1.29378547332302,0.291467864159416,NA,-1.37146139515962
"REACTOME_CD28_DEPENDENT_PI3K_AKT_SIGNALING",-1.48054470279332,0.0827267281939948,-1.25437438554913,0.261738578680203,NA,-1.36745954417123
"REACTOME_G_PROTEIN_MEDIATED_EVENTS",-1.28143870049131,0.268637695934752,-1.45127287364604,0.110983919550036,NA,-1.36635578706868
"REACTOME_FORMATION_OF_WDR5_CONTAINING_HISTONE_MODIFYING_COMPLEXES",-1.38631300462,0.155061507420709,-1.34337689165892,0.195081716842217,NA,-1.36484494813946
"REACTOME_CROSSLINKING_OF_COLLAGEN_FIBRILS",-1.6236484985762,0.103152102920123,-1.10165070727923,0.477444356120827,NA,-1.36264960292772
"REACTOME_DEVELOPMENTAL_BIOLOGY",-1.14617779758898,0.177632701747955,-1.57177589630641,0.000101445310989882,NA,-1.35897684694769
"REACTOME_METABOLISM_OF_STEROIDS",-1.21924116096408,0.257514942137587,-1.49821421026965,0.0336998633497313,NA,-1.35872768561687
"REACTOME_ESTABLISHMENT_OF_SISTER_CHROMATID_COHESION",-1.51839656802908,0.164966114471872,-1.19534878392878,0.392155175381226,NA,-1.35687267597893
"REACTOME_INTRA_GOLGI_AND_RETROGRADE_GOLGI_TO_ER_TRAFFIC",-1.36066964116846,0.0377299096947092,-1.3528243119064,0.0516136123168484,NA,-1.35674697653743
"REACTOME_ADENYLATE_CYCLASE_ACTIVATING_PATHWAY",-1.27617466285372,0.380059283799394,-1.43721056477765,0.181590846807344,NA,-1.35669261381569
"REACTOME_SPHINGOLIPID_DE_NOVO_BIOSYNTHESIS",-1.39809823438956,0.207496653279786,-1.3106264092059,0.204552952820851,NA,-1.35436232179773
"REACTOME_AKT_PHOSPHORYLATES_TARGETS_IN_THE_NUCLEUS",-1.13645299634358,0.488512518409426,-1.56896763620117,0.110107462548015,NA,-1.35271031627238
"REACTOME_TBC_RABGAPS",-1.33978747983658,0.240700414108239,-1.35542291913677,0.161212803739667,NA,-1.34760519948667
"REACTOME_SIGNALING_BY_PTK6",-1.35822015642619,0.175506653861185,-1.32703866572052,0.18740529650429,NA,-1.34262941107335
"REACTOME_LAMININ_INTERACTIONS",-1.43009172841174,0.203415369161226,-1.24154435242882,0.325107738859343,NA,-1.33581804042028
"REACTOME_BETA_OXIDATION_OF_VERY_LONG_CHAIN_FATTY_ACIDS",-1.43882753952296,0.205858205351106,-1.22976067345849,0.363139398672394,NA,-1.33429410649072
"REACTOME_ENDOGENOUS_STEROLS",-1.28739519665535,0.320645845395229,-1.38102701811947,0.218247904296193,NA,-1.33421110738741
"REACTOME_SPRY_REGULATION_OF_FGF_SIGNALING",-1.38230953166238,0.247957340672572,-1.27943592879636,0.318722943722944,NA,-1.33087273022937
"REACTOME_SUMOYLATION_OF_IMMUNE_RESPONSE_PROTEINS",-1.27614832992954,0.358521723620085,-1.38298522949501,0.231156403405207,NA,-1.32956677971227
"REACTOME_AKT_PHOSPHORYLATES_TARGETS_IN_THE_CYTOSOL",-1.20620024193009,0.433571080257002,-1.45117494121702,0.174169928954618,NA,-1.32868759157355
"REACTOME_RET_SIGNALING",-1.31098712551782,0.256606527756762,-1.34277736468238,0.181590846807344,NA,-1.3268822451001
"REACTOME_SHC_MEDIATED_CASCADE_FGFR2",-1.14193913409108,0.498990026511804,-1.49850419066352,0.184396444960054,NA,-1.3202216623773
"REACTOME_CHROMATIN_ORGANIZATION",-1.26153417017316,0.103690057355962,-1.37713822453804,0.0360081724424249,NA,-1.3193361973556
"REACTOME_ANTIGEN_PRESENTATION_FOLDING_ASSEMBLY_AND_PEPTIDE_LOADING_OF_CLASS_I_MHC",-1.43197319965457,0.168620229205095,-1.20074098198165,0.336498104032188,NA,-1.31635709081811
"REACTOME_INTERFERON_GAMMA_SIGNALING",-1.25326973566446,0.361809603794091,-1.37681452338973,0.219912562896973,NA,-1.31504212952709
"REACTOME_UB_SPECIFIC_PROCESSING_PROTEASES",-1.42634664376658,0.0305331299707237,-1.19914333679694,0.198930481283422,NA,-1.31274499028176
"REACTOME_REGULATED_PROTEOLYSIS_OF_P75NTR",-1.05569240894589,0.596736660929432,-1.56716136562279,0.110107462548015,NA,-1.31142688728434
"REACTOME_SEMA4D_INDUCED_CELL_MIGRATION_AND_GROWTH_CONE_COLLAPSE",-1.06699531642468,0.596736660929432,-1.55221340505954,0.149763698734636,NA,-1.30960436074211
"REACTOME_STIMULI_SENSING_CHANNELS",-1.30114114660266,0.192445354154884,-1.31744631142894,0.132734805036511,NA,-1.3092937290158
"REACTOME_CARGO_CONCENTRATION_IN_THE_ER",-1.35319046884567,0.240700414108239,-1.25626946995826,0.240840886586945,NA,-1.30472996940196
"REACTOME_INTRACELLULAR_SIGNALING_BY_SECOND_MESSENGERS",-1.35953088469105,0.0196397673518865,-1.24746332312291,0.107473136076222,NA,-1.30349710390698
"REACTOME_SIGNALING_BY_NOTCH1",-1.15944017158422,0.460728247875675,-1.44706663405875,0.177586824203366,NA,-1.30325340282148
"REACTOME_SIGNAL_TRANSDUCTION_BY_L1",-1.25375484705298,0.361809603794091,-1.34449695492246,0.239255447941889,NA,-1.29912590098772
"REACTOME_NON_INTEGRIN_MEMBRANE_ECM_INTERACTIONS",-1.04525436815245,0.546992821379019,-1.5511251057991,0.041393087633547,NA,-1.29818973697577
"REACTOME_OXIDATIVE_STRESS_INDUCED_SENESCENCE",-1.37847873401078,0.154490474082367,-1.21092864358379,0.291136956936987,NA,-1.29470368879729
"REACTOME_INTERLEUKIN_RECEPTOR_SHC_SIGNALING",-1.40283476195576,0.222804521973497,-1.18056046106366,0.406768985833067,NA,-1.29169761150971
"REACTOME_CHOLESTEROL_BIOSYNTHESIS",-0.807061119978381,0.926957398656176,-1.77352156063356,0.0215897813757994,NA,-1.29029134030597
"REACTOME_DAP12_SIGNALING",-1.35549037435494,0.223247626160248,-1.21189420606392,0.318814460757907,NA,-1.28369229020943
"REACTOME_N_GLYCAN_ANTENNAE_ELONGATION_IN_THE_MEDIAL_TRANS_GOLGI",-1.23047291888806,0.348339857909236,-1.33525529134655,0.207451554599739,NA,-1.28286410511731
"REACTOME_COPII_MEDIATED_VESICLE_TRANSPORT",-1.59061900465311,0.0209380304171835,-0.972817161883902,0.661852433281005,NA,-1.28171808326851
"REACTOME_FRS_MEDIATED_FGFR1_SIGNALING",-1.1989641107228,0.424723756906077,-1.35965512615078,0.249050540461583,NA,-1.27930961843679
"REACTOME_REGULATION_OF_T_CELL_ACTIVATION_BY_CD28_FAMILY",-1.22958473934548,0.252426552016155,-1.3272483188943,0.130722210089611,NA,-1.27841652911989
"REACTOME_TIE2_SIGNALING",-1.22813868999413,0.376632011605416,-1.32742312451596,0.24488468270318,NA,-1.27778090725505
"REACTOME_NETRIN_1_SIGNALING",-1.15464264201112,0.463028395220352,-1.39409325867513,0.231055900621118,NA,-1.27436795034312
"REACTOME_EPH_EPHRIN_SIGNALING",-1.03009924732598,0.604805360967575,-1.51268515164219,0.0478655205300952,NA,-1.27139219948408
"REACTOME_SEMA4D_IN_SEMAPHORIN_SIGNALING",-1.05247871664199,0.594940389648154,-1.48679593371628,0.144052819851148,NA,-1.26963732517914
"REACTOME_RECEPTOR_TYPE_TYROSINE_PROTEIN_PHOSPHATASES",-0.999627164275979,0.667563930013459,-1.52511925614783,0.132734805036511,NA,-1.2623732102119
"REACTOME_INTERLEUKIN_2_FAMILY_SIGNALING",-1.40017211481324,0.235379191900931,-1.11489822153019,0.453569223334855,NA,-1.25753516817172
"REACTOME_SUMOYLATION",-1.29195326897151,0.0913974394135129,-1.21852072527777,0.163383007903073,NA,-1.25523699712464
"REACTOME_SYNAPTIC_ADHESION_LIKE_MOLECULES",-1.038207530209,0.623115577889447,-1.45767965122279,0.162831756129651,NA,-1.2479435907159
"REACTOME_TNFR1_INDUCED_NF_KAPPA_B_SIGNALING_PATHWAY",-1.15001844610732,0.421960072595281,-1.32888709525354,0.175553935480511,NA,-1.23945277068043
"REACTOME_ACTIVATION_OF_NMDA_RECEPTORS_AND_POSTSYNAPTIC_EVENTS",-1.03464421511537,0.612091560370435,-1.44114751645445,0.115784955353869,NA,-1.23789586578491
"REACTOME_REGULATION_OF_TP53_ACTIVITY_THROUGH_ASSOCIATION_WITH_CO_FACTORS",-1.04903444285908,0.601266657870431,-1.42377217207677,0.18923043383475,NA,-1.23640330746793
"REACTOME_SEMAPHORIN_INTERACTIONS",-0.813432524495512,0.951267320040554,-1.64772483963789,0.0187855792617689,NA,-1.2305786820667
"REACTOME_MAPK_FAMILY_SIGNALING_CASCADES",-1.22943680093867,0.0698102948626973,-1.22522319744126,0.127992537637532,NA,-1.22732999918997
"REACTOME_CARGO_TRAFFICKING_TO_THE_PERICILIARY_MEMBRANE",-0.885933283086306,0.861703347088492,-1.56422370384969,0.0769562262052269,NA,-1.225078493468
"REACTOME_TP53_REGULATES_TRANSCRIPTION_OF_ADDITIONAL_CELL_CYCLE_GENES_WHOSE_EXACT_ROLE_IN_THE_P53_PATHWAY_REMAIN_UNCERTAIN",-1.37711190982777,0.216480446927374,-1.07300211157313,0.514096185737977,NA,-1.22505701070045
"REACTOME_SHC_MEDIATED_CASCADE_FGFR3",-1.06359231509845,0.588639758114458,-1.38146709384628,0.232445209343512,NA,-1.22252970447237
"REACTOME_FACTORS_INVOLVED_IN_MEGAKARYOCYTE_DEVELOPMENT_AND_PLATELET_PRODUCTION",-1.09389782973537,0.412310994959866,-1.34960193739721,0.0595905133522088,NA,-1.22174988356629
"REACTOME_TGF_BETA_RECEPTOR_SIGNALING_ACTIVATES_SMADS",-1.15523853671356,0.433571080257002,-1.28631698043664,0.202871994315845,NA,-1.2207777585751
"REACTOME_TRANSPORT_TO_THE_GOLGI_AND_SUBSEQUENT_MODIFICATION",-1.29362394704303,0.103152102920123,-1.14693013980582,0.232939997773572,NA,-1.22027704342443
"REACTOME_PROGRAMMED_CELL_DEATH",-1.07737796980235,0.473140161413408,-1.36201852342643,0.0613182888273468,NA,-1.21969824661439
"REACTOME_CASPASE_MEDIATED_CLEAVAGE_OF_CYTOSKELETAL_PROTEINS",-0.936108376313735,0.720032037020557,-1.50226355450905,0.180497921177958,NA,-1.21918596541139
"REACTOME_FCERI_MEDIATED_CA_2_MOBILIZATION",-1.54182219374765,0.101175812224954,-0.880377663560822,0.840871710526316,NA,-1.21109992865424
"REACTOME_REGULATION_OF_TNFR1_SIGNALING",-1.12008597405791,0.443680174310555,-1.29873064494889,0.215698708802339,NA,-1.2094083095034
"REACTOME_REDUCTION_OF_CYTOSOLIC_CA_LEVELS",-0.933006364769233,0.757569654246391,-1.47398658918137,0.162831756129651,NA,-1.2034964769753
"REACTOME_TRP_CHANNELS",-1.50686614217033,0.132650096410365,-0.890468259415035,0.793673281453971,NA,-1.19866720079268
"REACTOME_PHASE_I_FUNCTIONALIZATION_OF_COMPOUNDS",-1.5217596882561,0.022462326438195,-0.87165623023409,0.896542481908335,NA,-1.19670795924509
"REACTOME_PLATELET_CALCIUM_HOMEOSTASIS",-0.935270645390971,0.778698033835383,-1.44351116400646,0.147035594434067,NA,-1.18939090469872
"REACTOME_ION_TRANSPORT_BY_P_TYPE_ATPASES",-0.906105752532978,0.844376617857281,-1.45786035566194,0.105046876627973,NA,-1.18198305409746
"REACTOME_O_GLYCOSYLATION_OF_TSR_DOMAIN_CONTAINING_PROTEINS",-1.363644434604,0.212435469870711,-0.997599833664594,0.666423614603239,NA,-1.1806221341343
"REACTOME_REGULATION_OF_TP53_ACTIVITY",-1.157890225481,0.29999362629089,-1.19732248778149,0.201213873998969,NA,-1.17760635663124
"REACTOME_DEGRADATION_OF_THE_EXTRACELLULAR_MATRIX",-1.25717143691561,0.205858205351106,-1.08794489467379,0.436744407425036,NA,-1.1725581657947
"REACTOME_ANTIGEN_PROCESSING_UBIQUITINATION_PROTEASOME_DEGRADATION",-1.19518816891531,0.126402284779155,-1.14086799544031,0.245438783985219,NA,-1.16802808217781
"REACTOME_APOPTOSIS",-1.03338682091023,0.596736660929432,-1.29265947444431,0.132734805036511,NA,-1.16302314767727
"REACTOME_CLASS_I_MHC_MEDIATED_ANTIGEN_PROCESSING_PRESENTATION",-1.19208455187779,0.125730045425049,-1.13015197193999,0.209319426966757,NA,-1.16111826190889
"REACTOME_CELL_JUNCTION_ORGANIZATION",-0.874123013431029,0.902628403546508,-1.44104330736031,0.104766777912371,NA,-1.15758316039567
"REACTOME_DAP12_INTERACTIONS",-1.33795763137067,0.247957340672572,-0.976927670298533,0.696570586997686,NA,-1.1574426508346
"REACTOME_EPHRIN_SIGNALING",-0.896559530799024,0.821141700901343,-1.40993434390613,0.182570984955294,NA,-1.15324693735258
"REACTOME_KERATAN_SULFATE_DEGRADATION",-1.49768507818301,0.13898279857721,-0.790565717585825,0.869395534579779,NA,-1.14412539788442
"REACTOME_CELL_CELL_JUNCTION_ORGANIZATION",-0.958103808825295,0.720032037020557,-1.30921593919212,0.203788789142574,NA,-1.13365987400871
"REACTOME_TRAFFICKING_OF_AMPA_RECEPTORS",-0.859648377263342,0.886367102119656,-1.40638331181827,0.173321338645941,NA,-1.13301584454081
"REACTOME_SHC_MEDIATED_CASCADE_FGFR4",-0.834110546631891,0.850750651267147,-1.42150419154972,0.210407239819005,NA,-1.12780736909081
"REACTOME_GPVI_MEDIATED_ACTIVATION_CASCADE",-1.30296940420762,0.246860469373558,-0.952085324327185,0.709916307730568,NA,-1.1275273642674
"REACTOME_SIGNALING_BY_WNT",-1.06941756355391,0.436986071488505,-1.17021593126107,0.178804246600857,NA,-1.11981674740749
"REACTOME_CARNITINE_SHUTTLE",-0.864099782786252,0.859892242363362,-1.36990409351459,0.239255447941889,NA,-1.11700193815042
"REACTOME_CLASS_I_PEROXISOMAL_MEMBRANE_PROTEIN_IMPORT",-1.37487072566234,0.23575593230755,-0.843377993572547,0.852570552441186,NA,-1.10912435961744
"REACTOME_SIGNALING_BY_INTERLEUKINS",-1.20089573096947,0.123295141141183,-1.01310638355379,0.577200978212539,NA,-1.10700105726163
"REACTOME_REGULATION_OF_CDH11_EXPRESSION_AND_FUNCTION",-0.787727754177477,0.906741533437489,-1.41595978457941,0.198930481283422,NA,-1.10184376937844
"REACTOME_ADHERENS_JUNCTIONS_INTERACTIONS",-0.857601725671687,0.886367102119656,-1.3300341950193,0.186304025576044,NA,-1.09381796034549
"REACTOME_MET_ACTIVATES_PTK2_SIGNALING",-0.835708019027625,0.870402795272059,-1.33736231661097,0.240363491628631,NA,-1.0865351678193
"REACTOME_PKA_MEDIATED_PHOSPHORYLATION_OF_CREB",-0.819066100077314,0.899519151052893,-1.33061652648743,0.24488468270318,NA,-1.07484131328237
"REACTOME_SIGNALLING_TO_RAS",-0.735301297966757,0.949945847087741,-1.39507070114155,0.228817019672715,NA,-1.06518599955415
"REACTOME_ION_CHANNEL_TRANSPORT",-0.90311280964545,0.896431017426376,-1.21696647994504,0.158582796513831,NA,-1.06003964479524
"REACTOME_PROTEIN_PROTEIN_INTERACTIONS_AT_SYNAPSES",-0.904965324144166,0.86442888625699,-1.21302613764357,0.231520996927279,NA,-1.05899573089387
"REACTOME_CELL_CELL_COMMUNICATION",-0.889309369437707,0.91264990815179,-1.22490499368828,0.213009619789281,NA,-1.05710718156299
"REACTOME_EFFECTS_OF_PIP2_HYDROLYSIS",-0.755387767991184,0.960306934444866,-1.29151539401619,0.231520996927279,NA,-1.02345158100369
"REACTOME_O_LINKED_GLYCOSYLATION_OF_MUCINS",-0.673131295944106,1,-1.3122512448068,0.18923043383475,NA,-0.992691270375453
"REACTOME_PLATELET_HOMEOSTASIS",-0.665185856367263,1,-1.26100975996185,0.227776270573341,NA,-0.963097808164556
"REACTOME_MUSCLE_CONTRACTION",1.35742689714326,0.134115271835793,0.619409907211677,1,NA,0.988418402177468
"REACTOME_PHASE_II_CONJUGATION_OF_COMPOUNDS",0.591387677007511,1,1.38581882613498,0.128164221576103,NA,0.988603251571246
"REACTOME_NUCLEAR_ENVELOPE_BREAKDOWN",0.748903867287893,0.960306934444866,1.24952340003189,0.245438783985219,NA,0.999213633659892
"REACTOME_METABOLISM_OF_FOLATE_AND_PTERINES",0.691319354709131,0.964723129453682,1.33942624959728,0.245438783985219,NA,1.01537280215321
"REACTOME_GLUTATHIONE_CONJUGATION",0.518001642857464,1,1.57629491182539,0.0595905133522088,NA,1.04714827734143
"REACTOME_IMMUNOREGULATORY_INTERACTIONS_BETWEEN_A_LYMPHOID_AND_A_NON_LYMPHOID_CELL",0.869290431916455,0.879140674860519,1.27096958484804,0.197234475738039,NA,1.07013000838225
"REACTOME_INTERLEUKIN_1_SIGNALING",0.846812973106603,0.899519151052893,1.30155766549941,0.162831756129651,NA,1.07418531930301
"REACTOME_FCERI_MEDIATED_NF_KB_ACTIVATION",0.949436345501953,0.76264763836907,1.27110886610529,0.232939997773572,NA,1.11027260580362
"REACTOME_SIGNALING_BY_FGFR",1.00090213149479,0.679977502812149,1.24940307900271,0.247745901639344,NA,1.12515260524875
"REACTOME_FORMATION_OF_INCISION_COMPLEX_IN_GG_NER",0.910262117039286,0.825108737776221,1.34233597497847,0.180062868250015,NA,1.12629904600888
"REACTOME_SYNTHESIS_SECRETION_AND_DEACYLATION_OF_GHRELIN",0.897070750629715,0.794514388489209,1.39609245497109,0.202081170477317,NA,1.1465816028004
"REACTOME_MITOCHONDRIAL_FATTY_ACID_BETA_OXIDATION",0.890817444095981,0.834722400307732,1.40544162998291,0.162831756129651,NA,1.14812953703945
"REACTOME_BETA_CATENIN_INDEPENDENT_WNT_SIGNALING",1.02228080158108,0.640053789032749,1.28250886305476,0.170837245376985,NA,1.15239483231792
"REACTOME_INTRAFLAGELLAR_TRANSPORT",1.37786768616644,0.176283266358329,0.941425476467236,0.740034905414351,NA,1.15964658131684
"REACTOME_INTRINSIC_PATHWAY_OF_FIBRIN_CLOT_FORMATION",0.729925133042948,0.943194018404908,1.59115934399623,0.0769562262052269,NA,1.16054223851959
"REACTOME_CHAPERONIN_MEDIATED_PROTEIN_FOLDING",0.872275983941776,0.859892242363362,1.45576478886743,0.109536489027422,NA,1.1640203864046
"REACTOME_SIGNALING_BY_THE_B_CELL_RECEPTOR_BCR",0.981092594710312,0.720032037020557,1.35268650986764,0.115784955353869,NA,1.16688955228898
"REACTOME_HEDGEHOG_ON_STATE",1.01479545991258,0.667713176894923,1.32244692056196,0.158582796513831,NA,1.16862119023727
"REACTOME_KEAP1_NFE2L2_PATHWAY",1.05592179043734,0.606881385931508,1.28526054023284,0.221136142360007,NA,1.17059116533509
"REACTOME_ORGANELLE_BIOGENESIS_AND_MAINTENANCE",1.31156256577106,0.132650096410365,1.0364158806383,0.563021706184699,NA,1.17398922320468
"REACTOME_NUCLEAR_ENVELOPE_NE_REASSEMBLY",1.08347173702078,0.553503675385357,1.26526932995028,0.240840886586945,NA,1.17437053348553
"REACTOME_SUMOYLATION_OF_DNA_REPLICATION_PROTEINS",1.08427375683785,0.579832992406198,1.29840606179024,0.221136142360007,NA,1.19133990931405
"REACTOME_AZATHIOPRINE_ADME",1.10070460573509,0.565034289899461,1.32646909707909,0.241669563751672,NA,1.21358685140709
"REACTOME_PENTOSE_PHOSPHATE_PATHWAY",1.04897592297997,0.64358864449758,1.38010760272115,0.212369304717945,NA,1.21454176285056
"REACTOME_G_PROTEIN_ACTIVATION",1.09831770315299,0.579832992406198,1.33158961614497,0.232445209343512,NA,1.21495365964898
"REACTOME_MITOTIC_PROMETAPHASE",1.24187975280426,0.213139483519862,1.21758995835487,0.208584934957386,NA,1.22973485557957
"REACTOME_METALLOPROTEASE_DUBS",1.10999131926413,0.563455665800885,1.35360728200254,0.204552952820851,NA,1.23179930063333
"REACTOME_RHO_GTPASES_ACTIVATE_FORMINS",1.30780677163062,0.16500939998641,1.16408137544464,0.315035907318469,NA,1.23594407353763
"REACTOME_DEGRADATION_OF_BETA_CATENIN_BY_THE_DESTRUCTION_COMPLEX",1.22270609317337,0.313665971036489,1.25228103330289,0.239255447941889,NA,1.23749356323813
"REACTOME_FORMATION_OF_FIBRIN_CLOT_CLOTTING_CASCADE",0.833240998862993,0.882275244356499,1.64317109028643,0.0456978745088593,NA,1.23820604457471
"REACTOME_THROMBOXANE_SIGNALLING_THROUGH_TP_RECEPTOR",1.02144968625179,0.676112059783252,1.45885087840708,0.115096160986114,NA,1.24015028232943
"REACTOME_EPIGENETIC_REGULATION_BY_WDR5_CONTAINING_HISTONE_MODIFYING_COMPLEXES",1.19602189981999,0.351045985917292,1.28701139878488,0.181590846807344,NA,1.24151664930243
"REACTOME_TRANSCRIPTIONAL_REGULATION_BY_TP53",1.19685253671207,0.222804521973497,1.30802419572493,0.0434853024283773,NA,1.2524383662185
"REACTOME_CLASS_A_1_RHODOPSIN_LIKE_RECEPTORS",1.34169618504815,0.0718798295757708,1.16726308769569,0.264930355147873,NA,1.25447963637192
"REACTOME_EPIGENETIC_REGULATION_OF_GENE_EXPRESSION",1.27027551853632,0.205858205351106,1.24288306923551,0.198017941853365,NA,1.25657929388592
"REACTOME_RNA_POLYMERASE_III_TRANSCRIPTION",1.40012382530434,0.176283266358329,1.11637977218832,0.461205084252401,NA,1.25825179874633
"REACTOME_CLASS_B_2_SECRETIN_FAMILY_RECEPTORS",1.22015270725929,0.348339857909236,1.30973591844405,0.197234475738039,NA,1.26494431285167
"REACTOME_METABOLISM_OF_PORPHYRINS",1.05055462182447,0.635978872819146,1.49456601453814,0.13963914574918,NA,1.2725603181813
"REACTOME_PCP_CE_PATHWAY",1.16846112087776,0.399940834723443,1.3936455198336,0.110789539509305,NA,1.28105332035568
"REACTOME_ACTIVATION_OF_G_PROTEIN_GATED_POTASSIUM_CHANNELS",1.16580933151905,0.464438514631565,1.40838919546175,0.155414438502674,NA,1.2870992634904
"REACTOME_NUCLEOTIDE_BIOSYNTHESIS",1.19860448755707,0.462742718446602,1.37633213074749,0.220160366552119,NA,1.28746830915228
"REACTOME_PEPTIDE_LIGAND_BINDING_RECEPTORS",1.35067755153641,0.133798648448676,1.23869008438117,0.215698708802339,NA,1.29468381795879
"REACTOME_SIGNALING_BY_FGFR2",1.16444399828592,0.42145625061057,1.42822163554998,0.130722210089611,NA,1.29633281691795
"REACTOME_TELOMERE_EXTENSION_BY_TELOMERASE",1.21009153324269,0.429647370628605,1.38726463440254,0.175553935480511,NA,1.29867808382262
"REACTOME_INWARDLY_RECTIFYING_K_CHANNELS",1.2063506936874,0.405033267000342,1.39362834000123,0.172802315100337,NA,1.29998951684431
"REACTOME_PREGNENOLONE_BIOSYNTHESIS",1.21066541712257,0.445190426012344,1.40091184531755,0.204552952820851,NA,1.30578863122006
"REACTOME_ABC_FAMILY_PROTEINS_MEDIATED_TRANSPORT",1.09191060205538,0.546992821379019,1.52164946704847,0.0492223845043067,NA,1.30678003455192
"REACTOME_POTASSIUM_CHANNELS",1.30626036252427,0.206037869612737,1.31930944763981,0.161526351965588,NA,1.31278490508204
"REACTOME_PROTEIN_METHYLATION",1.28521386000456,0.331204011127064,1.34504604328828,0.207798811917805,NA,1.31512995164642
"REACTOME_RIBAVIRIN_ADME",1.0831949912943,0.596736660929432,1.55389597951573,0.0860062735509799,NA,1.31854548540502
"REACTOME_GPCR_LIGAND_BINDING",1.4170230188264,0.0317846594224287,1.22278867115563,0.162831756129651,NA,1.31990584499101
"REACTOME_TP53_REGULATES_METABOLIC_GENES",1.30298217799276,0.246860469373558,1.34316076021363,0.136712559088215,NA,1.3230714691032
"REACTOME_MITOTIC_G2_G2_M_PHASES",1.33457950879062,0.130219915987151,1.31575615068438,0.130250660651696,NA,1.3251678297375
"REACTOME_CITRIC_ACID_CYCLE_TCA_CYCLE",0.901022945808099,0.824220171870796,1.75331881792369,0.0175786297271468,NA,1.32717088186589
"REACTOME_HEDGEHOG_OFF_STATE",1.26491898234938,0.254491222789279,1.39065461065445,0.0913261158835261,NA,1.32778679650192
"REACTOME_MRNA_DECAY_BY_5_TO_3_EXORIBONUCLEASE",1.19213376713662,0.462260468633741,1.46981213055155,0.136712559088215,NA,1.33097294884408
"REACTOME_TRANSCRIPTIONAL_REGULATION_BY_RUNX1",1.24797895499019,0.246860469373558,1.41500075187581,0.0796972838025382,NA,1.331489853433
"REACTOME_REGULATION_OF_PTEN_GENE_TRANSCRIPTION",1.20235670736467,0.415443348233572,1.4607851042415,0.119244513995344,NA,1.33157090580309
"REACTOME_TRANSFERRIN_ENDOCYTOSIS_AND_RECYCLING",1.43757474159312,0.13647369579573,1.23258968759768,0.321888017642735,NA,1.3350822145954
"REACTOME_MTORC1_MEDIATED_SIGNALLING",1.15710692965043,0.498990026511804,1.51516716257585,0.127992537637532,NA,1.33613704611314
"REACTOME_CARBOXYTERMINAL_POST_TRANSLATIONAL_MODIFICATIONS_OF_TUBULIN",1.50124005260666,0.132650096410365,1.17921675319931,0.426466672583651,NA,1.34022840290298
"REACTOME_SENESCENCE_ASSOCIATED_SECRETORY_PHENOTYPE_SASP",1.29483440035456,0.265048674756626,1.39172620090601,0.139834003505516,NA,1.34328030063029
"REACTOME_RESOLUTION_OF_SISTER_CHROMATID_COHESION",1.39090697081032,0.112727272727273,1.30536145342515,0.139113874173635,NA,1.34813421211774
"REACTOME_HEME_BIOSYNTHESIS",1.21273945680097,0.445190426012344,1.49409783959172,0.12820134109237,NA,1.35341864819635
"REACTOME_CELLULAR_RESPONSES_TO_STIMULI",1.34708457691199,0.016142637350494,1.36171187895114,0.0112720953740016,NA,1.35439822793156
"REACTOME_BIOSYNTHESIS_OF_THE_N_GLYCAN_PRECURSOR_DOLICHOL_LIPID_LINKED_OLIGOSACCHARIDE_LLO_AND_TRANSFER_TO_A_NASCENT_PROTEIN",1.34427091183057,0.170562918765589,1.36468865636184,0.110938804723846,NA,1.3544797840962
"REACTOME_FANCONI_ANEMIA_PATHWAY",1.08019784414588,0.584948438528487,1.62879331407676,0.0392080896021374,NA,1.35449557911132
"REACTOME_MAPK6_MAPK4_SIGNALING",1.31120908877195,0.242794486215539,1.39917136517639,0.112178520656529,NA,1.35519022697417
"REACTOME_CELLULAR_SENESCENCE",1.38948048191227,0.109324305261673,1.33196152849222,0.108476621417798,NA,1.36072100520224
"REACTOME_NUCLEOTIDE_SALVAGE",1.38515760772101,0.223247626160248,1.35362718805745,0.209487768617381,NA,1.36939239788923
"REACTOME_TRANSPORT_OF_MATURE_MRNAS_DERIVED_FROM_INTRONLESS_TRANSCRIPTS",1.19915504975745,0.388849416243432,1.54233336172948,0.0796972838025382,NA,1.37074420574347
"REACTOME_MITOCHONDRIAL_PROTEIN_DEGRADATION",1.09962828773572,0.522869481347208,1.6515977754351,0.0137472791382844,NA,1.37561303158541
"REACTOME_NUCLEOTIDE_CATABOLISM",1.34401981999089,0.223247626160248,1.42262577865049,0.145403377110694,NA,1.38332279932069
"REACTOME_NUCLEAR_RNA_DECAY",1.45042877000197,0.143604477053231,1.32075811907756,0.222803077979289,NA,1.38559344453977
"REACTOME_DNA_DAMAGE_RECOGNITION_IN_GG_NER",1.34553723162941,0.23362565086325,1.43534818361674,0.135479342600727,NA,1.39044270762307
"REACTOME_AGGREPHAGY",1.44582218706706,0.15322736964528,1.33955147427119,0.228986073996828,NA,1.39268683066912
"REACTOME_RNA_POLYMERASE_III_TRANSCRIPTION_INITIATION_FROM_TYPE_3_PROMOTER",1.49871723256924,0.132885233325834,1.30244614575983,0.241050965840882,NA,1.40058168916454
"REACTOME_TRANSLOCATION_OF_ZAP_70_TO_IMMUNOLOGICAL_SYNAPSE",1.44536244167299,0.182011723598037,1.35745849349929,0.227776270573341,NA,1.40141046758614
"REACTOME_AMPLIFICATION_OF_SIGNAL_FROM_THE_KINETOCHORES",1.45349844265885,0.0709592953917896,1.35006765742982,0.109536489027422,NA,1.40178305004433
"REACTOME_ROS_AND_RNS_PRODUCTION_IN_PHAGOCYTES",1.45396662668984,0.127125045635584,1.35449718887566,0.197776157491797,NA,1.40423190778275
"REACTOME_PTEN_REGULATION",1.24416156049964,0.271107596408801,1.56562208403691,0.0333444780401594,NA,1.40489182226827
"REACTOME_TRANSLESION_SYNTHESIS_BY_POLH",1.12227099170899,0.546992821379019,1.68752458860857,0.0282865444078311,NA,1.40489779015878
"REACTOME_TNFR2_NON_CANONICAL_NF_KB_PATHWAY",1.30894379427679,0.197037109470493,1.51041544587368,0.0460828276575971,NA,1.40967962007524
"REACTOME_ESTROGEN_DEPENDENT_GENE_EXPRESSION",1.35419198753305,0.188274055255637,1.46531270574351,0.0564000999947574,NA,1.40975234663828
"REACTOME_AMINO_ACIDS_REGULATE_MTORC1",1.247709290817,0.313665971036489,1.5725965749749,0.0329415149018504,NA,1.41015293289595
"REACTOME_REGULATION_OF_RAS_BY_GAPS",1.27825155467542,0.29061710279612,1.5480235232545,0.0564000999947574,NA,1.41313753896496
"REACTOME_REGULATION_OF_RUNX3_EXPRESSION_AND_ACTIVITY",1.32543006779425,0.240700414108239,1.50296345579437,0.0688285823256312,NA,1.41419676179431
"REACTOME_TRANSPORT_OF_THE_SLBP_DEPENDANT_MATURE_MRNA",1.25621521591704,0.339330320806085,1.57684003007799,0.0526534566459343,NA,1.41652762299752
"REACTOME_CONVERSION_FROM_APC_C_CDC20_TO_APC_C_CDH1_IN_LATE_ANAPHASE",1.41246035818981,0.204786273594461,1.42537994984751,0.137245316780269,NA,1.41892015401866
"REACTOME_REGULATION_OF_PTEN_STABILITY_AND_ACTIVITY",1.28943529758926,0.261147927664832,1.5502225823882,0.0469031196913486,NA,1.41982893998873
"REACTOME_G2_M_DNA_DAMAGE_CHECKPOINT",1.47388408503443,0.0557064310281115,1.3742409301169,0.123675473220562,NA,1.42406250757566
"REACTOME_PHOSPHORYLATION_OF_THE_APC_C",1.43952618515294,0.173436276155309,1.41270813657017,0.166774120550449,NA,1.42611716086155
"REACTOME_DOWNSTREAM_SIGNALING_EVENTS_OF_B_CELL_RECEPTOR_BCR",1.29842002696059,0.254491222789279,1.55487802664383,0.032450624878016,NA,1.42664902680221
"REACTOME_CELLULAR_RESPONSE_TO_CHEMICAL_STRESS",1.31191522234284,0.16335975805343,1.5540719286167,0.0150766096125806,NA,1.43299357547977
"REACTOME_DEADENYLATION_DEPENDENT_MRNA_DECAY",1.23482135783978,0.337583001328021,1.63192534695157,0.0211573182991484,NA,1.43337335239567
"REACTOME_TRISTETRAPROLIN_TTP_ZFP36_BINDS_AND_DESTABILIZES_MRNA",1.30671546541884,0.307301474507017,1.57732633027827,0.0578765121296982,NA,1.44202089784855
"REACTOME_ER_PHAGOSOME_PATHWAY",1.30052892482054,0.277687296416938,1.61108123268824,0.0595905133522088,NA,1.45580507875439
"REACTOME_RNA_POLYMERASE_II_TRANSCRIBES_SNRNA_GENES",1.52569049436723,0.0543466798223653,1.39135918449033,0.117912059257899,NA,1.45852483942878
"REACTOME_HDACS_DEACETYLATE_HISTONES",1.43682227451255,0.116580317932651,1.48333729900439,0.0856454258367982,NA,1.46007978675847
"REACTOME_POSITIVE_EPIGENETIC_REGULATION_OF_RRNA_EXPRESSION",1.53637999717724,0.0848881249138752,1.38600043419223,0.180318138651472,NA,1.46119021568474
"REACTOME_PURINE_CATABOLISM",1.40565157336276,0.212852112676056,1.52500447269243,0.110621962622911,NA,1.46532802302759
"REACTOME_DNA_DOUBLE_STRAND_BREAK_REPAIR",1.33025932699327,0.141459761776613,1.60335442579976,0.00416112183674953,NA,1.46680687639651
"REACTOME_MISMATCH_REPAIR_MMR_DIRECTED_BY_MSH2_MSH3_MUTSBETA",1.37007763792347,0.277687296416938,1.58297071612768,0.0751972711825868,NA,1.47652417702558
"REACTOME_TRANSPORT_OF_CONNEXONS_TO_THE_PLASMA_MEMBRANE",1.66183931271671,0.0459653909689444,1.29304796527124,0.305405680545658,NA,1.47744363899398
"REACTOME_MISMATCH_REPAIR",1.27530470842189,0.356963315217391,1.68870444126197,0.0387514446689628,NA,1.48200457484193
"REACTOME_PROCESSING_OF_CAPPED_INTRONLESS_PRE_MRNA",1.40075164889085,0.176923043664365,1.57495164908854,0.0516136123168484,NA,1.48785164898969
"REACTOME_GAP_JUNCTION_ASSEMBLY",1.60806586093796,0.0444315393124954,1.37545314971005,0.190065158327523,NA,1.491759505324
"REACTOME_FORMATION_OF_RNA_POL_II_ELONGATION_COMPLEX",1.43367502646112,0.115036932572265,1.55027234886069,0.0426711996233242,NA,1.4919736876609
"REACTOME_DEGRADATION_OF_AXIN",1.35690366124718,0.205858205351106,1.63266650518606,0.041318333934368,NA,1.49478508321662
"REACTOME_REGULATION_OF_APC_C_ACTIVATORS_BETWEEN_G1_S_AND_EARLY_ANAPHASE",1.48442953816535,0.136988254076862,1.51042769669236,0.0886416033239464,NA,1.49742861742885
"REACTOME_ANTIGEN_PROCESSING_CROSS_PRESENTATION",1.30367554597006,0.23575593230755,1.69695869486068,0.0150766096125806,NA,1.50031712041537
"REACTOME_G1_S_DNA_DAMAGE_CHECKPOINTS",1.43955127596128,0.109057532401716,1.56604028599818,0.0536723073316715,NA,1.50279578097973
"REACTOME_UBIQUINOL_BIOSYNTHESIS",1.37828203948311,0.218575905292479,1.64515723538605,0.0459764537177193,NA,1.51171963743458
"REACTOME_MITOCHONDRIAL_PROTEIN_IMPORT",1.39264282942981,0.261147927664832,1.63161035745699,0.0543484434937589,NA,1.5121265934434
"REACTOME_RNA_POLYMERASE_II_PRE_TRANSCRIPTION_EVENTS",1.45361559966971,0.0769371746917448,1.58549667501344,0.0271794819522059,NA,1.51955613734158
"REACTOME_REGULATION_OF_ENDOGENOUS_RETROELEMENTS",1.43635456959194,0.163619551478006,1.60367380005789,0.0328878527236078,NA,1.52001418482492
"REACTOME_GLOBAL_GENOME_NUCLEOTIDE_EXCISION_REPAIR_GG_NER",1.302469838443,0.212435469870711,1.76314678569711,0.00301933878416169,NA,1.53280831207005
"REACTOME_M_PHASE",1.47164234722694,0.00495972477554127,1.60769046995092,0.000344841713539472,NA,1.53966640858893
"REACTOME_NONHOMOLOGOUS_END_JOINING_NHEJ",1.53933586902973,0.0718667162201646,1.54325772164139,0.0375223096959433,NA,1.54129679533556
"REACTOME_MITOTIC_SPINDLE_CHECKPOINT",1.6169056073577,0.0100531721362305,1.46742814386534,0.0392080896021374,NA,1.54216687561152
"REACTOME_PROCESSIVE_SYNTHESIS_ON_THE_C_STRAND_OF_THE_TELOMERE",1.50243904334421,0.132650096410365,1.58738056150638,0.0630168748870398,NA,1.5449098024253
"REACTOME_MITOTIC_G1_PHASE_AND_G1_S_TRANSITION",1.40874529416277,0.0820513872290072,1.68647694794883,0.00415230884267901,NA,1.5476111210558
"REACTOME_APC_C_CDC20_MEDIATED_DEGRADATION_OF_CYCLIN_B",1.53183792300782,0.108542985484988,1.57217658086152,0.115784955353869,NA,1.55200725193467
"REACTOME_METABOLISM_OF_COFACTORS",1.46872488971324,0.125730045425049,1.6353196499113,0.0516136123168484,NA,1.55202226981227
"REACTOME_MITOTIC_PROPHASE",1.36195113488291,0.150829562594268,1.75610530898733,0.0026467081177641,NA,1.55902822193512
"REACTOME_PROCESSING_OF_DNA_DOUBLE_STRAND_BREAK_ENDS",1.53950500667432,0.0292495668476073,1.58100912959605,0.0266118779384392,NA,1.56025706813519
"REACTOME_ASYMMETRIC_LOCALIZATION_OF_PCP_PROTEINS",1.4817061870199,0.0924774659283477,1.66008021575787,0.0216709951299609,NA,1.57089320138888
"REACTOME_INHIBITION_OF_THE_PROTEOLYTIC_ACTIVITY_OF_APC_C_REQUIRED_FOR_THE_ONSET_OF_ANAPHASE_BY_MITOTIC_SPINDLE_CHECKPOINT_COMPONENTS",1.56284804729447,0.0895929372662363,1.59650700307643,0.0974326054049048,NA,1.57967752518545
"REACTOME_DNA_REPAIR",1.45591072382834,0.0138870030656533,1.70875576881467,5.21813940612391e-05,NA,1.5823332463215
"REACTOME_BUTYRATE_RESPONSE_FACTOR_1_BRF1_BINDS_AND_DESTABILIZES_MRNA",1.48943061418493,0.138307692307692,1.68525761898684,0.0296841606638914,NA,1.58734411658589
"REACTOME_RUNX1_REGULATES_GENES_INVOLVED_IN_MEGAKARYOCYTE_DIFFERENTIATION_AND_PLATELET_FUNCTION",1.63263534518175,0.0232093947346368,1.56104032100022,0.0536723073316715,NA,1.59683783309098
"REACTOME_MITOCHONDRIAL_IRON_SULFUR_CLUSTER_BIOGENESIS",1.5591458346006,0.113565659835125,1.63482901605896,0.0502272903621421,NA,1.59698742532978
"REACTOME_TRANSPORT_OF_MATURE_TRANSCRIPT_TO_CYTOPLASM",1.39712514224496,0.126283555043616,1.80868354226102,0.00219269008321203,NA,1.60290434225299
"REACTOME_MITOTIC_METAPHASE_AND_ANAPHASE",1.5800973198308,0.00644997036909434,1.6276828856813,0.0011675312614815,NA,1.60389010275605
"REACTOME_TRANSLESION_SYNTHESIS_BY_POLK",1.48133915571909,0.151940612459539,1.72855603239663,0.0316954567016436,NA,1.60494759405786
"REACTOME_EPIGENETIC_REGULATION_OF_GENE_EXPRESSION_BY_MLL3_AND_MLL4_COMPLEXES",1.52375938676799,0.0718671761036749,1.70310975236491,0.0157600307959727,NA,1.61343456956645
"REACTOME_STABILIZATION_OF_P53",1.51589989813194,0.0829833404786255,1.7233435308814,0.0187660154119916,NA,1.61962171450667
"REACTOME_BRANCHED_CHAIN_AMINO_ACID_CATABOLISM",1.45023025109644,0.164490037859956,1.79090273385074,0.0148669650780431,NA,1.62056649247359
"REACTOME_MATURATION_OF_TCA_ENZYMES_AND_REGULATION_OF_TCA_CYCLE",1.42449078083496,0.183343648992504,1.82036305519033,0.00591210775875085,NA,1.62242691801264
"REACTOME_TP53_REGULATES_TRANSCRIPTION_OF_DNA_REPAIR_GENES",1.54253297178027,0.0522695469350197,1.70271644740169,0.0150766096125806,NA,1.62262470959098
"REACTOME_DNA_DAMAGE_TELOMERE_STRESS_INDUCED_SENESCENCE",1.68818206602696,0.0147204169046978,1.55760850044891,0.0306710903127306,NA,1.62289528323794
"REACTOME_ACTIVATION_OF_NF_KAPPAB_IN_B_CELLS",1.46317952163991,0.109556287067249,1.78861521185589,0.00787642138656156,NA,1.6258973667479
"REACTOME_NUCLEAR_EVENTS_MEDIATED_BY_NFE2L2",1.56101570344565,0.0627007428156553,1.69484059528896,0.0266118779384392,NA,1.62792814936731
"REACTOME_ACTIVATION_OF_ATR_IN_RESPONSE_TO_REPLICATION_STRESS",1.48483564233552,0.127125045635584,1.77146551085218,0.011435598979483,NA,1.62815057659385
"REACTOME_DEGRADATION_OF_DVL",1.51317247564748,0.0883348659781663,1.74535285945104,0.0111968693668967,NA,1.62926266754926
"REACTOME_GAMMA_CARBOXYLATION_HYPUSINYLATION_HYDROXYLATION_AND_ARYLSULFATASE_ACTIVATION",1.36585267793259,0.179818731117825,1.89374012862332,0.00151777714627208,NA,1.62979640327795
"REACTOME_POSTMITOTIC_NUCLEAR_PORE_COMPLEX_NPC_REFORMATION",1.49408698130321,0.109556287067249,1.76642870830849,0.0177066955392424,NA,1.63025784480585
"REACTOME_APC_CDC20_MEDIATED_DEGRADATION_OF_NEK2A",1.61460687487179,0.0698102948626973,1.65706088174159,0.0401968464579778,NA,1.63583387830669
"REACTOME_HDR_THROUGH_HOMOLOGOUS_RECOMBINATION_HRR",1.42066532298596,0.118009038783155,1.85826280371165,0.000930611523726276,NA,1.63946406334881
"REACTOME_RUNX1_REGULATES_TRANSCRIPTION_OF_GENES_INVOLVED_IN_DIFFERENTIATION_OF_HSCS",1.53416824549484,0.0769371746917448,1.74551680116486,0.0127505361850075,NA,1.63984252332985
"REACTOME_NUCLEOTIDE_EXCISION_REPAIR",1.42378477193993,0.0621639564998791,1.85802336992962,0.000484841447777621,NA,1.64090407093477
"REACTOME_METABOLISM_OF_AMINO_ACIDS_AND_DERIVATIVES",1.49348358306162,0.0162417912052861,1.7913523342418,4.94722964581963e-05,NA,1.64241795865171
"REACTOME_CYCLIN_A_CDK2_ASSOCIATED_EVENTS_AT_S_PHASE_ENTRY",1.64068007440142,0.0371304845361191,1.65584283462318,0.0219553886505972,NA,1.6482614545123
"REACTOME_INTERCONVERSION_OF_NUCLEOTIDE_DI_AND_TRIPHOSPHATES",1.63012880296127,0.056178527207212,1.67160404388055,0.0254681107260863,NA,1.65086642342091
"REACTOME_DNA_DAMAGE_BYPASS",1.44869426700026,0.118009038783155,1.8578507163136,0.00259970308113871,NA,1.65327249165693
"REACTOME_TELOMERE_C_STRAND_SYNTHESIS_INITIATION",1.60288814828215,0.0596089875504029,1.71160598821174,0.0253035305269272,NA,1.65724706824694
"REACTOME_DECTIN_1_MEDIATED_NONCANONICAL_NF_KB_SIGNALING",1.56324618893945,0.0627007428156553,1.75405905826093,0.0151192174223553,NA,1.65865262360019
"REACTOME_CELLULAR_RESPONSE_TO_HYPOXIA",1.58132793020188,0.0452556283061372,1.76233191791585,0.00533886675465494,NA,1.67182992405886
"REACTOME_HOMOLOGY_DIRECTED_REPAIR",1.53307943149657,0.0262150635797333,1.81236518545414,0.000477981553713046,NA,1.67272230847536
"REACTOME_CELL_CYCLE_CHECKPOINTS",1.6676652824583,0.000193399020054323,1.70255981069214,0.000108649719482783,NA,1.68511254657522
"REACTOME_DEGRADATION_OF_GLI1_BY_THE_PROTEASOME",1.54181080436272,0.0817361643288987,1.83794447746906,0.00405484235987664,NA,1.68987764091589
"REACTOME_COMPLEX_III_ASSEMBLY",1.64336909661948,0.031452339546598,1.73933823892882,0.0175768278321625,NA,1.69135366777415
"REACTOME_TRANSLESION_SYNTHESIS_BY_Y_FAMILY_DNA_POLYMERASES_BYPASSES_LESIONS_ON_DNA_TEMPLATE",1.49301945539205,0.119837706760168,1.89216229636292,0.00259970308113871,NA,1.69259087587749
"REACTOME_DETOXIFICATION_OF_REACTIVE_OXYGEN_SPECIES",1.60888677764113,0.050188441791417,1.78012262614727,0.0124444507929611,NA,1.6945047018942
"REACTOME_RNA_POLYMERASE_II_TRANSCRIPTION_TERMINATION",1.51523026693671,0.0462623971811332,1.87693871106139,0.000553792312304803,NA,1.69608448899905
"REACTOME_PROCESSIVE_SYNTHESIS_ON_THE_LAGGING_STRAND",1.51281552321356,0.126326096593205,1.87942394398767,0.00549684594226277,NA,1.69611973360062
"REACTOME_FORMATION_OF_TC_NER_PRE_INCISION_COMPLEX",1.52001110024277,0.0827267281939948,1.88390428963538,0.00209831690403142,NA,1.70195769493907
"REACTOME_SEPARATION_OF_SISTER_CHROMATIDS",1.72169331993731,0.00187499414288819,1.68637672194615,0.000477981553713046,NA,1.70403502094173
"REACTOME_GLI3_IS_PROCESSED_TO_GLI3R_BY_THE_PROTEASOME",1.60898451358115,0.0420490102832231,1.80186040849548,0.00886950782909809,NA,1.70542246103832
"REACTOME_HEDGEHOG_LIGAND_BIOGENESIS",1.61557410778387,0.0309329002459963,1.86787312346399,0.00277668674396051,NA,1.74172361562393
"REACTOME_PRC2_METHYLATES_HISTONES_AND_DNA",1.70559409759192,0.0153102383078199,1.77940182919005,0.00484921861894878,NA,1.74249796339098
"REACTOME_PROTEIN_HYDROXYLATION",1.50318525476911,0.132650096410365,1.99811274513025,0.000541045862592212,NA,1.75064899994968
"REACTOME_POLYMERASE_SWITCHING",1.57635617622721,0.0829833404786255,1.93025036820965,0.00245852736062241,NA,1.75330327221843
"REACTOME_METABOLISM_OF_NUCLEOTIDES",1.66412279904044,0.00870677550647792,1.85159811314465,0.00066285486924078,NA,1.75786045609255
"REACTOME_APC_C_MEDIATED_DEGRADATION_OF_CELL_CYCLE_PROTEINS",1.68096089587272,0.00865646921737994,1.84655330880271,0.00158492847102597,NA,1.76375710233771
"REACTOME_RNA_POLYMERASE_I_TRANSCRIPTION",1.74409152285599,0.0100373365671411,1.79035465958149,0.0076826967805834,NA,1.76722309121874
"REACTOME_RMTS_METHYLATE_HISTONE_ARGININES",1.76848111164961,0.00644255397326903,1.77431948979978,0.00624244567606929,NA,1.7714003007247
"REACTOME_SLBP_DEPENDENT_PROCESSING_OF_REPLICATION_DEPENDENT_HISTONE_PRE_MRNAS",1.81888899549077,0.0105415697855404,1.73080845084264,0.0236188400253368,NA,1.77484872316671
"REACTOME_DUAL_INCISION_IN_TC_NER",1.56055059590102,0.040565463463188,1.99218881416018,0.000309006578876004,NA,1.7763697050306
"REACTOME_G2_M_CHECKPOINTS",1.71182072258157,0.00224781734465003,1.84424366747729,0.000101445310989882,NA,1.77803219502943
"REACTOME_DUAL_INCISION_IN_GG_NER",1.50140770909378,0.0974953537166273,2.05828135525619,0.00024077809694691,NA,1.77984453217498
"REACTOME_ACTIVATION_OF_THE_PRE_REPLICATIVE_COMPLEX",1.56748430659532,0.0827267281939948,2.00165397987897,0.000721107908704616,NA,1.78456914323715
"REACTOME_AUF1_HNRNP_D0_BINDS_AND_DESTABILIZES_MRNA",1.6876313370844,0.0300514316072486,1.89328210454872,0.00259970308113871,NA,1.79045672081656
"REACTOME_THE_ROLE_OF_GTSE1_IN_G2_M_PROGRESSION_AFTER_G2_CHECKPOINT",1.6829980913732,0.0151074341842481,1.92425922735531,0.00111941679257021,NA,1.80362865936425
"REACTOME_CROSS_PRESENTATION_OF_SOLUBLE_EXOGENOUS_ANTIGENS_ENDOSOMES",1.67929833772507,0.0212058488385326,1.92857906563955,0.00145102222080925,NA,1.80393870168231
"REACTOME_KSRP_KHSRP_BINDS_AND_DESTABILIZES_MRNA",1.82078884678463,0.00977453072051409,1.80303760264814,0.00948376049389172,NA,1.81191322471639
"REACTOME_TRANSCRIPTION_COUPLED_NUCLEOTIDE_EXCISION_REPAIR_TC_NER",1.60720516035769,0.0170582787361618,2.01769466569276,9.87533979754513e-05,NA,1.81244991302523
"REACTOME_MRNA_DECAY_BY_3_TO_5_EXORIBONUCLEASE",1.68582352762737,0.0365504297131999,1.94232007182326,0.00239457009791085,NA,1.81407179972532
"REACTOME_G1_S_TRANSITION",1.72865120742787,0.00298054992437833,1.912014306123,0.000223300363136409,NA,1.82033275677543
"REACTOME_RNA_POLYMERASE_II_PROMOTER_ESCAPE",1.7250570652495,0.0141923495257501,1.92043095365681,0.000684772314679316,NA,1.82274400945316
"REACTOME_EXTENSION_OF_TELOMERES",1.67048623112348,0.015830509053043,1.98290647114936,0.000508424561502741,NA,1.82669635113642
"REACTOME_REGULATION_OF_MRNA_STABILITY_BY_PROTEINS_THAT_BIND_AU_RICH_ELEMENTS",1.74552644255639,0.00712162409899111,1.91641614679473,0.000344841713539472,NA,1.83097129467556
"REACTOME_ANTIGEN_PROCESSING_UB_ATP_INDEPENDENT_PROTEASOMAL_DEGRADATION",1.74131807083674,0.0147204169046978,1.92520561873156,0.00185194792122911,NA,1.83326184478415
"REACTOME_MITOCHONDRIAL_BIOGENESIS",1.81763541413025,0.00759401389261264,1.85294218139989,0.00523482456951063,NA,1.83528879776507
"REACTOME_FGFR2_ALTERNATIVE_SPLICING",1.68424880257998,0.0266678015592591,1.99945345268781,0.000689036890661333,NA,1.8418511276339
"REACTOME_ORC1_REMOVAL_FROM_CHROMATIN",1.70490683733525,0.0147204169046978,1.9822449205906,0.000350724036326276,NA,1.84357587896293
"REACTOME_RESOLUTION_OF_ABASIC_SITES_AP_SITES",1.71762817809484,0.0151044896805759,1.97010625072687,0.000791143728998939,NA,1.84386721441085
"REACTOME_MRNA_CAPPING",1.6896332237878,0.0326843442253092,2.00116903880437,0.00118674916948555,NA,1.84540113129608
"REACTOME_UCH_PROTEINASES",1.68850886825934,0.0100373365671411,2.00740383016199,0.000190951338035244,NA,1.84795634921066
"REACTOME_TERMINATION_OF_TRANSLESION_DNA_SYNTHESIS",1.78624512563508,0.0133085277656837,1.91079432023005,0.00362355161103099,NA,1.84851972293256
"REACTOME_LAGGING_STRAND_SYNTHESIS",1.66813022297863,0.0317846594224287,2.03774399072705,0.000477981553713046,NA,1.85293710685284
"REACTOME_SCF_SKP2_MEDIATED_DEGRADATION_OF_P27_P21",1.78508872394242,0.00658979782318839,1.92195809265639,0.00149774660854814,NA,1.8535234082994
"REACTOME_FORMATION_OF_THE_EARLY_ELONGATION_COMPLEX",1.74389675308445,0.0170582787361618,1.98721595430166,0.000870455781916005,NA,1.86555635369306
"REACTOME_CDK_MEDIATED_PHOSPHORYLATION_AND_REMOVAL_OF_CDC6",1.81411265546353,0.00411871872916167,1.9179995839936,0.00071461314428204,NA,1.86605611972856
"REACTOME_UBIQUITIN_MEDIATED_DEGRADATION_OF_PHOSPHORYLATED_CDC25A",1.77554317112581,0.0141923495257501,1.9628713589783,0.0015111234687591,NA,1.86920726505206
"REACTOME_TRANSCRIPTIONAL_REGULATION_BY_RUNX2",1.7763763365749,0.00753817555516695,1.96652595325479,0.000765112667087649,NA,1.87145114491484
"REACTOME_SNRNP_ASSEMBLY",1.73245631426844,0.0133130470899911,2.01228225187019,0.000401073453558761,NA,1.87236928306932
"REACTOME_RESOLUTION_OF_AP_SITES_VIA_THE_MULTIPLE_NUCLEOTIDE_PATCH_REPLACEMENT_PATHWAY",1.80418452238454,0.0065408197961861,1.9508796747297,0.00155241966772668,NA,1.87753209855712
"REACTOME_APC_C_CDH1_MEDIATED_DEGRADATION_OF_CDC20_AND_OTHER_APC_C_CDH1_TARGETED_PROTEINS_IN_LATE_MITOSIS_EARLY_G1",1.7844791302571,0.00579326703745939,1.97946816013661,0.000346456586604349,NA,1.88197364519685
"REACTOME_ACTIVATION_OF_APC_C_AND_APC_C_CDC20_MEDIATED_DEGRADATION_OF_MITOTIC_PROTEINS",1.82191317308179,0.00304691247869461,1.95301398076171,0.000472359291333484,NA,1.88746357692175
"REACTOME_PROCESSING_OF_CAPPED_INTRON_CONTAINING_PRE_MRNA",1.733234599647,7.73809069018832e-05,2.04403217607253,1.62254676811647e-09,NA,1.88863338785976
"REACTOME_FBXL7_DOWN_REGULATES_AURKA_DURING_MITOTIC_ENTRY_AND_IN_EARLY_MITOSIS",1.79333092889427,0.00753817555516695,1.98546936526138,0.000599358081526836,NA,1.88940014707782
"REACTOME_S_PHASE",1.75892829049944,0.000979090663854964,2.02289940978355,1.61221754372044e-06,NA,1.8909138501415
"REACTOME_SWITCHING_OF_ORIGINS_TO_A_POST_REPLICATIVE_STATE",1.76217619773107,0.00306727506890953,2.0226316028215,0.000108649719482783,NA,1.89240390027628
"REACTOME_TELOMERE_C_STRAND_LAGGING_STRAND_SYNTHESIS",1.76300054861949,0.0147691770498435,2.02789990111929,0.000493662059822609,NA,1.89545022486939
"REACTOME_BASE_EXCISION_REPAIR_AP_SITE_FORMATION",1.94203119676983,0.00114280327890896,1.87012085008491,0.00145102222080925,NA,1.90607602342737
"REACTOME_RECOGNITION_OF_DNA_DAMAGE_BY_PCNA_CONTAINING_REPLICATION_COMPLEX",1.7145338154377,0.0141923495257501,2.10029556532557,0.000276602263605617,NA,1.90741469038163
"REACTOME_CONDENSATION_OF_PROPHASE_CHROMOSOMES",1.8288678062027,0.00893052939147047,1.9913360638748,0.000553792312304803,NA,1.91010193503875
"REACTOME_MRNA_SPLICING",1.77970160656374,0.000213286851014411,2.0405439468096,6.25616414074279e-08,NA,1.91012277668667
"REACTOME_DNA_STRAND_ELONGATION",1.78038614500912,0.00992063955654929,2.05822371812216,0.000552920585574973,NA,1.91930493156564
"REACTOME_POLYMERASE_SWITCHING_ON_THE_C_STRAND_OF_THE_TELOMERE",1.78470233881057,0.00929962668498461,2.05558263438578,0.000553792312304803,NA,1.92014248659818
"REACTOME_REGULATION_OF_ORNITHINE_DECARBOXYLASE_ODC",1.79637164917793,0.0115600875907116,2.04659049473795,0.000866453731433078,NA,1.92148107195794
"REACTOME_RNA_POLYMERASE_I_TRANSCRIPTION_TERMINATION",1.98851013501975,0.00134744896971984,1.85980327958336,0.00661013296272364,NA,1.92415670730156
"REACTOME_GAP_FILLING_DNA_REPAIR_SYNTHESIS_AND_LIGATION_IN_GG_NER",1.79182915828453,0.0081221947210542,2.06961570333617,0.000344841713539472,NA,1.93072243081035
"REACTOME_DNA_REPLICATION_PRE_INITIATION",1.80393946579977,0.00187499414288819,2.16461287332287,9.33712609296086e-07,NA,1.98427616956132
"REACTOME_METABOLISM_OF_POLYAMINES",1.85993665281369,0.00658979782318839,2.13993140852617,3.87459009267246e-05,NA,1.99993403066993
"REACTOME_PCNA_DEPENDENT_LONG_PATCH_BASE_EXCISION_REPAIR",1.90023363291811,0.00352528996956737,2.1154184958896,0.00020742407102308,NA,2.00782606440386
"REACTOME_DEPOSITION_OF_NEW_CENPA_CONTAINING_NUCLEOSOMES_AT_THE_CENTROMERE",2.06845260007113,0.000109592992227459,1.97005421920972,0.000391953598095336,NA,2.01925340964042
"REACTOME_FORMATION_OF_ATP_BY_CHEMIOSMOTIC_COUPLING",2.01062117391103,0.00100973556804849,2.06808313110196,0.000211391949960286,NA,2.0393521525065
"REACTOME_INHIBITION_OF_DNA_RECOMBINATION_AT_TELOMERE",2.00716937460439,0.000647317903736098,2.07612708893199,0.000328271858557003,NA,2.04164823176819
"REACTOME_MRNA_SPLICING_MINOR_PATHWAY",1.89903904799683,0.00118340277512945,2.19979793211938,8.03267026655333e-06,NA,2.0494184900581
"REACTOME_TELOMERE_MAINTENANCE",1.93213210095147,0.000163606531625473,2.22232660024954,3.87964998907724e-07,NA,2.07722935060051
"REACTOME_COMPLEX_IV_ASSEMBLY",2.02315882320732,0.000327591760469272,2.139511252411,5.59190293904879e-05,NA,2.08133503780916
"REACTOME_PROTEASOME_ASSEMBLY",1.98733851105655,0.000597652323631673,2.20190798263051,4.25715621021498e-06,NA,2.09462324684353
"REACTOME_CHROMOSOME_MAINTENANCE",2.0234523818352,3.92444196165269e-06,2.18173400717373,3.42241503016321e-07,NA,2.10259319450447
"REACTOME_DNA_REPLICATION",1.95492793171072,2.47900691255606e-05,2.25461267481645,7.4929967610615e-09,NA,2.10477030326359
"REACTOME_BASE_EXCISION_REPAIR",2.06978653162015,3.32803110241703e-05,2.16501928432737,1.95485945782148e-06,NA,2.11740290797376
"REACTOME_AEROBIC_RESPIRATION_AND_RESPIRATORY_ELECTRON_TRANSPORT",2.12735102459652,3.22373836158705e-11,2.36481576276424,2.83642164688101e-16,NA,2.24608339368038
"REACTOME_ACTIVATION_OF_THE_MRNA_UPON_BINDING_OF_THE_CAP_BINDING_COMPLEX_AND_EIFS_AND_SUBSEQUENT_BINDING_TO_43S",2.16177000216045,6.16318264040751e-06,2.69990043975575,3.23146270605375e-15,NA,2.4308352209581
"REACTOME_RESPIRATORY_ELECTRON_TRANSPORT",2.38511669680188,2.75004353731936e-12,2.57616928318012,3.43236772836657e-16,NA,2.480642989991
"REACTOME_NONSENSE_MEDIATED_DECAY_NMD",2.21963698800136,2.6526163888089e-09,2.80615209458804,1.46800961887139e-21,NA,2.5128945412947
"REACTOME_COMPLEX_I_BIOGENESIS",2.46024128395248,3.22373836158705e-11,2.58574541116079,1.78256027735638e-12,NA,2.52299334755664
"REACTOME_MAJOR_PATHWAY_OF_RRNA_PROCESSING_IN_THE_NUCLEOLUS_AND_CYTOSOL",2.35781685037887,1.3682246383183e-13,2.81250103963178,1.91655276296433e-28,NA,2.58515894500533
"REACTOME_EUKARYOTIC_TRANSLATION_INITIATION",2.35545230983832,2.19205791433899e-11,2.97956754738976,1.91655276296433e-28,NA,2.66750992861404
"REACTOME_NONSENSE_MEDIATED_DECAY_NMD_INDEPENDENT_OF_THE_EXON_JUNCTION_COMPLEX_EJC",2.41430694411574,2.19205791433899e-11,2.99115308519402,9.73838781792616e-27,NA,2.70273001465488
"REACTOME_MITOCHONDRIAL_TRANSLATION",2.67048386050086,2.44925513360278e-19,2.93482357773655,1.94828019119284e-25,NA,2.8026537191187
"REACTOME_TRANSLATION",2.7048007060438,5.99074337074965e-30,3.22712765545253,9.3e-48,NA,2.96596418074816
