SampleID,Iron,Cobalt,Copper,Zinc,Cadmium,Manganese,Selenium,Batch,MouseID,SampleType,Genotype,Sex
G10_FP-COL,537.533,1.781,21.139,186.369,0.152,117.351,1.23,One,G10,FP-COL,WT,Male
G11_FP-COL,690.974,1.89,26.643,270.496,0.193,128.471,1.609,One,G11,FP-COL,WT,Male
G12_FP-COL,822.889,2.191,39.766,291.656,0.204,135.951,1.523,One,G12,FP-COL,WT,Male
G13_FP-COL,723.302,1.711,29.045,272.788,0.196,126.166,1.291,One,G13,FP-COL,WT,Male
G15_FP-COL,835.998,2.884,33.519,322.528,0.253,171.201,1.964,One,G15,FP-COL,WT,Male
G16_FP-COL,878.904,2.775,32.181,329.512,0.231,149.91,1.785,One,G16,FP-COL,WT,Male
G17_FP-COL,736.541,1.678,35.42,299.388,0.213,127.9,1.574,One,G17,FP-COL,WT,Male
G6_FP-COL,666.642,2.824,42.745,282.418,0.251,136.694,1.848,One,G6,FP-COL,WT,Male
G7_FP-COL,691.645,1.975,43.539,308.204,0.234,139.042,1.417,One,G7,FP-COL,WT,Male
G8_FP-COL,555.022,2.067,28.256,232.244,0.198,107.395,1.047,One,G8,FP-COL,WT,Male
J1 FP-COL,948.892,2.32,41.735,393.331,0.322,186.234,1.994,Three,J1,FP-COL,WT,Female
J10 FP-COL,837.767,1.839,55.099,378.275,0.37,148.788,1.855,Three,J10,FP-COL,WT,Female
J11 FP-COL,871.156,2.78,50.113,631.358,0.35,183.776,2.412,Three,J11,FP-COL,WT,Female
J12 FP-COL,838.543,2.376,42.475,432.115,0.344,237.478,2.081,Three,J12,FP-COL,WT,Female
J13 FP-COL,938.123,2.419,45.975,417.847,0.357,190.147,2.411,Three,J13,FP-COL,WT,Female
J14 FP-COL,1085.763,2.336,63.946,498.55,0.354,194.885,2.357,Three,J14,FP-COL,WT,Female
J15 FP-COL,757.664,1.619,48.622,383.425,0.258,130.173,2.502,Three,J15,FP-COL,WT,Female
J2 FP-COL,740.651,1.99,36.973,396.711,0.356,167.84,2.189,Three,J2,FP-COL,WT,Female
J6 FP-COL,902.237,1.684,46.833,359.511,0.321,129.424,1.959,Three,J6,FP-COL,WT,Female
J7 FP-COL,921.316,1.975,40.453,380.183,0.328,128.081,2.164,Three,J7,FP-COL,WT,Female
J9 FP-COL,1068.667,2.462,63.304,452.783,0.388,203.406,1.694,Three,J9,FP-COL,WT,Female
K1 FP-COL,900.121,2.261,37.834,376.108,0.333,145.646,2.174,Three,K1,FP-COL,MUT,Female
K10 FP-COL,737.748,2.402,44.504,381.933,0.259,139.455,2.948,Three,K10,FP-COL,MUT,Female
K11 FP-COL,813.992,2.121,47.283,444.656,0.342,181.096,2.057,Three,K11,FP-COL,MUT,Female
K2 FP-COL,842.115,2.164,32.891,351.311,0.266,149.397,2.263,Three,K2,FP-COL,MUT,Female
K3 FP-COL,992.533,1.684,43.637,359.156,0.298,138.381,1.549,Three,K3,FP-COL,MUT,Female
K5 FP-COL,956.886,1.912,31.004,320.094,0.268,119.375,1.871,Three,K5,FP-COL,MUT,Female
K6 FP-COL,648.088,1.398,32.917,338.876,0.268,110.983,1.989,Three,K6,FP-COL,MUT,Female
K7 FP-COL,644.482,1.255,30.112,301.444,0.287,146.766,1.6,Three,K7,FP-COL,MUT,Female
K8 FP-COL,694.399,1.495,27.2,312.547,0.27,138.286,1.834,Three,K8,FP-COL,MUT,Female
K9 FP-COL,312.241,1.005,44.055,146.633,0.126,136.265,0.575,Three,K9,FP-COL,MUT,Female
Y10_FP-COL,709.828,2.156,31.535,270.667,0.175,96.935,1.466,One,Y10,FP-COL,MUT,Male
Y11_FP-COL,626.186,2.246,25.274,242.601,0.156,107.359,1.672,One,Y11,FP-COL,MUT,Male
Y12_FP-COL,786.985,2.427,39.561,293.344,0.201,133.153,1.69,One,Y12,FP-COL,MUT,Male
Y13_FP-COL,650.053,2.047,42.279,299.37,0.2,116.76,1.63,One,Y13,FP-COL,MUT,Male
Y14_FP-COL,531.313,1.676,29.981,240.533,0.176,134.95,1.41,One,Y14,FP-COL,MUT,Male
Y5_FP-COL,539.601,2.051,24.62,241.041,0.234,92.701,1.411,One,Y5,FP-COL,MUT,Male
Y6_FP-COL,503.535,1.844,26.94,225.154,0.173,108.119,1.366,One,Y6,FP-COL,MUT,Male
Y7_FP-COL,527.889,1.365,25.531,239.736,0.19,87.784,1.273,One,Y7,FP-COL,MUT,Male
Y8_FP-COL,578.06,1.76,30.223,250.711,0.211,102.332,1.454,One,Y8,FP-COL,MUT,Male
Y9_FP-COL,546.23,1.646,22.159,254.93,0.193,71.952,1.182,One,Y9,FP-COL,MUT,Male
G10_FP-SI,470.279,0.739,18.376,218.478,0.143,91.826,1.189,One,G10,FP-SI,WT,Male
G11_FP-SI,308.535,0.458,14.47,243.389,0.202,112.609,1.674,One,G11,FP-SI,WT,Male
G12_FP-SI,343.841,0.744,20.335,150.692,0.161,50.616,1.884,One,G12,FP-SI,WT,Male
G13_FP-SI,446.207,1.126,18.978,190.51,0.144,81.478,1.323,One,G13,FP-SI,WT,Male
G15_FP-SI,472.051,0.517,22.755,243.665,0.178,131.141,1.431,One,G15,FP-SI,WT,Male
G16_FP-SI,475.885,0.641,18.6,239.086,0.197,132.712,1.097,One,G16,FP-SI,WT,Male
G17_FP-SI,114.365,0.147,9.096,95.997,0.138,55.077,1.142,One,G17,FP-SI,WT,Male
G6_FP-SI,100.304,0.07,5.012,45.574,0.101,33.072,1.051,One,G6,FP-SI,WT,Male
G7_FP-SI,496.893,0.752,24.3,276.422,0.241,200.929,1.177,One,G7,FP-SI,WT,Male
G8_FP-SI,422.084,0.507,22.197,263.67,0.221,111.571,1.551,One,G8,FP-SI,WT,Male
J1 FP-SI,614.447,1.301,28.137,335.137,0.311,235.451,2.942,Three,J1,FP-SI,WT,Female
J10 FP-SI,595.634,0.645,28.423,462.228,0.407,296.706,1.779,Three,J10,FP-SI,WT,Female
J11 FP-SI,53.798,0.044,3.694,55.537,0.026,6.178,1.103,Three,J11,FP-SI,WT,Female
J12 FP-SI,218.97,0.126,12.771,147.988,0.194,17.855,3.406,Three,J12,FP-SI,WT,Female
J13 FP-SI,163.667,0.094,10.854,139.298,0.148,12.628,3.758,Three,J13,FP-SI,WT,Female
J14 FP-SI,232.457,0.114,18.277,207.054,0.169,35.182,4.408,Three,J14,FP-SI,WT,Female
J15 FP-SI,481.044,0.843,34.957,285.601,0.219,149.782,2.688,Three,J15,FP-SI,WT,Female
J2 FP-SI,170.102,0.242,12.88,158.557,1.149,46.165,2.261,Three,J2,FP-SI,WT,Female
J3 FP-SI,201.669,0.089,15.376,167.001,0.225,20.621,3.162,Three,J3,FP-SI,WT,Female
J6 FP-SI,899.247,1.59,34.573,383.775,0.332,267.104,2.223,Three,J6,FP-SI,WT,Female
J7 FP-SI,735.299,0.513,18.489,248.196,0.188,128.721,1.698,Three,J7,FP-SI,WT,Female
J8 FP-SI,513.494,0.497,24.731,323.919,0.333,141.209,2.954,Three,J8,FP-SI,WT,Female
J9 FP-SI,447.713,0.648,22.299,192.186,0.177,108.436,1.311,Three,J9,FP-SI,WT,Female
K1 FP-SI,527.478,0.822,27.4,277.319,0.34,143.927,2.858,Three,K1,FP-SI,MUT,Female
K10 FP-SI,309.671,0.525,17.07,213.393,0.161,59.454,3.179,Three,K10,FP-SI,MUT,Female
K11 FP-SI,329.556,0.446,18.45,208.961,0.21,83.467,2.25,Three,K11,FP-SI,MUT,Female
K12 FP-SI,695.656,0.969,49.443,477.11,0.334,257.223,2.249,Three,K12,FP-SI,MUT,Female
K13 FP-SI,405.929,0.715,26.912,230.626,0.199,102.697,1.913,Three,K13,FP-SI,MUT,Female
K2 FP-SI,703.89,0.969,32.091,368.519,0.276,192.291,1.555,Three,K2,FP-SI,MUT,Female
K3 FP-SI,614.67,0.693,27.641,329.79,0.251,152.647,1.24,Three,K3,FP-SI,MUT,Female
K5 FP-SI,551.502,0.942,18.841,242.92,0.259,146.826,2.6,Three,K5,FP-SI,MUT,Female
K6 FP-SI,334.967,0.336,17.058,222.644,0.229,89.086,2.82,Three,K6,FP-SI,MUT,Female
K7 FP-SI,336.344,0.313,24.502,207.087,0.187,108.044,1.817,Three,K7,FP-SI,MUT,Female
K8 FP-SI,241.543,0.161,8.202,99.106,0.141,119.719,1.245,Three,K8,FP-SI,MUT,Female
K9 FP-SI,216.242,0.276,29.789,120.795,0.111,110.422,1.034,Three,K9,FP-SI,MUT,Female
Y10_FP-SI,436.251,0.958,19.298,221.383,0.225,94.371,1.64,One,Y10,FP-SI,MUT,Male
Y11_FP-SI,381.364,1.446,23.756,220.772,0.171,107.317,1.727,One,Y11,FP-SI,MUT,Male
Y12_FP-SI,421.83,0.957,30.611,228.879,0.192,105.697,1.99,One,Y12,FP-SI,MUT,Male
Y13_FP-SI,329.836,0.522,24.592,187.3,0.168,93.841,2.066,One,Y13,FP-SI,MUT,Male
Y14_FP-SI,183.774,0.586,10.705,98.61,0.129,67.208,1.565,One,Y14,FP-SI,MUT,Male
Y5_FP-SI,278.428,0.448,15.885,143.66,0.2,63.525,1.772,One,Y5,FP-SI,MUT,Male
Y6_FP-SI,117.681,0.223,7.672,61.216,0.058,19.757,0.864,One,Y6,FP-SI,MUT,Male
Y7_FP-SI,199.604,0.26,10.648,123.739,0.14,47.669,1.987,One,Y7,FP-SI,MUT,Male
Y8_FP-SI,250.814,0.425,15.401,154.728,0.152,58.577,1.964,One,Y8,FP-SI,MUT,Male
Y9_FP-SI,197.02,0.233,10.474,128.754,0.224,33.975,2.654,One,Y9,FP-SI,MUT,Male
G10_MUC-COL,118.764,0,36.913,125.251,0,6.981,0,One,G10,MUC-COL,WT,Male
G11_MUC-COL,162.875,0,32.078,87.918,0,3.355,0,One,G11,MUC-COL,WT,Male
G12_MUC-COL,221.672,0.411,29.648,133.705,0,5.262,0,One,G12,MUC-COL,WT,Male
G13_MUC-COL,386.06,0,149.587,990.004,0,6.15,0,One,G13,MUC-COL,WT,Male
G14 MUC-COL,94.098,0.161,13.665,50.695,0,4.951,0,Three,G14,MUC-COL,WT,Male
G15_MUC-COL,69.661,0,14.475,81.896,0,2.87,13.615,One,G15,MUC-COL,WT,Male
G16_MUC-COL,0,0,1.467,23.627,0,0.975,0,One,G16,MUC-COL,WT,Male
G17_MUC-COL,82.35,0,16.846,81.641,0,3.44,0,One,G17,MUC-COL,WT,Male
G6_MUC-COL,91.187,0,75.062,315.545,0,3.448,0,One,G6,MUC-COL,WT,Male
G7_MUC-COL,0,0,0,32.046,0,0,0,One,G7,MUC-COL,WT,Male
G8_MUC-COL,303.689,0,35.859,75.2,0,13.924,0,One,G8,MUC-COL,WT,Male
G9 MUC-COL,225.964,0,80.402,161.21,0,2.937,0,Three,G9,MUC-COL,WT,Male
J1 MUC-COL,51.708,0.016,7.538,53.576,0,2.061,0,Three,J1,MUC-COL,WT,Female
J10 MUC-COL,1063.058,0,54.049,541.877,0,12.506,0,Three,J10,MUC-COL,WT,Female
J11 MUC-COL,228.422,0,216.715,295.903,0,8.761,0,Three,J11,MUC-COL,WT,Female
J12 MUC-COL,155.636,0,174.394,317.262,0,10.386,0,Three,J12,MUC-COL,WT,Female
J13 MUC-COL,183.112,0,161.105,318.621,0,10.644,0,Three,J13,MUC-COL,WT,Female
J14 MUC-COL,135.054,0,76.915,179.281,0,5.92,0,Three,J14,MUC-COL,WT,Female
J15 MUC-COL,228.773,0.169,29.865,144.472,0,8.156,0,Three,J15,MUC-COL,WT,Female
J2 MUC-COL,352.685,0.379,47.094,346.254,0.103,32.325,0,Three,J2,MUC-COL,WT,Female
J6 MUC-COL,363.714,0,50.78,238.55,0,11.731,0,Three,J6,MUC-COL,WT,Female
J7 MUC-COL,405.794,0.1,51.082,279.747,0,14.087,0,Three,J7,MUC-COL,WT,Female
J9 MUC-COL,467.587,0.06,45.848,416.976,0,13.603,0,Three,J9,MUC-COL,WT,Female
K1 MUC-COL,460.477,0.113,62.996,358.09,0,21.105,0,Three,K1,MUC-COL,MUT,Female
K10 MUC-COL,173.05,0.05,132.43,188.198,0,7.542,0,Three,K10,MUC-COL,MUT,Female
K11 MUC-COL,238.078,0.115,30.062,171.529,0,6.755,0,Three,K11,MUC-COL,MUT,Female
K2 MUC-COL,1154.691,0.485,128.115,911.774,0,79.55,0,Three,K2,MUC-COL,MUT,Female
K3 MUC-COL,905.152,0.211,111.577,1005.381,0,49.218,0,Three,K3,MUC-COL,MUT,Female
K5 MUC-COL,768.885,0.532,86.603,437.645,0,50.252,0,Three,K5,MUC-COL,MUT,Female
K6 MUC-COL,229.151,0.091,207.626,1024.361,0,9.51,0,Three,K6,MUC-COL,MUT,Female
K7 MUC-COL,265.039,0.246,205.553,1109.635,0,11.358,0,Three,K7,MUC-COL,MUT,Female
K8 MUC-COL,250.946,0.131,184.172,970.802,0,12.902,0,Three,K8,MUC-COL,MUT,Female
K9 MUC-COL,221.828,0,96.233,221.998,0,7.847,0,Three,K9,MUC-COL,MUT,Female
Y10_MUC-COL,274.965,0,3908.29,12222.222,0.264,13.513,0,One,Y10,MUC-COL,MUT,Male
Y11_MUC-COL,117.73,0.414,16.19,76.451,0,14.599,0,One,Y11,MUC-COL,MUT,Male
Y12_MUC-COL,NA,0,15.505,143.565,0,3.592,0,One,Y12,MUC-COL,MUT,Male
Y13_MUC-COL,326.472,1.615,26.702,120.817,0,19.505,0,One,Y13,MUC-COL,MUT,Male
Y14_MUC-COL,54.396,0.131,8.203,63.053,0,2.354,0,One,Y14,MUC-COL,MUT,Male
Y4 MUC-COL,350.045,0.569,31.456,234.049,0,24.175,4.738,Three,Y4,MUC-COL,MUT,Male
Y5_MUC-COL,0,0,59.625,293.147,0,1.28,0,One,Y5,MUC-COL,MUT,Male
Y6_MUC-COL,115.084,0.585,65.872,159.544,0,10.078,0,One,Y6,MUC-COL,MUT,Male
Y8_MUC-COL,36.15,0,102.041,235.986,0,2.854,0,One,Y8,MUC-COL,MUT,Male
Y9 MUC-COL,293.194,0.333,91.677,173.862,0,5.855,0,Three,Y9,MUC-COL,MUT,Male
G10_MUC-SI,113.188,0.053,55.727,233.474,0.06,4.315,1.893,One,G10,MUC-SI,WT,Male
G11_MUC-SI,113.19,0.052,24.485,88.404,0.05,3.6,2.293,One,G11,MUC-SI,WT,Male
G12_MUC-SI,84.124,0,32.273,146.845,0,2.467,1.495,One,G12,MUC-SI,WT,Male
G13_MUC-SI,135.521,0.072,33.081,159.701,0.079,4.583,1.514,One,G13,MUC-SI,WT,Male
G14 MUC-SI,121.551,0.02,15.401,72.583,0.063,4.318,1.125,Three,G14,MUC-SI,WT,Male
G15_MUC-SI,69.923,0,12.602,64.56,0,3.294,3.06,One,G15,MUC-SI,WT,Male
G16_MUC-SI,103.808,0,11.689,64.334,0,3.338,2.607,One,G16,MUC-SI,WT,Male
G17_MUC-SI,54.598,0,6.849,44.374,0,2.671,0.982,One,G17,MUC-SI,WT,Male
G6_MUC-SI,90.551,0.069,55.357,198.659,0.053,5.973,1.757,One,G6,MUC-SI,WT,Male
G7_MUC-SI,99.201,0,43.138,288.405,0,3.275,0,One,G7,MUC-SI,WT,Male
G8_MUC-SI,173.144,0,43.746,117.114,0,4.349,2.552,One,G8,MUC-SI,WT,Male
G9 MUC-SI,117.581,0.037,39.036,111.292,0.035,4.767,1.133,Three,G9,MUC-SI,WT,Male
J1 MUC-SI,179.392,0.065,22.259,104.269,0.028,8.591,1.524,Three,J1,MUC-SI,WT,Female
J10 MUC-SI,186.264,0.046,27.084,141.35,0.098,10.237,4.26,Three,J10,MUC-SI,WT,Female
J11 MUC-SI,482.923,0.157,200.308,1045.64,0.239,10.773,4.251,Three,J11,MUC-SI,WT,Female
J12 MUC-SI,186.673,0.024,64.508,152.289,0,6.279,5.557,Three,J12,MUC-SI,WT,Female
J13 MUC-SI,261.053,0,227.374,510.469,0,8.813,3.457,Three,J13,MUC-SI,WT,Female
J14 MUC-SI,221.281,0.02,54.181,133.652,0,4.215,0,Three,J14,MUC-SI,WT,Female
J15 MUC-SI,176.121,0.028,18.452,80.296,0,4.152,0,Three,J15,MUC-SI,WT,Female
J2 MUC-SI,161.415,0.042,22.298,169.394,0.137,12.47,4.129,Three,J2,MUC-SI,WT,Female
J3 MUC-SI,302.868,0,32.941,224.548,0.066,13.415,2.773,Three,J3,MUC-SI,WT,Female
J6 MUC-SI,249.878,0.051,40.859,194.208,0.069,10.392,0,Three,J6,MUC-SI,WT,Female
J7 MUC-SI,200.806,0.069,31.734,176.254,0.048,10.016,3.702,Three,J7,MUC-SI,WT,Female
J8 MUC-SI,256.041,0.068,30.498,163.212,0.051,11.964,2.064,Three,J8,MUC-SI,WT,Female
J9 MUC-SI,266.904,0.053,25.061,153.294,0.123,11.385,1.318,Three,J9,MUC-SI,WT,Female
K1 MUC-SI,218.272,0.068,33.071,142.287,0.032,8.134,2.033,Three,K1,MUC-SI,MUT,Female
K10 MUC-SI,117.242,0.024,40.096,112.131,0,5.138,0,Three,K10,MUC-SI,MUT,Female
K11 MUC-SI,525.263,0.056,30.072,123.655,0,5.094,0,Three,K11,MUC-SI,MUT,Female
K12 MUC-SI,185.699,0.061,19.67,87.357,0.064,4.601,0,Three,K12,MUC-SI,MUT,Female
K13 MUC-SI,195.905,0.065,20.455,136.661,0,6.918,0,Three,K13,MUC-SI,MUT,Female
K2 MUC-SI,294.606,0.126,29.156,190.24,0.106,16.742,2.214,Three,K2,MUC-SI,MUT,Female
K3 MUC-SI,268.421,0.06,29.414,182.519,0.106,11.96,1.992,Three,K3,MUC-SI,MUT,Female
K5 MUC-SI,260.561,0.056,35.397,139.64,0,9.96,0,Three,K5,MUC-SI,MUT,Female
K6 MUC-SI,341.754,0.18,149.247,1023.827,0.102,8.257,0,Three,K6,MUC-SI,MUT,Female
K7 MUC-SI,256.603,0.07,48.15,387.437,0.147,7.003,0,Three,K7,MUC-SI,MUT,Female
K8 MUC-SI,172.633,0.112,93.447,753.44,0.117,7.978,0,Three,K8,MUC-SI,MUT,Female
K9 MUC-SI,165.537,0.016,57.888,138.849,0,4.493,0,Three,K9,MUC-SI,MUT,Female
Y10_MUC-SI,149.497,0.078,65.211,285.689,0.089,5.297,2.799,One,Y10,MUC-SI,MUT,Male
Y11_MUC-SI,87.283,0.057,13.945,61.487,0,2.731,1.063,One,Y11,MUC-SI,MUT,Male
Y12_MUC-SI,53.722,0,9.229,63.081,0,2.36,1.704,One,Y12,MUC-SI,MUT,Male
Y13_MUC-SI,133.878,0,5.411,48.081,0,6.145,0,One,Y13,MUC-SI,MUT,Male
Y14_MUC-SI,115.417,0,7.498,43.181,0,1.972,1.671,One,Y14,MUC-SI,MUT,Male
Y4 MUC-SI,275.212,0.049,27.076,158.418,0,14.646,0,Three,Y4,MUC-SI,MUT,Male
Y5_MUC-SI,136.04,0.212,135.697,813.754,0.123,4.455,0,One,Y5,MUC-SI,MUT,Male
Y6_MUC-SI,73.539,0,32.483,91.155,0,2.609,0,One,Y6,MUC-SI,MUT,Male
Y7_MUC-SI,146.01,0,111.459,229.334,0,6.612,3.061,One,Y7,MUC-SI,MUT,Male
Y8_MUC-SI,87.649,0,121.921,212.987,0,2.431,0,One,Y8,MUC-SI,MUT,Male
Y9_MUC-SI,106.643,0,67.019,132.512,0,3.514,0,One,Y9,MUC-SI,MUT,Male
G10_TS-COL,105.239,0.186,17.289,149.005,0.009,14.017,2.595,One,G10,TS-COL,WT,Male
G11_TS-COL,132.643,0.138,18.488,165.678,0,10.814,3.101,One,G11,TS-COL,WT,Male
G12_TS-COL,148.637,0.184,17.267,155.45,0.011,14.575,3.223,One,G12,TS-COL,WT,Male
G13_TS-COL,117.223,0.136,14.441,129.188,0.007,9.77,2.923,One,G13,TS-COL,WT,Male
G15_TS-COL,157.818,0.141,16.641,145.004,0,12.651,3.241,One,G15,TS-COL,WT,Male
G16_TS-COL,131.629,0.104,12.487,128.249,0,12.158,2.624,One,G16,TS-COL,WT,Male
G17_TS-COL,81.424,0.104,11.916,104.12,0.009,10.145,2.626,One,G17,TS-COL,WT,Male
G6_TS-COL,102.29,0.108,14.964,130.552,0.008,9.494,2.48,One,G6,TS-COL,WT,Male
G7_TS-COL,104.731,0.145,16.395,169.767,0,10.26,2.655,One,G7,TS-COL,WT,Male
G8_TS-COL,95.28,0.112,14.911,138.632,0,9.133,2.653,One,G8,TS-COL,WT,Male
J1 TS-COL,135.359,0.107,11.717,143.874,0.007,12.632,2.683,Three,J1,TS-COL,WT,Female
J10 TS-COL,109.941,0.072,13.242,152.317,0.008,9.81,3,Three,J10,TS-COL,WT,Female
J11 TS-COL,136.577,0.101,12.217,150.481,0.008,11.396,3.122,Three,J11,TS-COL,WT,Female
J12 TS-COL,190.379,0.109,16.942,205.397,0.008,15.796,4.271,Three,J12,TS-COL,WT,Female
J13 TS-COL,139.49,0.081,11.537,149.22,0.008,12.271,3.249,Three,J13,TS-COL,WT,Female
J14 TS-COL,86.684,0.052,7.811,94.483,0.005,7.052,1.959,Three,J14,TS-COL,WT,Female
J2 TS-COL,129.44,0.153,24.003,196.339,0.02,18.191,3.357,Three,J2,TS-COL,WT,Female
J6 TS-COL,191.469,0.159,16.845,202.066,0.014,19.308,4.249,Three,J6,TS-COL,WT,Female
J7 TS-COL,124.431,0.125,11.334,148.145,0.011,13.3,3.387,Three,J7,TS-COL,WT,Female
J9 TS-COL,146.771,0.147,13.315,163.942,0.019,16.059,3.494,Three,J9,TS-COL,WT,Female
K1 TS-COL,183.719,0.169,17.69,203.535,0.016,20.27,4.253,Three,K1,TS-COL,MUT,Female
K10 TS-COL,162.646,0.16,14.288,172.239,0.01,16.848,3.834,Three,K10,TS-COL,MUT,Female
K11 TS-COL,160.144,0.16,17.296,202.358,0.014,18.053,4.242,Three,K11,TS-COL,MUT,Female
K2 TS-COL,149.536,0.13,23.773,201.188,0.014,17.093,4.242,Three,K2,TS-COL,MUT,Female
K3 TS-COL,145.663,0.138,17.024,188.895,0.011,14.291,3.896,Three,K3,TS-COL,MUT,Female
K5 TS-COL,932.399,0.296,15.948,207.184,0.067,27.964,3.928,Three,K5,TS-COL,MUT,Female
K6 TS-COL,178.783,0.112,14.453,193.82,0.04,14.286,4.15,Three,K6,TS-COL,MUT,Female
K7 TS-COL,135.344,0.114,12.158,160.071,0.043,14.097,2.939,Three,K7,TS-COL,MUT,Female
K8 TS-COL,154.084,0.125,14.865,188.777,0.044,15.132,4.138,Three,K8,TS-COL,MUT,Female
K9 TS-COL,78.639,0.048,7.589,97.627,0.022,6.37,2.197,Three,K9,TS-COL,MUT,Female
Y10_TS-COL,141.885,0.216,20.248,169.287,0.012,12.396,2.941,One,Y10,TS-COL,MUT,Male
Y11_TS-COL,196.998,0.367,21.784,192.539,0.024,25.904,3.188,One,Y11,TS-COL,MUT,Male
Y12_TS-COL,103.275,0.187,18.084,136.114,0.01,12.914,3.029,One,Y12,TS-COL,MUT,Male
Y13_TS-COL,151.471,0.309,17.075,141.938,0.016,24.079,2.679,One,Y13,TS-COL,MUT,Male
Y14_TS-COL,153.168,0.309,20.201,167.471,0.018,24.303,3.265,One,Y14,TS-COL,MUT,Male
Y5_TS-COL,109.451,0.106,15.679,131.771,0,10.885,2.339,One,Y5,TS-COL,MUT,Male
Y6_TS-COL,92.209,0.121,13.35,111.245,0,12.264,2.091,One,Y6,TS-COL,MUT,Male
Y7_TS-COL,105.342,0.092,11.934,106.041,0,8.95,1.944,One,Y7,TS-COL,MUT,Male
Y8_TS-COL,134.303,0.109,14.03,141.165,0,10.32,2.501,One,Y8,TS-COL,MUT,Male
Y9_TS-COL,145.041,0.164,19.884,169.096,0.012,12.299,3.155,One,Y9,TS-COL,MUT,Male
G10_TS-SI,103.567,0.104,9.626,111.121,0.039,5.945,3.586,One,G10,TS-SI,WT,Male
G11_TS-SI,120.507,0.077,10.585,124.892,0.058,5.682,3.844,One,G11,TS-SI,WT,Male
G12_TS-SI,105.387,0.11,9.35,123.637,0.031,6.017,3.607,One,G12,TS-SI,WT,Male
G13_TS-SI,73.682,0.092,7.405,85.853,0.044,5.502,2.949,One,G13,TS-SI,WT,Male
G15_TS-SI,88.286,0.07,8.016,96.957,0.035,5.498,3.175,One,G15,TS-SI,WT,Male
G16_TS-SI,70.273,0.067,6.062,80.524,0.024,4.545,2.639,One,G16,TS-SI,WT,Male
G17_TS-SI,72.848,0.066,8.468,100.425,0.033,6.526,3.382,One,G17,TS-SI,WT,Male
G6_TS-SI,48.771,0.043,5.385,64.329,0.019,4.524,2.228,One,G6,TS-SI,WT,Male
G7_TS-SI,75.135,0.076,8.241,98.423,0.033,4.798,2.726,One,G7,TS-SI,WT,Male
G8_TS-SI,78.061,0.069,8.951,96.441,0.034,4.719,2.684,One,G8,TS-SI,WT,Male
J1 TS-SI,76.9,0.058,4.322,73.064,0.019,4.978,2.393,Three,J1,TS-SI,WT,Female
J10 TS-SI,41.166,0.027,3.402,50.467,0.032,3.171,1.617,Three,J10,TS-SI,WT,Female
J11 TS-SI,144.711,0.066,9.485,157.178,0.038,8.039,5.187,Three,J11,TS-SI,WT,Female
J12 TS-SI,138.08,0.071,9.856,153.957,0.049,8.376,4.861,Three,J12,TS-SI,WT,Female
J13 TS-SI,78.032,0.037,5.245,84.511,0.021,5.071,2.697,Three,J13,TS-SI,WT,Female
J14 TS-SI,74.688,0.032,5.395,80.181,0.019,4.489,2.323,Three,J14,TS-SI,WT,Female
J2 TS-SI,103.467,0.082,10.023,147.238,0.24,9.637,5.303,Three,J2,TS-SI,WT,Female
J6 TS-SI,134.926,0.097,9.797,139.391,0.053,9.392,4.629,Three,J6,TS-SI,WT,Female
J7 TS-SI,42.365,0.025,2.927,46.789,0.014,2.544,1.548,Three,J7,TS-SI,WT,Female
J9 TS-SI,33.625,0.019,2.467,38.272,0.022,2.571,1.164,Three,J9,TS-SI,WT,Female
K1 TS-SI,143.748,0.092,9.578,148.02,0.048,8.105,4.966,Three,K1,TS-SI,MUT,Female
K10 TS-SI,105.257,0.069,8.149,136.645,0.021,6.552,4.728,Three,K10,TS-SI,MUT,Female
K11 TS-SI,148.837,0.098,9.393,143.501,0.057,6.504,4.811,Three,K11,TS-SI,MUT,Female
K2 TS-SI,52.485,0.042,3.313,46.775,0.032,3.733,1.715,Three,K2,TS-SI,MUT,Female
K3 TS-SI,58.023,0.041,5.01,73.233,0.024,3.932,2.183,Three,K3,TS-SI,MUT,Female
K5 TS-SI,135.86,0.149,8.451,135.041,0.053,8.828,4.501,Three,K5,TS-SI,MUT,Female
K6 TS-SI,121.929,0.074,8.059,133.357,0.057,6.268,4.113,Three,K6,TS-SI,MUT,Female
K7 TS-SI,125.716,0.076,9.217,152.238,0.064,7.669,4.85,Three,K7,TS-SI,MUT,Female
K8 TS-SI,85.834,0.062,6.945,108.695,0.037,5.611,3.476,Three,K8,TS-SI,MUT,Female
K9 TS-SI,40.423,0.028,3.203,48.25,0.022,2.398,1.396,Three,K9,TS-SI,MUT,Female
Y10_TS-SI,52.788,0.055,5.65,65.504,0.02,3.332,2.165,One,Y10,TS-SI,MUT,Male
Y11_TS-SI,67.59,0.064,7.488,82.157,0.03,3.888,2.818,One,Y11,TS-SI,MUT,Male
Y12_TS-SI,81.907,0.086,7.81,97.659,0.029,4.914,3.22,One,Y12,TS-SI,MUT,Male
Y13_TS-SI,163.856,0.148,11.788,134.721,0.049,9.577,3.638,One,Y13,TS-SI,MUT,Male
Y14_TS-SI,96.132,0.133,8.434,105.018,0.029,5.629,3.28,One,Y14,TS-SI,MUT,Male
Y5_TS-SI,108.873,0.101,9.728,118.817,0.035,7.069,3.101,One,Y5,TS-SI,MUT,Male
Y6_TS-SI,75.549,0.069,8.204,105.777,0.018,4.437,3.062,One,Y6,TS-SI,MUT,Male
Y7_TS-SI,103.751,0.072,9.969,122.479,0.028,5.292,3.406,One,Y7,TS-SI,MUT,Male
Y8_TS-SI,125.265,0.106,9.934,122.135,0.045,5.675,3.575,One,Y8,TS-SI,MUT,Male
Y9_TS-SI,71.247,0.068,6.422,69.908,0.022,3.543,2.093,One,Y9,TS-SI,MUT,Male
G10_Blood,3725.813,0.021,2.629,23.72,0,0.061,2.986,Four,G10,Blood,WT,Male
G11_Blood,3164.237,0.013,2.286,22.854,0,0.055,2.998,Four,G11,Blood,WT,Male
G12_Blood,3123.429,0.015,2.813,23.05,0.004,0.145,3.901,Four,G12,Blood,WT,Male
G13_Blood,2932.138,0.014,2.334,21.109,0,0.049,3.615,Four,G13,Blood,WT,Male
G15_Blood,3881.182,0.022,3.389,29.672,0,0.064,4.69,Four,G15,Blood,WT,Male
G16_Blood,3962.776,0.031,3.826,30.58,0,0.07,4.817,Four,G16,Blood,WT,Male
G17_Blood,3069.892,0.008,2.847,21.914,0,0.083,3.485,Four,G17,Blood,WT,Male
G6_Blood,3944.658,0.007,3.272,30.77,0,0.064,4.493,Four,G6,Blood,WT,Male
G7_Blood,4144.641,0.008,3.481,32.881,0,0.065,4.587,Four,G7,Blood,WT,Male
G8_Blood,3577.137,0.007,2.963,27.134,0,0.118,3.89,Four,G8,Blood,WT,Male
J1_Blood,4442.122,0.007,4.027,32.603,0,0.122,5.782,Four,J1,Blood,WT,Female
J10_Blood,3993.47,0.012,4.28,32.629,0,0.07,5.783,Four,J10,Blood,WT,Female
J11_Blood,4422.108,0.009,4.6,35.152,0,0.111,5.861,Four,J11,Blood,WT,Female
J14_Blood,3033.538,0.007,2.997,23.747,0,0.084,4.698,Four,J14,Blood,WT,Female
J2_Blood,3172.961,0.196,11.128,36.117,0,0.097,5.706,Four,J2,Blood,WT,Female
J3_Blood,3468.668,0.008,3.012,28.337,0,0.078,4.339,Four,J3,Blood,WT,Female
J5_Blood,3140.815,0.006,3.06,24.787,0,0.082,5.261,Four,J5,Blood,WT,Female
J7_Blood,3360.735,0.007,3.747,28.097,0,0.102,4.619,Four,J7,Blood,WT,Female
J8_Blood,4056.275,0.008,3.877,32.565,0,0.102,6.151,Four,J8,Blood,WT,Female
J9_Blood,4171.654,0.009,4.281,35.652,0,0.116,6.187,Four,J9,Blood,WT,Female
K1_Blood,3946.661,0.016,4.32,33.85,0,0.113,5.944,Four,K1,Blood,MUT,Female
K10_Blood,4128.771,0.069,4.022,33.811,0,0.102,6.249,Four,K10,Blood,MUT,Female
K11_Blood,3856.889,0.006,3.514,32.964,0,0.099,5.362,Four,K11,Blood,MUT,Female
K2_Blood,3349.373,0.01,4.493,28.002,0,0.078,4.443,Four,K2,Blood,MUT,Female
K3_Blood,3210.377,0.01,3.524,26.655,0,0.085,4.579,Four,K3,Blood,MUT,Female
K5_Blood,2905.903,0.013,2.595,23.837,0,0.07,4.209,Four,K5,Blood,MUT,Female
K6_Blood,3024.732,0.005,2.953,23.661,0,0.061,4.616,Four,K6,Blood,MUT,Female
K7_Blood,3885.702,0.014,4.973,36.231,0,0.163,6.786,Four,K7,Blood,MUT,Female
K8_Blood,4209.276,0.008,4.064,36.664,0,0.099,6.504,Four,K8,Blood,MUT,Female
K9_Blood,3956.76,0.035,7.887,34.687,0,0.105,7.056,Four,K9,Blood,MUT,Female
Y10_Blood,4256.408,0.071,4.888,39.98,0,0.068,5.465,Four,Y10,Blood,MUT,Male
Y11_Blood,3649.271,0.01,3.52,31.191,0,0.048,4.702,Four,Y11,Blood,MUT,Male
Y12_Blood,3718.783,0.021,3.438,32.59,0,0.057,5.294,Four,Y12,Blood,MUT,Male
Y13_Blood,2465.411,0.016,2.291,21.229,0,0.033,3.59,Four,Y13,Blood,MUT,Male
Y14_Blood,2505.779,0.017,2.082,20.446,0,0.028,3.416,Four,Y14,Blood,MUT,Male
Y5_Blood,3797.076,0.008,3.862,35.633,0,0.056,4.71,Four,Y5,Blood,MUT,Male
Y6_Blood,2756.394,0.019,2.605,23.094,0,0.037,3.841,Four,Y6,Blood,MUT,Male
Y7_Blood,3963.336,0.043,3.407,35.953,0,0.052,6.244,Four,Y7,Blood,MUT,Male
Y8_Blood,3630.646,0.04,3.435,34.932,0,0.076,5.423,Four,Y8,Blood,MUT,Male
Y9_Blood,3788.66,0.018,3.396,40.123,0,0.08,4.309,Four,Y9,Blood,MUT,Male
